id,name,type,lat,lon,city,district,pincode
395733420,"Ayurvedic Hospital",hospital,13.6800047,79.350315,,,
395733450,Unknown,hospital,13.681619,79.3466609,,,
1251221123,"Rishi Valley Rural Health Center",hospital,13.6417645,78.4526879,,,
1399499308,"Government Hospital",hospital,15.7704779,77.4786118,,"Kurnool",518360
1474022647,"Ramchandra Reddy Hospital",hospital,14.4532439,79.9869999,,"Sri Potti Sriramulu Nellore",524001
1474046817,"Visakha Homeo Clinic",hospital,17.7224616,83.3094001,,,
1474440233,"Nikitha Hospital",hospital,17.7426752,83.3145614,,"Visakhapatnam",530013
1803920200,"SHKVPB Hospital",hospital,16.3558221,80.5024478,,,
1921954345,Unknown,hospital,15.9706267,80.6063695,,,
1927935880,"PHC,Kapileswarapuram",hospital,16.3234628,80.8645865,,"East Godavari",533309
2012808898,"Aruna Hospital",hospital,16.9936982,81.77651,"Rajahmundry","East Godavari",533101
2043671719,Unknown,hospital,15.782621,80.3057352,,,
2059310057,Unknown,hospital,15.7808832,80.3061199,,,
2059312906,"Chakravarthi Clinic",hospital,15.7814958,80.3057942,,,
2059312907,Unknown,hospital,15.7823579,80.3057591,,,
2059312908,Unknown,hospital,15.7822563,80.3058624,,,
2059372142,Unknown,hospital,15.7855884,80.3057792,,,
2331669857,"Lakshmi Hoapital",hospital,16.5131813,80.6642834,,,
2332948097,"pjs",hospital,16.8092249,81.5419208,,,
2332948921,"Padmaja Hospital - Seethammadhara",hospital,17.7436298,83.3146125,,"Visakhapatnam",530013
2332958446,"Government hospital",hospital,17.0704241,80.9836067,,,
2333136305,"sangamitra",hospital,15.4956512,80.0537608,,,
2392796964,"vijetha nursing home",hospital,15.5139042,80.0450924,,"Prakasam",523001
2444459615,"Old RIMS",hospital,14.4756969,78.8271089,,,
2450417028,"S.V.R.R.Hospital",hospital,13.643773,79.4075352,,,
2450419098,"SVIMS",hospital,13.642478,79.4053484,,,
2450419099,"SVIMS",hospital,13.642574,79.4064279,,,
2584526439,"General Hospital",hospital,14.1632849,77.8113596,,,
2600873707,"American Hospital",hospital,16.5049086,80.6308521,"Vijayawada",,520002
2710777723,"rao gari clinic",hospital,16.5838705,81.3862357,,,
2745116892,Unknown,hospital,16.571957,82.002992,,,
2790254280,"Uma Devi Hospital",hospital,16.5868473,82.0076599,,,
2790256731,"Area Hospital,Amalapuram",hospital,16.5875812,82.0085853,,"East Godavari",533201
2845696133,"PVR hospetal",hospital,13.2218484,79.0999566,,,
2845696146,"milatry hospetal",hospital,13.2099296,79.0993227,,,
3076334664,"Michel Hospital",hospital,16.9789629,81.7839492,,,
3076334665,"Dr.Prasad Skin & Sugar Hospital",hospital,16.9792438,81.7836834,,"East Godavari",533101
3076334666,"Surya Hospital",hospital,16.9796372,81.7839251,,"East Godavari",533101
3076334667,"Homeopati Dispensary",hospital,16.9852111,81.7811752,,,
3076334668,"Gurunath Memorial Hospital",hospital,16.9875104,81.7810427,,,
3076334669,"Sri Sai Ram Hospital",hospital,16.987684,81.7808699,,,
3076334670,"Raja Hospitals",hospital,16.9920558,81.7758982,,,
3076334671,"Aravindam Orthopaedic and Physiotherapy Centre",hospital,16.9921708,81.7757661,,"East Godavari",533101
3076334672,"Sri Ramya Ent Hospital",hospital,16.9924705,81.7759644,,,
3076334673,"Sri Satya Nursing Home",hospital,16.9928224,81.7770454,,"East Godavari",533101
3076334674,"Vishwanadha Eye and Maternity Hospital",hospital,16.9933206,81.7741381,,"East Godavari",533101
3076334675,"Lakshmi Orthopedic Hospital",hospital,16.993323,81.7756763,,,
3076334676,"Milinium Homeo Pati",hospital,16.9935196,81.7755253,,,
3076334678,"Sri Sanjivi Hospital",hospital,16.9938604,81.7738491,,,
3076334679,"Kakinada Dr.Basavayya Ayurveda Hospital",hospital,16.9940501,81.7761413,,,
3076334680,"Ambika Eye Hospital",hospital,16.9945621,81.77304,,,
3076334681,"Patanjali Chikistsalayam & Arogya Seva Kendram",hospital,16.9946426,81.7764695,,,
3076334682,"Sudharshan Ayurvedic Hospital",hospital,16.994747,81.7754102,,,
3076334683,"Vamshi Krishna Hospital",hospital,16.9947588,81.772404,,,
3076334684,"Srinivasa Hospitals",hospital,16.9948357,81.7717596,,,
3076334685,"Karunasri Hospital",hospital,16.9953264,81.7769949,"rajahmundry","East Godavari",533101
3076334686,"Aruna Homeo Hospital",hospital,16.9953686,81.7725676,,,
3076334687,"People's Hospital",hospital,16.9956227,81.8057547,,,
3076334688,"Ashwini Hospital",hospital,16.9956305,81.7713659,,,
3076334689,"Bhavan Hospital",hospital,16.995976,81.777822,,,
3076334690,"Bharat Nursing Home",hospital,16.9961753,81.7720727,,,
3076334691,"Eye Clinic",hospital,16.9968616,81.7783235,,,
3076334692,"Sri Hospital",hospital,16.9978645,81.7825339,,,
3076334693,"Rammohan Primary Health Centre",hospital,16.9979724,81.7827967,,,
3076334694,"Venkatram Nursing Home",hospital,16.99817,81.7753038,,,
3076334695,"Amma Hospital",hospital,16.9982929,81.8025949,,,
3076334696,"Postal Dispencary",hospital,16.9983393,81.7717968,,,
3076334697,"Aparna Nursing Home",hospital,16.9987228,81.7761735,,,
3076334698,"Municipal Corporation Of Rajahmudnry Dispensary",hospital,16.9989094,81.7699384,,,
3076334699,"Esi Dispencary",hospital,17.000766,81.7747698,,,
3076334700,"Municipal Corporaion Homeopati Dispensary",hospital,17.0009852,81.7961117,,,
3076334701,"Adarsh Hospital",hospital,17.0010004,81.7953068,,"East Godavari",533103
3076334702,"Dangeti Narayanaswamy Memorial Metarnity & General Hospital",hospital,17.0014059,81.7761625,,,
3076334703,"Sridhar Nursing Home",hospital,17.0016775,81.7799074,,,
3076334704,"Urban Health Centre, Ambedkarnagar",hospital,17.0020893,81.7839046,,"East Godavari",533101
3076334705,"Ayurveda Vydyashala",hospital,17.0022068,81.7684565,,,
3076334706,"Praja Vaidhyasala",hospital,17.0026016,81.775522,,,
3076334707,"Sri Maruti Nursing Home",hospital,17.002669,81.7824868,,,
3076334708,"Abhi Talli Pilla Asupatri",hospital,17.0029054,81.7843096,,,
3076334709,"Sri Srinivasa Clinic",hospital,17.0030845,81.7755068,,,
3076334711,"Vimalamma Hospital & Krishna Eye Hospital",hospital,17.0037246,81.7893841,,,
3076334712,"Sri Ramakrishna Mission Charitable Dispensary",hospital,17.0044276,81.7670061,,,
3076334713,"Pragati Hospital",hospital,17.0045361,81.7810717,,,
3076334714,"Vijaya Hopitals",hospital,17.0047609,81.7880749,,,
3076334715,"Municipal Corporation Dispensary",hospital,17.0049779,81.7803062,,,
3076334717,"Madhavi Nursing Home",hospital,17.004929,81.794898,,,
3076334718,"Dakshayani",hospital,17.0050427,81.7946801,,,
3076334719,"Sri Shanmukha Sri Rambabu Hospital",hospital,17.0051258,81.7677332,,,
3076334720,"Sri Vishnu Physiotherapy & Pain Relilf Centre",hospital,17.005944,81.7800133,,,
3076334721,"Rajyalakshmi Nursing Home",hospital,17.0052657,81.7815879,,,
3076334722,"Sri Ramya Sppech & Hearing Center",hospital,17.0053107,81.785263,,,
3076334723,"Kalyan Nursing Home",hospital,17.0054465,81.7860538,,,
3076334724,"Suguna Children Hospital",hospital,17.0055032,81.7814296,,,
3076334725,"Sri Hari Skin Hospital",hospital,17.0055417,81.7812038,,,
3076334726,"Sravanthi Hospital",hospital,17.0056313,81.7833072,,,
3076334727,"Gopala Krishna Eye Specialist",hospital,17.0056544,81.7827869,,,
3076334728,"Sri Venkateswara Hospitals",hospital,17.0056594,81.7688365,,"East Godavari",533101
3076334729,"Dr.gopi Eye Hospital",hospital,17.0056961,81.7828479,,,
3076334730,"Dr. A. Krishna Kumari",hospital,17.005774,81.7813827,,,
3076334731,"Sravani E.N.T. & Chest Hospital",hospital,17.0057948,81.7827961,,,
3076334732,"Anjana Ent Care",hospital,17.0058031,81.7819031,,,
3076341633,"Pradeep Diabatis Centre",hospital,17.0058899,81.7803053,,,
3076341634,"Dr. G.V. Gopal Sarma",hospital,17.0059084,81.7857103,,,
3076341635,"Raja Neuro And Multi Speciality Hospital Pvt Ltd",hospital,17.0059405,81.785379,,"East Godavari",533103
3076341636,"Navata Nursing Home",hospital,17.0059499,81.7880764,,,
3076341637,"Raja Emergency Hospital",hospital,17.0059927,81.7853972,,,
3076341640,"Sri Mani Orthopedic Hospital",hospital,17.0061496,81.7869819,,,
3076341641,"Swetha Hospital",hospital,17.0062208,81.7839957,,,
3076341642,"Rama Children Nursing Home",hospital,17.0063436,81.7816558,,,
3076341643,"Nest New Born Hospital",hospital,17.0063494,81.7814329,,,
3076341644,"American Neuro Hub Physiotherapy Hospital",hospital,17.0063963,81.7852228,,,
3076341645,"Sri Aditya Hospital",hospital,17.006296,81.7833831,,"East Godavari",533103
3076341646,"Surya Hospital - East Godavari",hospital,17.0065246,81.7866579,,"East Godavari",533103
3076341648,"Sri Surya Homeopathy Hospital",hospital,17.0066983,81.7849111,,,
3076341649,"Vijaya Bharti Chest Institute",hospital,17.0067393,81.795441,,,
3076341650,"Homeo Care International",hospital,17.006811,81.7811882,,,
3076341652,"Pragati Hospital",hospital,17.0068948,81.7861699,,,
3076341653,"Sita Gastro Entrology & Super Speciality Hospital",hospital,17.0069278,81.7880667,,,
3076341654,"Dr.vijaya Eye Hospital",hospital,17.0069568,81.7954634,,,
3076341655,"Sri Nanda Hospital",hospital,17.0070487,81.784046,,,
3076341656,"Vijetha Orthopedic Super Speciality Hospital",hospital,17.0070884,81.783762,,,
3076341657,"Suhasa Dental Multi Specialities Hospital",hospital,17.0070938,81.7867766,,,
3076341658,"Ushodaya E.n.t Hospital",hospital,17.0071781,81.7863515,,,
3076341659,"Sri Srinivasa Hospital",hospital,17.0071978,81.7907703,,,
3076341660,"Padma Madhavi Super Speciality Centre",hospital,17.0074179,81.7865652,,,
3076341662,"Sri Padma Madav Neuro Speciality Hospital",hospital,17.0074794,81.7862618,,,
3076341663,"Abhaya Emergency Centre",hospital,17.0074907,81.7943102,,"East Godavari",533103
3076341664,"Santi Ratna Ent Hospital",hospital,17.0075058,81.7861728,,,
3076341665,"Vakula Baby Child Hospital",hospital,17.0075257,81.7838677,,,
3076341666,"Horomnes Rjy Institute of Diabets & Endocrinology",hospital,17.0076208,81.7815055,,,
3076341667,"Nandam Hospital",hospital,17.0076219,81.7840521,,,
3076341668,"Bhavya Skin Hospital",hospital,17.0076233,81.7810271,,,
3076341669,"Sneha Hospital",hospital,17.007627,81.7871536,,,
3076341670,"Apex Hospital",hospital,17.007687,81.7912016,,,
3076341671,"Pavan Astma,t.b.and Chest Clinic",hospital,17.007689,81.7897388,,,
3076341672,"Sanjana Orthopaedic Hospital",hospital,17.0077123,81.7841309,,"East Godavari",533103
3076341673,"Coastal Cardiac And Maternity Centre",hospital,17.0077823,81.7838968,,"East Godavari",533103
3076341674,"Suraksha Emergency Hospital",hospital,17.0078054,81.7888635,,,
3076341675,"Manasa Hospital",hospital,17.0078288,81.7861115,,,
3076341676,"Srikanth Nursing Home",hospital,17.0080038,81.7895726,,,
3076341678,"Sridevi Cancer Nursing",hospital,17.0080643,81.7814609,,,
3076341679,"Siddharth Children & Maternity Hospital",hospital,17.008103,81.7755774,,"East Godavari",533101
3076341680,"Kandula Sai Diabaties Hospital",hospital,17.0081489,81.7829309,,,
3076341681,"Jaswanth Psychiatric Hospital",hospital,17.0081883,81.7852679,,,
3076341682,"Anurag Chest Hospital",hospital,17.0082199,81.7865372,,,
3076341683,"Hopes Hospital",hospital,17.0082244,81.7861912,,,
3076341684,"Nemani Kidny Centre",hospital,17.0082254,81.7863707,,,
3076341685,"Sreya Medical Speciality Centre",hospital,17.0083496,81.7815785,,"East Godavari",533103
3076341686,"Soujanya Hospita",hospital,17.0084072,81.7879144,,"East Godavari",533103
3076341687,"Navodaya Homeo Hospital",hospital,17.0084534,81.7758283,,,
3076341688,"Unani Dispensary",hospital,17.0085301,81.7748412,,,
3076341689,"Rajhmundry Hospitals",hospital,17.0086943,81.7810887,,,
3076341690,"Buddhudu Hospitals",hospital,17.0088498,81.7747867,,"East Godavari",533101
3076341691,"Sambamurthy Hospital for Nuero Surgeon",hospital,17.0093773,81.7872009,,,
3076341692,"Kranti Nursing Home",hospital,17.0105653,81.7726469,,"East Godavari",533104
3076341693,"Akkina Diabeties",hospital,17.0102148,81.7724541,,,
3076341694,"Amar Eye Hospital",hospital,17.0097411,81.7716741,,,
3076341695,"Aalapati Diabeties",hospital,17.01067,81.7723909,,,
3076341696,"Divya Hospital",hospital,17.0107453,81.7722214,,,
3076341697,"Kosuri Hospital",hospital,17.0108791,81.7759419,,,
3076341698,"Srinivasa Orthopedic Hospital",hospital,17.0109223,81.7705865,,,
3076341699,"Sri Nayana Hospital",hospital,17.0109608,81.7713333,,,
3076341700,"Royal Hospital",hospital,17.0108684,81.7729886,,"East Godavari",533104
3076341701,"Sri Poorna Primary Hospital",hospital,17.0110395,81.7909686,,,
3076341702,"Sree Latha Hospital",hospital,17.0110784,81.7717257,,"East Godavari",533104
3076341703,"Bommana Hospital",hospital,17.0109325,81.7733096,,,
3076341704,"Gangina Thalli Childern's Hospital",hospital,17.0112531,81.7719024,,"East Godavari",533104
3076341705,"Bhavathi Homeo Hospital",hospital,17.0116753,81.7722936,,,
3076341706,"Pothuri Skin & Hair Hospital",hospital,17.0121948,81.7718541,,,
3076341707,"Sarojini Dental Hospital",hospital,17.0124963,81.7718688,,,
3076341708,"Akira Eye Hospital",hospital,17.0131416,81.7716415,,"East Godavari",533104
3076341709,"Chunnilal Jaju Municipal Maternity Hospital",hospital,17.0134508,81.7726818,,,
3076341710,"Muncipal Corporation of Alopathi Hospital",hospital,17.0134786,81.7727676,,,
3076341711,"Swatantra Hospitals",hospital,17.0140744,81.7774286,,"East Godavari",533105
3076341712,"Dr. Allu Ramalingayya Homeo Hospital And College",hospital,17.0143021,81.7843141,,,
3076341713,"Vasu Hospital",hospital,17.0143276,81.7765732,,,
3076341714,"Dr.Chainulus Hospital and Anusha Critical Carecenter",hospital,17.0144747,81.7716019,,"East Godavari",533104
3076341715,"G S L Trust Cancer Hospital",hospital,17.0148228,81.776819,,,
3076341716,"Sri Rama Santhana Safalya Kendram",hospital,17.0150114,81.7811317,,,
3076341717,"Bhavani Nursing Home",hospital,17.0163942,81.7808306,,"East Godavari",533103
3076341718,"Mother Terissa Hospital",hospital,17.0173375,81.7729584,,,
3076341719,"Amrutha Hospitals",hospital,17.0178118,81.7752371,,,
3076341721,"Sri Saiteja Hospital",hospital,17.0188365,81.800639,,,
3076341722,"Sv Dattatreya Ayurvedha Hospitals",hospital,17.0192208,81.7741456,,,
3076341723,"District Hospital,Rajahmundry",hospital,17.0195969,81.7917809,,"East Godavari",533106
3076341724,"Urban Health Centre",hospital,17.0198394,81.7726437,,,
3076341725,"Goutami Eye Institute",hospital,17.0209427,81.7829255,,"East Godavari",533105
3076341726,"Ratna Mother & Child Hospital",hospital,17.0209627,81.774388,,,
3076341727,"Primary Health Centre",hospital,17.020972,81.7726002,,,
3076341729,"Chaitanya Nursing Home",hospital,17.0209835,81.7767428,"Rajahmundry","East Godavari",533105
3076341730,"Filaria Hospital",hospital,17.0215655,81.7839417,,,
3076341731,"Homeo Hospital",hospital,17.0218707,81.7946675,,,
3076341732,"Employee State Insurance Hospital",hospital,17.0223102,81.776799,,,
3076342033,"Dr.p.ramachandra Rao Orthopetic Center",hospital,17.0233664,81.7760646,,,
3076342034,"Harika Diabetes Centre",hospital,17.0233913,81.7757656,,,
3076342035,"Sarada Nursing Home",hospital,17.0240441,81.7826563,,,
3076342036,"Sushruta Nursing Home",hospital,17.0242996,81.7847058,,,
3076342037,"S.R. Hospitals",hospital,17.024538,81.7764279,,,
3076342038,"Sai Teja Hospital",hospital,17.0252764,81.8049384,,,
3076342039,"Sri Hospital",hospital,17.0261706,81.8056364,,,
3076342040,"Urban Health Centre, Anand Nagar",hospital,17.034771,81.7817019,,"East Godavari",533105
3076345360,"Geetha Mullapudi Superspeciality Dental Hospital",hospital,16.9941919,81.7758721,,"East Godavari",533101
3092022472,"Santhi Homoeo Clinic",hospital,15.1619769,77.3813452,"Guntakal",,515801
3265317980,"Jyothi Nursing Home",hospital,17.739081,83.3229595,,,
3544419024,Unknown,hospital,17.0078781,81.7925295,,,
3606914653,"Apollo hospitals",hospital,14.4383093,79.9927557,"Nellore",,524002
3641807907,"TTD Central Hospital",hospital,13.6423928,79.4209825,"Tirupati",,517501
3667366936,"Sarada Children Hospital",hospital,16.1189353,80.9386323,,,
3667866582,"Rajya Lakshmi Hospital",hospital,16.1156532,80.9340363,,,
3816616917,"Government General Hospital",hospital,15.4878222,80.0470868,"Ongole","PRAKASAM",523001
4172136518,"Primary care hospital",hospital,16.8440189,81.6887678,,,
4178853767,"Prasanthi Dental Clinic",hospital,14.1635698,77.8119611,,,
4178874409,"Dr Rao's Ayurveda&Yoga Centre",hospital,14.1539719,77.8110502,,,
4193108392,"municipal health centre",hospital,16.5429438,80.6136326,,,
4238854006,"Srinivasa hospital",hospital,15.5106195,80.0375001,,,523002
4242596694,"Durga",hospital,15.5050529,80.0299742,,,
4247981717,"Primary Health Center,Pedabondapalli",hospital,18.7513835,83.3732473,"pedabondapalli","Vizianagaram",535522
4267548789,"Durga Nursing Home",hospital,17.7362275,83.2713316,,,530008
4300123533,"ARAVIND EYE CARE CENTRE",hospital,14.4772826,78.8273311,,,
4314911526,"Government Hospital",hospital,18.6607794,84.3008022,,"Srikakulam",532201
4541095944,"Rama Hospitals",hospital,17.7375272,83.3071191,,"Visakhapatnam",530013
4568276771,"kalavathi hospital",hospital,17.7824442,83.2706719,,,
4568465189,"LV Prasad Eye Hospital",hospital,17.7568569,83.3309144,,"Visakhapatnam",530040
4585130457,"RV Srinu Gayathri Medical Shop",hospital,16.0773238,78.9136153,,,
4591335310,"Hospital",hospital,17.0688905,81.8745037,,,
4594101042,"Harinadh clinic",hospital,16.357883,80.5308101,,,
4635870145,"KIMS (formerly Queens NRI Hospital)",hospital,17.7404353,83.3080536,,"Visakhapatnam",530013
4639328935,"Venkataratnam hospital",hospital,16.8176991,81.527139,"Tadepalligudem",,534101
4662278230,"Government Hospital",hospital,14.6982401,76.8513762,"Rayadurg","Anantapur",515865
4779530466,"Kamakshi Care Multispeciality Hospital",hospital,15.8289434,80.3591136,"Chirala",,
4785553000,"GOVT.HOSPITAL PITHAPURAM",hospital,17.1079656,82.2496698,,,
4796666412,"Government Primary Hospital",hospital,18.6872123,83.9488338,"Hiramandalam","Srikakulam",532459
4799206480,"Sri Venkateshwara Nursing Hospital",hospital,17.7147802,83.307414,,,
4801326526,"Amulya Hospitals",hospital,17.7154685,83.3086985,"visakhapatnam",,530002
4896583363,"Kala Hospital",hospital,17.7288521,83.3056846,,"Visakhapatnam",530016
5030732983,"Sri Lakshmi Super Speciality Hospitals",hospital,16.3028914,80.4481909,,,
5036963303,"Manipal Super Specialty Hospital",hospital,16.484403,80.6168828,,"Krishna",522501
5073987044,"Government Area Hospital, Tuni",hospital,17.3550181,82.5406625,"Tuni","East Godavari",533401
5073997896,Unknown,hospital,17.3543381,82.5426611,"Tuni",,533401
5080788437,Unknown,hospital,17.6898203,83.2381269,,,
5080788438,Unknown,hospital,17.6894856,83.2381055,,,
5080788439,Unknown,hospital,17.6895392,83.2377058,,,
5080788440,Unknown,hospital,17.6894958,83.2369816,,,
5080788441,Unknown,hospital,17.689023,83.2363406,,,
5080788450,Unknown,hospital,17.6896287,83.236405,,,
5358202387,"Animals hospital",hospital,16.3973328,80.6243555,,,
5358841877,"Prabutva chiktsa kendram",hospital,16.3805033,80.65888,,,
5411450283,"Rural Development Trust Hospital",hospital,14.5125548,77.7717834,,,
5444428221,"Puvvada hospitl",hospital,16.2369317,80.0465096,,,
5444466023,"Krishna narshing home",hospital,16.2370884,80.0460165,,,522601
5444466024,"GBR hospital",hospital,16.2371688,80.0455151,,,
5444471521,"Dental hospital",hospital,16.2375546,80.0439506,,,
5444495027,"Pujita hospatal",hospital,16.2353515,80.0467121,,,
5444519721,"SAI TIRUMALA SUPER SPECIALITY HOSPATAL",hospital,16.2354577,80.0470138,,,
5444696321,"R.R.SUPERSPECIAlITY DENTAL HOSPITAl",hospital,16.2262238,80.0497111,,,
5444786523,"Harinadh thalli pillala hospital",hospital,16.2348531,80.0500588,,,522601
5445302242,"Abhaya Multispecialty Hospitals",hospital,16.479273,79.8947886,,"Guntur",522413
5445322027,"Dr Anji Reddy Multispeciality Hospitals Pvt Ltd",hospital,16.4787419,79.8936467,,"Guntur",522413
5445323322,"Palnadu Hospital",hospital,16.4800492,79.8917929,,"Guntur",522413
5445735523,"Konda Reddy Hospital",hospital,16.3971726,80.1508068,,,
5445761635,"MD Super Speciality dental clinic",hospital,16.2379964,80.0543307,,,
5445770329,"Apoorva hospital",hospital,16.395932,80.1507027,,,
5445773638,"Meghna Hospital",hospital,16.3961278,80.1511343,,"Guntur",522403
5445787721,"Jetty srinivasa rao hospital",hospital,16.3960215,80.1506745,,,
5446014921,"Kandapalli Children Hospital",hospital,16.2401059,80.0377587,,,
5447247522,"Dr.Kodela Sivaprasadarao Hospital",hospital,16.23827,80.0541775,,,
5447274321,"Marri Peddiah Hospital",hospital,16.2383053,80.0538773,,,
5489367680,Unknown,hospital,14.0230111,80.0881682,,,
5577103922,"K K Nursing Home",hospital,14.6789441,77.602921,,"Anantapur",515001
5640977623,"Lakshmi firstaid centre",hospital,16.4519968,80.609687,,,
5640989737,"Xerox",hospital,16.4626543,80.6176118,,,
5641015123,"Amma first aid center",hospital,16.4543877,80.6098436,,,
5641482325,"Venkateswara Medicals and Fancies",hospital,16.463059,80.6172565,,,
5798458939,"Dr. VJs Cosmetic Surgery& Hair Transplantation Centre",hospital,17.7236037,83.2984784,,,
5920916730,"Sri Devi Children's Hospital",hospital,14.9053993,78.0112076,"Tadipatri",,
6183032185,"Sri Vidya hospital",hospital,16.4799758,80.6162752,,,522501
6183059585,"Sri Sai diagnostics",hospital,16.4815832,80.6130132,,,522501
6202780696,"Usha Eye Hospital",hospital,16.4928039,80.6655392,,,
6204702087,"Hospital",hospital,16.5433645,81.5122084,,,
6207258187,"Venkata Homeo Hospital",hospital,16.5439347,81.5157417,,,
6207258188,"Skin Clinic",hospital,16.5368477,81.5160411,,,
6207293487,"Pallavi Hospital",hospital,16.5425659,81.5162,,"West Godavari",534201
6207604885,"Savitri Hospital",hospital,16.4872534,80.6786121,,,
6219653765,"Annapurna Hospitals",hospital,17.0190237,81.7757004,"Rajahmundry",,533104
6293986147,"Maxivision",hospital,16.4985321,80.6551523,,,
6308256215,Unknown,hospital,17.0061239,81.795246,,,
6317961521,"ZPPH School",hospital,16.5881396,81.4526034,"Undi",,534199
6576960278,"Arogyavaram Medical Centre",hospital,13.5975792,78.5303271,,,
6628808944,"St. Joseph's Hospital",hospital,17.7113427,83.3120581,,"Visakhapatnam",530002
6628820476,"shantiniketan mental health centre",hospital,17.710893,83.3118425,,,
6628861067,"Mycure hospital",hospital,17.7120173,83.3146963,,,
6628946789,"Surya skin care",hospital,17.7141226,83.3143316,,,
6629033364,"Krishna Hospital",hospital,17.7100754,83.3109627,,"Visakhapatnam",530002
6629035082,"Aaradhya fertility centre",hospital,17.7149198,83.3128724,,,
6629036947,"Sagar Durga Hospital",hospital,17.7086688,83.3109667,,"Visakhapatnam",530002
6629071967,"Shri Venkataramana Hospital",hospital,17.7090399,83.3111357,,"Visakhapatnam",530002
6629428979,"ABC hospital",hospital,17.7070739,83.3090178,,,
6629457613,"Apex hospital",hospital,17.7075645,83.3089749,,,
6629460182,"Usa hospital",hospital,17.7078558,83.3087882,,,
6635493113,"Simhadri Hospital",hospital,17.7082343,83.3104939,,"Visakhapatnam",530002
6635506599,"Apollow pharmacy",hospital,17.7082036,83.3099146,,,
6635515144,"Nature cure hospital",hospital,17.7076415,83.3111377,,,
6635545548,"Life  medical centre",hospital,17.7076108,83.308198,,,
6635549621,"Doctors care medical centre",hospital,17.7079072,83.3093781,,,
6635561459,"Sriddha hospital",hospital,17.7081218,83.3094103,,,
6711948950,"Pinnacle",hospital,17.7636985,83.3082425,,,
6711993032,"Q1 Hospitals",hospital,17.7624241,83.3078726,,,
6712009588,"GIMS",hospital,17.7620819,83.3116458,,,
6755500436,"Life Care Hospital",hospital,14.9114075,79.9904116,,"SPSR Nellore",524201
6755520212,"Amma Hospital - SPSR Nellore",hospital,14.4482999,79.9844328,,"SPSR Nellore",524001
6755526825,"Kamalakar Hospital",hospital,17.0067421,81.7895664,,"East Godavari",533103
6755526826,"Apex Hospital",hospital,17.7067706,83.3090204,,"Visakhapatnam",530002
6755533201,"Dhulipalla Hospital Pvt Ltd",hospital,16.3001348,80.4500753,,"Guntur",522001
6755536720,"Vadlamudi Hospital",hospital,16.245762,80.6433933,,"Guntur",522201
6755537517,"SPSR Nellore Hospital and Research Center",hospital,14.4434422,79.978571,,"SPSR Nellore",524001
6755537527,"Kalyana Chakravarthy Hospitals",hospital,14.7535141,78.5496008,,"Y.S.R Kadapa",516360
6755557728,"Nikhil Nursing Home",hospital,14.7538308,78.5493778,,"Y.S.R Kadapa",516360
6755561975,"Kandukuri Hospital",hospital,14.9167912,79.9952169,,"SPSR Nellore",524201
6755563664,"Katya Nursing Home",hospital,14.7534032,78.5486613,,"Y.S.R Kadapa",516360
6755567415,"J.K Hospital",hospital,16.2437307,80.6464264,,"Guntur",522201
6755568703,"Ganga Kumari Memorial Children Nursing Home",hospital,16.2393552,80.6511432,,"Guntur",522201
6755570870,"Bommidala Cancer Institute",hospital,16.3311243,80.4868162,,"Guntur",522509
6755578691,"Bhavya Nursing Home",hospital,14.7541055,78.5487767,,"Y.S.R Kadapa",516360
6755583529,"Vijaya Eye Hospital - Kadapa",hospital,14.7531049,78.5485688,,"Y.S.R Kadapa",516360
6755700654,"Mediline Hospital",hospital,16.3036768,80.4616338,,"Guntur",522001
6755704088,"Ala Hospital",hospital,16.3136909,80.4374329,,"Guntur",522002
6755719494,"Sree Geetha Eye Hospital",hospital,16.3093417,80.4327154,,"Guntur",522007
6755725918,"Sanjivi Orthopaedic and Physiotherapy Centre",hospital,16.3104334,80.4334114,,"Guntur",522007
6755743904,"Chandamama Hospital",hospital,16.5058331,80.6630222,,"Krishna",520001
6755751406,"Vijaya Nursing Home - Anantapur",hospital,14.6651404,77.6096823,,"Anantapur",515001
6755778855,"Sri Venkateswara Super Speciality Hospitals",hospital,14.6753847,77.6021583,,"Anantapur",515001
6755909682,"Sri Ramana Childrens Hospital",hospital,16.7543134,81.682099,,"West Godavari",534211
6755929137,"Guntur City Hospital",hospital,16.2991437,80.4503153,,"Guntur",522001
6755989168,"Srikanth Nursing Home",hospital,16.5514527,79.6376744,,"Guntur",522415
6756005430,"Prameela Hospital",hospital,13.6350432,79.4196671,,"Chittoor",517501
6757113868,"Radha Narayan Hospital For Women And Children",hospital,13.6211704,79.420559,,"Chittoor",517505
6757258206,"Sree Sravana Nursing Home",hospital,16.7165678,81.8946701,,"East Godavari",533223
6757264567,"Sankara Eye Hospital - Guntur",hospital,16.3502725,80.493169,,"Guntur",522509
6757283946,"Hyma Hospital - Prakasam",hospital,15.8158919,80.3448247,,"Prakasam",523155
6757301149,"Amma Hospital",hospital,16.2966008,80.4530364,,"Guntur",522201
6757327016,"Sree Radha Krishna Nursing Home",hospital,16.3933495,80.1501279,,"Guntur",522403
6758230160,"Abhaya Kidney Care Multispeciality Hospital",hospital,14.6786182,77.5999828,,"Anantapur",515001
6758314954,"Health Care Global Curie City Cancer Centre - Vijayawada",hospital,16.5238862,80.6550537,,"Krishna",520004
6758338965,"Mythri Hospitals",hospital,14.68038,77.6009577,,"Anantapur",515001
6758342894,"Ravitej Nursing Home",hospital,14.6797897,77.6007579,,"Anantapur",515001
6758346079,"Meda Nursing Home",hospital,14.6885257,77.5970846,,"Anantapur",515001
6758383160,"Varun Children's Hospital",hospital,14.6814256,77.5991499,,"Anantapur",515001
6758413694,"Sri Sai Kurpa Nursing Home",hospital,14.6791501,77.5979832,,"Anantapur",515001
6758417361,"Dr. V. K. R. Nursing Home and Scan Centre",hospital,13.2158743,79.1021472,,"Chittoor",517001
6758424262,"Sri Sai Balaji Hospital",hospital,14.6812219,77.5981227,,"Anantapur",515001
6758424273,"Divyasree Hospital",hospital,14.6770296,77.5984546,,"Anantapur",515002
6758436443,"Sri Satya Sai Hospital",hospital,14.4773381,78.832781,,"Y.S.R Kadapa",516002
6758436825,"Kamala Nursing Home - East Godavari",hospital,16.8341812,82.031495,,"East Godavari",533255
6758437114,"Bharathi Hospital - Y.S.R",hospital,14.4607151,78.8237312,,"Y.S.R Kadapa",516001
6758440718,"G. S. R. Heart Care Centre",hospital,14.4756435,78.8298628,,"Y.S.R Kadapa",516001
6758443699,"Dj Clinic",hospital,17.7440297,83.3354643,,"Visakhapatnam",530014
6758445014,"Priyatham Hospital",hospital,14.4736568,78.8290501,,"Y.S.R Kadapa",516001
6758446275,"Srija Rainbow Childrens Hospital",hospital,14.477377,78.8325986,,"Y.S.R Kadapa",516001
6758447310,"Palla Krishnaiah Memorial And Nursing Home",hospital,14.4750046,78.8239063,,"Y.S.R Kadapa",516001
6758449423,"Swetha Ent Hospital",hospital,14.6757031,77.6022868,,"Anantapur",515001
6758449590,"Suresh Ortho Hospital",hospital,16.4956331,80.6642859,,"Krishna",520010
6758450191,"Baby Hospital (Hyma Test Tube Baby Centre)",hospital,14.6755195,77.6017812,,"Anantapur",515001
6758450292,"Jeevana Jyothi Hospitals",hospital,14.6804513,77.6031585,,"Anantapur",515001
6758450297,"Hrudaya Children Hospital",hospital,14.6750583,77.6020387,,"Anantapur",515001
6758450859,"Mamatha Nursing Home",hospital,14.6756966,77.6021963,,"Anantapur",515004
6758451927,"Sudhir Surgical Clinic",hospital,14.6771055,77.602838,,"Anantapur",515001
6758452538,"Balaji Nursing Home",hospital,14.476085,78.8373113,,"Y.S.R Kadapa",516001
6758453896,"Deepa Nursing Home",hospital,14.476507,78.8386899,,"Y.S.R Kadapa",516002
6758454466,"Priya Multispeciality Hospital",hospital,14.6750155,77.6014875,,"Anantapur",515001
6758460529,"Sri Chakra Hospitals",hospital,13.6360533,79.4210585,,"Chittoor",517501
6758460538,"Suma Eye Clinic",hospital,14.6755539,77.6029426,,"Anantapur",515001
6758461386,"Dr G R K R Multi Speciality Hospital",hospital,14.4768408,78.8335964,,"Y.S.R Kadapa",516002
6758464077,"Dr.Ysr Memorial Hospitals",hospital,14.6754929,77.6031598,,"Anantapur",515001
6758466787,"Purna's Remedy Hospital - Tirupathi",hospital,13.6473826,79.4174114,,"Chittoor",517501
6758466903,"Vurimi Savitramma Hospital",hospital,14.4721686,78.836343,,"Y.S.R Kadapa",516001
6758468353,"Jyothi Nursing Home",hospital,14.4719673,78.8238305,,"Y.S.R Kadapa",516001
6758468632,"Ramyasai Nursing Home",hospital,17.6861622,83.0016124,,"Visakhapatnam",531001
6758468770,"Nightingale Hospital",hospital,16.3104296,80.4291004,,"Guntur",522124
6758468936,"Shri Shiridi Sai Speech and Hearing Institute",hospital,16.5131271,80.6357177,,"Krishna",520002
6758469501,"Thulasamma Hospital",hospital,14.4722102,78.8225698,,"Y.S.R Kadapa",516001
6758474570,"Varadarajula Memorial Eye Hospital",hospital,16.1868467,81.1347628,,"Krishna",521001
6758474946,"Siva Yogi Children's Hospital",hospital,14.4731828,78.8225323,,"Y.S.R Kadapa",516001
6758476690,"Remedy Hospital",hospital,14.4748735,78.8238358,,"Y.S.R Kadapa",516002
6758476891,"Sitarama Nursing Home",hospital,18.763608,84.4180441,,"Srikakulam",532221
6758477775,"Suguna Nursing Home",hospital,13.6355613,79.4207675,,"Chittoor",517501
6758477780,"Prasanthi Nursing Home - Anantapur",hospital,14.6793694,77.5939411,,"Anantapur",515001
6758477875,"Pasupuleti Nursing Home",hospital,14.4736438,78.8223177,,"Y.S.R Kadapa",516001
6758478594,"Pavani Hospital",hospital,14.6730188,77.6019636,,"Anantapur",515001
6758481139,"Santhi Nursing Home - Anantapur",hospital,14.6873452,77.6016618,,"Anantapur",515001
6758481490,"Usha Rani Nursing Home",hospital,14.4639655,78.8227469,,"Y.S.R Kadapa",516004
6758486866,"Mnr Nursing Home",hospital,14.672422,77.6011951,,"Anantapur",515001
6758492141,"Mother Hospital",hospital,13.6382376,79.4184239,,"Chittoor",517501
6758492544,"Sri Prakash Eye Hospital",hospital,14.6730201,77.6007512,,"Anantapur",515001
6758495430,"Sri Krishna Sahithi Eye Hospital",hospital,14.4755682,78.8242469,,"Y.S.R Kadapa",516001
6758498132,"Tirumala Hospitals",hospital,14.4755643,78.8232082,,"Y.S.R Kadapa",516001
6758500074,"Madhavi Nursing Home - Y.S.R.",hospital,14.0587683,78.7475753,,"Y.S.R Kadapa",516269
6758500599,"Aasha Hospitals",hospital,14.6807757,77.5938284,,"Anantapur",515001
6758503331,"Sekhar Ortho Center",hospital,16.5130383,80.6339152,,"Krishna",520002
6758505600,"Girish Multispeciality Hospital",hospital,13.8298871,77.4900645,,"Anantapur",515201
6758508278,"Spandana Hospital",hospital,14.407846,77.7124263,,"Anantapur",515671
6758516104,"Sri Chaitanya Orthopaedic Hospital",hospital,16.7569074,81.6773938,,"West Godavari",534211
6758560926,"Bhavyas Children Hospital",hospital,13.5571864,78.5093951,,"Chittoor",517325
6758576585,"Sri Sai P.V.R. Hospitals",hospital,18.1094191,83.3979464,,"Vizianagaram",535003
6758579334,"Sri Venkateswara Super Speciality Hospital",hospital,15.822517,78.0286749,,"Kurnool",518004
6758580043,"Bharani Hospital",hospital,16.9721394,82.2368563,,"East Godavari",533003
6758585984,"Anantapuram Praja Vaidyasala",hospital,14.6742812,77.6072784,,"Anantapur",515005
6758586267,"Apollo Hospitals - Chittoor",hospital,13.2827098,78.9555833,,"Chittoor",517129
6758586409,"Cnr Nursing Home",hospital,14.7545941,78.549303,,"Y.S.R Kadapa",516360
6758593406,"Shilpa Hospital",hospital,13.8379054,77.4948864,,"Anantapur",515201
6758594119,"Sri Sai Hospital",hospital,14.7535147,78.5507139,,"Y.S.R Kadapa",516360
6758594237,"Gmr Varalaxmi Care Hospital",hospital,18.4615184,83.658307,,"Srikakulam",532127
6758595689,"Teja Nursing Home - Anantapur",hospital,13.8353284,77.4942166,,"Anantapur",515201
6758597171,"Devi Nursing Home - Anantapur",hospital,14.3983065,77.7066354,,"Anantapur",515671
6758597814,"Abhilash Netra Vidyasala",hospital,14.7546618,78.5493574,,"Y.S.R Kadapa",516360
6758598203,"Latha poly nursing home",hospital,14.7533669,78.5502069,,"Y.S.R Kadapa",516360
6758598414,"Prashanti Hospitals Uro Gyneac Infertility Centre",hospital,16.7067513,81.0887964,,"West Godavari",534001
6758599800,"Sri Swarna Hospital",hospital,14.7531983,78.5513522,,"Y.S.R Kadapa",516360
6758602332,"Sreenivasa Nursing Home",hospital,13.8364281,77.4989983,,"Anantapur",515201
6758604836,"Dr. S. V. R. Hospital",hospital,14.7509015,78.5484655,,"Y.S.R Kadapa",516360
6758605186,"Raghavendra Hospitals",hospital,16.2995918,80.4510969,,"Guntur",522001
6758605765,"Shree Veja Nursing Home",hospital,14.750965,78.5474235,,"Y.S.R Kadapa",516360
6758606007,"Sri Sai Hospitals",hospital,16.3036045,80.4411348,,"Guntur",522002
6758609770,"Swarup Eye Hospital and Laser Center",hospital,14.7554652,78.5508272,,"Y.S.R Kadapa",516360
6758611181,"Sri Kanchani Hospital",hospital,14.9098048,78.0061926,,"Anantapur",515411
6758614395,"Preethi Nursing Home - Anantapur",hospital,15.1647882,77.3780642,,"Anantapur",515801
6758615249,"Lakshmi Kishore Hospital",hospital,14.752175,78.5475006,,"Y.S.R Kadapa",516360
6758616517,"Vaatsalya Hospital - Srikakulam",hospital,18.4156427,84.0396018,,"Srikakulam",532421
6758618010,"B. G. R. Hospital",hospital,14.7487227,78.5476086,,"Y.S.R Kadapa",516360
6758618607,"Pushpagiri Eye Hospital",hospital,18.1087193,83.4103516,,"Vizianagaram",535002
6758621713,"Sri Thati Reddy Ramalinga Reddy Nursing Home",hospital,14.8462601,78.3810367,,"Y.S.R Kadapa",516434
6758622310,"Surapaneni Eye Hospital",hospital,16.4995461,80.6547144,,"Krishna",520008
6758622487,"Lakshmi Nurisng Home, Vijayawada",hospital,16.5081246,80.6424467,,"Krishna",520010
6758622519,"Sri Balaji Hospital",hospital,16.7567032,81.6790406,,"West Godavari",534211
6758623095,"Sri Ratnam Hospital",hospital,14.4514285,79.9858868,,"SPSR Nellore",524001
6758623096,"Pujita Hospitals",hospital,16.2352068,80.0467166,,"Guntur",522601
6758630061,"Lakshmi Hospital",hospital,13.2159337,79.0970866,,"Chittoor",517001
6758630982,"Balaji Hospital",hospital,13.3691762,78.5708821,,"Chittoor",517247
6758632648,"Murthy Neuro Super Speciality Hospital",hospital,17.008131,81.785531,,"East Godavari",533103
6758636693,"Sreenivasa Multi Speciality Hospital",hospital,15.3418826,80.0332922,,"Prakasam",523274
6758637427,"Siri Hospital",hospital,16.7084256,81.0925327,,"West Godavari",534204
6758639000,"Lalitha Super Specialty Hospital",hospital,16.2941634,80.4487506,,"Guntur",522001
6758639063,"Raavella Eye Hospital",hospital,16.5114562,80.6320678,,"Krishna",520002
6758645286,"Sai Chandan Eye Hospital",hospital,16.2995105,80.4572582,,"Guntur",522001
6758659014,"Sri Sruthi Hospital",hospital,16.3147691,80.4170405,,"Guntur",522006
6758660085,"Our Lady Of Health Hospital",hospital,16.8202379,81.2650537,,"West Godavari",534425
6758665270,"Vision Care Centre (Super Speciality Eye Hospital)",hospital,17.7277139,83.295486,,"Visakhapatnam",530016
6758668271,"Sri Venkata Chalapathi Nursing Home",hospital,16.9623125,82.2279594,,"East Godavari",533004
6758668673,"Maha Hospitals",hospital,13.6352152,79.4272229,,"Chittoor",517501
6758676317,"Vasan Healthcare Pvt Ltd",hospital,13.6347271,79.4266704,,"Chittoor",517501
6758677177,"Apoorva Hospital",hospital,17.7300554,83.3075653,,"Visakhapatnam",530016
6758678415,"DBR And SK Super Speciality Hospital",hospital,13.6337699,79.4308144,,"Chittoor",517501
6758686628,"Anapoorna Hospital",hospital,17.7273371,83.3047865,,"Visakhapatnam",530016
6758688003,"Suraksha  Hospital",hospital,16.5093873,80.6416681,,"Krishna",520002
6758691770,"K C Eye Hospital",hospital,18.2997004,83.9016612,,"Srikakulam",532001
6758696874,"Modern Retina Centre",hospital,16.5104937,80.635782,,"Krishna",520002
6758700527,"Nsr Memorial Children Hospital",hospital,16.3952421,80.151011,,"Guntur",522403
6758703710,"Sri Krishna Institute Of Medical Sciences",hospital,16.2984891,80.4573048,,"Guntur",522001
6758703921,"Vijaya Nursing Home",hospital,13.3684337,78.5725169,,"Chittoor",517247
6758704022,"Trust Hospital(A Unit Of Sarvottam Health Care)",hospital,16.9956421,82.241119,,"East Godavari",533005
6758705097,"Maxivision Super Speciality Eye Hospitals",hospital,17.7269219,83.304584,,"Visakhapatnam",530016
6758710664,"Care Dental Hospital",hospital,17.7363435,83.307247,,"Visakhapatnam",530016
6758713152,"Sai Sudha Hospital",hospital,16.9545355,82.2324528,,"East Godavari",533004
6758715156,"Sudha Urology And Andrology Hospital",hospital,16.9635849,82.2287956,,"East Godavari",533004
6758716881,"Arogyavaram Eye Hospital and Contact Lens Clinic",hospital,18.943505,84.5853496,,"Srikakulam",532284
6758717165,"M.G.R. Hospital",hospital,17.7325361,83.3309823,,"Visakhapatnam",530017
6758721151,"Vijaya Nursing Home - Kakinada",hospital,16.9557901,82.233289,,"East Godavari",533004
6758722252,"Apollo Hospitals - East Godavari",hospital,16.9605538,82.2358967,,"East Godavari",533001
6758726581,"Sree Bala Nursing Home Sree Bala Ent Care Centre",hospital,16.9588028,82.2347313,,"East Godavari",533004
6758727383,"Haritha Hospitals",hospital,16.9562808,82.2305846,,"East Godavari",533004
6758732669,"Care Emergency Hospital",hospital,16.9640897,82.2316454,,"East Godavari",533004
6758733079,"Saipriya Maternity Hospital",hospital,16.9689898,82.2397484,,"East Godavari",533003
6758735035,"Shravani Ent Hospital",hospital,16.9550089,82.232603,,"East Godavari",533004
6758735188,"Rhea Hospital",hospital,17.7092414,83.3041777,,"Visakhapatnam",530002
6758735753,"Teja Maternity Hospital And Poly Clinic",hospital,16.29949,80.4505151,,"Guntur",522002
6758735939,"Kay Vee Hospital",hospital,16.7069985,81.0885859,,"West Godavari",534006
6758737649,"Sai Swetha Mother And Child Hospital",hospital,16.5134601,80.6373082,,"Krishna",520002
6758738040,"Meenakshi Eye Hospital",hospital,16.5104796,80.6349251,,"Krishna",520002
6758738398,"D V Raju Eye Hospital",hospital,16.9571044,82.2307804,,"East Godavari",533004
6758742619,"Sri Gowthami Multispeciality Hospital",hospital,16.9646907,82.228577,,"East Godavari",533001
6758743207,"Adarsha Orthopaedic Center",hospital,17.7109406,83.3117884,,"Visakhapatnam",530002
6758764647,"Lifeline Emergency and Neuro Centre",hospital,16.9703437,82.2387218,,"East Godavari",533003
6758765137,"Sanjivi Hospitals",hospital,16.9632976,82.2338314,,"East Godavari",533004
6758770836,"Ramya Hospitals",hospital,16.9650704,82.2238134,,"East Godavari",533001
6758771089,"Padmavathi Hospital",hospital,16.1164212,80.9408585,,"Krishna",521126
6758772439,"Prabha Clinic and Nursing Home",hospital,17.7162921,83.3041039,,"Visakhapatnam",530020
6758773804,"Vasan Eye Care Hospital - Kakinada",hospital,16.9631732,82.2342981,,"East Godavari",533004
6758775956,"Mother and Child Hospital",hospital,16.9700031,82.2382671,,"East Godavari",533003
6758776088,"Ravichandra Hospital",hospital,16.9635542,82.2334895,,"East Godavari",533004
6758777699,"Pandu Ranga Praja Vidyasala",hospital,17.3552953,82.5429922,,"East Godavari",533401
6758778869,"Srujana Multi Speciality Hospital",hospital,16.9704091,82.239342,,"East Godavari",533003
6758778932,"Kims Sai Seshadri Hospital",hospital,18.3045184,83.8818598,,"Srikakulam",532001
6758780461,"Shri Krishna Mother and Child Hospital",hospital,16.7087814,81.0918327,,"West Godavari",534006
6758781703,"Safe Emergency Hospital",hospital,16.9706464,82.2373022,,"East Godavari",533003
6758784627,"Mythri Nursing Home",hospital,17.7071258,83.3089118,,"Visakhapatnam",530002
6758794851,"Heart Care Centres",hospital,16.5112665,80.635723,,"Krishna",520002
6758795616,"Sankara Netra Chikitsalaya",hospital,16.7115983,81.0999437,,"West Godavari",534002
6758809074,"Vijaya Hospital - East Godavari",hospital,17.0066113,81.7952165,,"East Godavari",533103
6758809334,"Sri Sai Raghavendra Super Specialities Hospital",hospital,16.9681284,82.2241822,,"East Godavari",533001
6758812622,"Positive Pulse Hospitals",hospital,16.4973703,80.6559536,,"Krishna",520010
6758813629,"Gowtami Hospital",hospital,17.6825514,83.2063977,,"Visakhapatnam",530026
6758818662,"Anurag Institute Of Medical Sciences",hospital,16.5117255,80.6346193,,"Krishna",520002
6758818877,"Bhuvaneshwari Hospital",hospital,16.7147708,81.1008435,,"West Godavari",534002
6758818918,"Neravati Hospital",hospital,15.4903641,78.4872226,,"Kurnool",518501
6758826100,"Janaki Hospital",hospital,16.4393807,81.7033334,,"West Godavari",534275
6758846662,"Madhavi Nursing Home - East Godavari",hospital,17.0040386,81.795132,,"East Godavari",533103
6758856887,"Tirumala Nursing Home -Vizianagaram",hospital,18.1073095,83.4008244,,"Vizianagaram",535003
6758868114,"Balaji Multi Speciality Hospital",hospital,13.5578396,78.5095239,,"Chittoor",517325
6758881769,"Krishna Hospital",hospital,16.5449902,81.5198717,,"West Godavari",534201
6758885988,"Nalluri Nursing Home",hospital,15.5048861,80.0513783,,"Prakasam",523001
6758914676,"St. Ann's Hospital",hospital,16.5045969,80.6311807,,,520002
6760817717,"Sri Sai Hospital",hospital,16.5139551,80.6325245,,"Krishna",520002
6760864679,"V.G.R. Diabetes Specialities Hospital",hospital,16.5061627,80.645797,,"Krishna",520010
6760866005,"Sree Venkateswara Nursing Home",hospital,16.5126487,80.641239,,"Krishna",520010
6760895832,"Sree Venkateshwara Nursing Home",hospital,16.3008563,80.4465348,,"Guntur",522001
6760902188,"Sri Srinivasachildrens Hospital",hospital,16.5134334,80.6340671,,"Krishna",520002
6760933025,"Ramakrishna Memorial Nursing Home",hospital,16.0924594,80.1669232,,"Guntur",522616
6760944074,"Padma Chandra Super Speciality Hospital",hospital,15.8186319,78.040545,,"Kurnool",518003
6760953522,"Vennela Mother and Child Hospital",hospital,16.4997299,80.6550457,,"Krishna",520008
6760957358,"Swarna E.N.T Super Speciality Hosptial",hospital,13.638695,79.4139996,,"Chittoor",517507
6760960553,"Metro Superspeciality Hospitals",hospital,16.5107753,80.6323032,,"Krishna",520002
6760960582,"K M Hospital",hospital,15.8273259,78.0476636,,"Kurnool",518001
6760966536,"Deepak Tej Hospital",hospital,15.8360917,78.0368516,,"Kurnool",518004
6760967650,"Manasa Kidney Foundation",hospital,13.6529213,79.4205147,,"Chittoor",517501
6760972110,"Amma Hospital - Kurnool",hospital,15.801079,78.04705,,"Kurnool",518002
6760977367,"Adithya Test Tube Baby Centre",hospital,15.8142384,78.0457176,,"Kurnool",518002
6760984552,"Aayushman The Family Hospital",hospital,15.8371368,78.0261536,,"Kurnool",518003
6760985232,"Venkata Ramana Nursing Home",hospital,15.5138119,80.0416097,,"Prakasam",523001
6760990912,"Gvr Hospitals",hospital,15.8357898,78.0422147,,"Kurnool",518004
6760992766,"Vijaya Super Speciality Hospital",hospital,15.8557896,78.2666981,,"Kurnool",518401
6760996853,"Pragathi Hospitals",hospital,16.2994681,80.4502818,,"Guntur",522001
6760998149,"Nori Multi Speciality Hospital",hospital,16.5187317,80.631001,,"Krishna",520003
6760998241,"Bala Tripura Nursing Home",hospital,16.2342559,80.044072,,"Guntur",522601
6761000595,"Saranya Nursing Home",hospital,15.8781777,78.5848604,,"Kurnool",518422
6761000856,"Saivani Hospital",hospital,15.4860345,78.476349,,"Kurnool",518501
6761008276,"Mydhili Hospital",hospital,14.1452173,79.8499699,,"SPSR Nellore",524101
6761008606,"Dr.Bethune Nursing Home",hospital,15.5066844,80.0356418,,"Kurnool",523001
6761009918,"Satyam Hospital",hospital,17.7499948,83.2187018,,"Visakhapatnam",530027
6761011392,"Rajeswari Hospital",hospital,16.5136838,80.6329282,,"Krishna",520002
6761012953,"Mother Vannini Hospital",hospital,16.8308155,81.5105993,,"West Godavari",534101
6761015220,"Siri Noble Hospital",hospital,15.8415125,78.0331039,,"Kurnool",518004
6761017583,"Venkatarama Hospital",hospital,17.7278327,83.3031356,,"Visakhapatnam",530016
6761020424,"SR Hospital",hospital,17.752968,83.2173438,,"Visakhapatnam",530027
6761035779,"Mamata Childrens Hospital",hospital,16.5219898,80.6125179,,"Krishna",520001
6761037709,"Surya Hospital - Kurnool",hospital,15.8149919,78.0461495,,"Kurnool",518002
6761037732,"Aravind Eye Hospital ongole",hospital,15.5128226,80.0405107,,"Prakasam",523001
6761040427,"Mahalaxmi Nursing Home",hospital,18.9442826,84.5837831,,"Srikakulam",532284
6761040525,"Veenus Nursing Home",hospital,16.8155702,81.5309934,,"West Godavari",534101
6761040532,"Good Health New Central Hospital",hospital,17.7379611,83.3055443,,"Visakhapatnam",530016
6761040670,"Raviteja Nursing Home",hospital,14.0597765,78.7479937,,"Y.S.R Kadapa",516269
6761041006,"Sai Priya Hospital",hospital,16.2970282,80.4449006,,"Guntur",522001
6761041753,"Apple Orthopaedic Hospital",hospital,15.8275014,78.0363902,,"Kurnool",518004
6761042127,"Neelima Maternity Nursing Home",hospital,13.6392359,79.425002,,"Chittoor",517501
6761042868,"Prasad Hospitals",hospital,16.8162037,81.5259549,,"West Godavari",534101
6761044396,"Raghavendra Urological Super Speciality Hospital (Russh Hospital)",hospital,13.6364495,79.4213958,,"Chittoor",517501
6761054028,"Lakshmi Fertility Research and Laparoscopic Surgical Center",hospital,14.4489065,79.9844559,,"SPSR Nellore",524001
6761054453,"Andhra Children Hospital",hospital,18.1084286,83.4116846,,"Vizianagaram",535002
6761060209,"Dr Rama Rao Hospital",hospital,17.7332163,83.2790163,,"Visakhapatnam",530008
6761066116,"Desai Nursing Home",hospital,15.6207094,77.2823676,,"Kurnool",518301
6761071941,"Rajyalakshmi Hospital",hospital,15.8232202,80.3521793,,"Prakasam",523155
6761075659,"Pragathi Nursing Home - Chilakaluripet",hospital,16.0889668,80.1703799,,"Guntur",522616
6761075666,"Prasad Nursing Home -Chilakaluripet",hospital,16.0922326,80.1651831,,"Guntur",522616
6761079196,"Vijetha Hospital",hospital,17.7106199,83.3030283,,"Visakhapatnam",530002
6761097961,"Vijaya Durga Nursing Home",hospital,16.5081677,80.6420993,,"Krishna",520010
6761112987,"Jyothi Nursing Home - Vizianagaram",hospital,18.1143921,83.413237,,"Vizianagaram",535002
6761128970,"Venkata Padma Hospital",hospital,18.1145916,83.4133644,,"Vizianagaram",535002
6761133544,"Sri Hanuman Children Hospital",hospital,18.5753463,83.3487714,,"Vizianagaram",535558
6761182345,"P.G.S. Nursing Home",hospital,16.4361791,80.5653875,,"Guntur",522503
6761189887,"Peoples Trauma And Emergency Hospital",hospital,16.2986172,80.4530968,,"Guntur",522001
6761191760,"Prasanthi Nursing Home - East Godavari",hospital,17.0068421,81.7908552,,"East Godavari",533103
6761211148,"Sree Venkateswara Nursing Home",hospital,16.4335524,80.5673884,,"Guntur",522503
6761211199,"Desai Hospital",hospital,13.5589008,78.5084832,,"Chittoor",517325
6761238067,"Anantha Nursing Home",hospital,16.2368022,80.0462513,,"Guntur",522601
6767989272,"S.K. Super Speciality Laser Eye Hospital",hospital,16.5114311,80.6325594,,"Krishna",520002
6767992317,"Viswa Chakra Orthopaedic Hospital",hospital,16.1784487,81.1366659,,"Krishna",521001
6768010078,"Sumanth Nursing Home",hospital,16.5151894,80.6389739,,"Krishna",520002
6768028772,"Sun Multi Speciality Hospital",hospital,17.7350755,83.277593,,"Visakhapatnam",530008
6768039688,"Sreya Nursing Home",hospital,16.5099466,80.6346367,,"Krishna",520002
6768051829,"Bhargavi Nursing Home",hospital,16.3258334,80.9617214,,"Krishna",521157
6768054845,"Bharathi Nursing Home, Tanuku",hospital,16.756047,81.6764201,,"West Godavari",534211
6768056689,"Preethi Children's Hospital",hospital,16.5113134,80.6370172,,"Krishna",520002
6768072042,"Chikitsa General Hospital",hospital,16.5478698,80.6542356,,"Krishna",520015
6768082614,"Praja VaidyaSaala",hospital,16.5741988,80.682722,,"Krishna",521212
6768116377,"Murthy Ortho Hospital",hospital,15.4859938,78.4908926,,"Kurnool",518001
6768139877,"Mother & Child and Family Hospital",hospital,16.5122244,80.6352476,,"Krishna",520002
6768172419,"Narmada Nursing Home",hospital,15.4860791,78.4907249,,"Kurnool",518501
6768231141,"R R Hospital",hospital,15.4816222,78.4712072,,"Kurnool",518501
6768235654,"Susrutha Uro Renal Hospital",hospital,14.4490195,79.9840401,,"SPSR Nellore",524001
6768260124,"Vijaya Hospital",hospital,14.6856795,80.0532344,,"SPSR Nellore",524315
6768265316,"Aditya Nursing Home",hospital,15.6306698,77.2852302,,"Kurnool",518302
6768268773,"Nandini Hosipital",hospital,16.4888865,80.6768527,,"Krishna",520007
6768274045,"Kvr Hospital",hospital,15.4880171,78.479267,,"Kurnool",518501
6768283627,"Vijaya Nursing Home",hospital,16.7552996,81.6833697,,"West Godavari",534211
6768283958,"Andhra Hospitals",hospital,16.5110582,80.6296981,,"Krishna",520002
6768287819,"Sri Venkata Sai Urology and Maternity Center",hospital,16.5121833,80.6309433,,"Krishna",520002
6768332127,"Abc Hospital",hospital,17.7061715,83.3092725,,"Visakhapatnam",530002
6768338572,"Lakshmi Meenakshi Eye and Maternity Care",hospital,16.2955266,80.454395,,"Guntur",522001
6768346549,"Thanuja Maternity Hospital",hospital,14.4501363,79.9855623,,"SPSR Nellore",524001
6768347170,"Vamsi High Tech Super Speciality Hospital",hospital,16.7554691,81.6744018,,"West Godavari",534211
6768353412,"Sri Sai Super Speciality Hospital",hospital,18.1078155,83.4013259,,"Vizianagaram",535003
6768355505,"Aswini Nursing Home",hospital,16.5151303,80.637268,,"Krishna",520002
6768356461,"Madurai Netralaya",hospital,14.4504298,79.9851103,,"SPSR Nellore",524001
6768361839,"S.V.R. Maternity Hospital",hospital,16.5439244,81.5139493,,"West Godavari",534202
6768363280,"R.S.R. Sarada Maternity Hospital",hospital,14.4487532,79.9848273,,"SPSR Nellore",524001
6768379254,"Saiteja Hospital",hospital,17.0191905,81.7995697,,"East Godavari",533106
6768383856,"Suma Maternity Home",hospital,17.7463633,83.2642758,,"Visakhapatnam",530013
6768386211,"Lion Dist 324 C, Cancer Treatment and Research Center",hospital,17.7443962,83.3083713,,"Visakhapatnam",530020
6768386220,"Sri Balaji Nursing Home",hospital,15.4865916,78.4771456,,"Kurnool",518501
6768387728,"Amg Hospital",hospital,17.7382076,83.3146349,,"Visakhapatnam",531113
6768392239,"Vijaya Hospital",hospital,14.4490247,79.9831778,,"SPSR Nellore",524001
6768397614,"R V Subbareaddy Hospital",hospital,15.4859789,78.4831973,,"Kurnool",518501
6768408805,"Sai Ramya Nursing Home",hospital,16.2344626,80.0469902,,"Guntur",522601
6768409621,"Rich Hospitals",hospital,14.4499441,79.985062,,"SPSR Nellore",524001
6768409622,"Swami Super Speciality Netralayam And Skin Care Centre",hospital,15.4854135,78.479626,,"Kurnool",518501
6768410792,"Sanjeevini Nrsing Home",hospital,15.4858768,78.4846222,,"Kurnool",518501
6768411524,"S.M.Clinic",hospital,13.2155466,79.1089527,,"Chittoor",517001
6768416555,"Murali Hospital",hospital,15.4870103,78.481185,,"Kurnool",518501
6768418620,"Sree Durga Hospital",hospital,15.4864765,78.490684,,"Kurnool",518501
6768423536,"Ramakrishna Diabetes Research Centre",hospital,14.4509051,79.9848099,,"SPSR Nellore",524001
6768429945,"Nayana Eye Care and Research",hospital,15.4852966,78.4809342,,"Kurnool",518501
6768430175,"Madhumani Nursing Home",hospital,15.4865153,78.4887294,,"Kurnool",518501
6768432505,"Annapoorna Hospital",hospital,18.945239,84.5860402,,"Srikakulam",532284
6768441008,"Sushrutha Hospital",hospital,16.9932193,82.2546534,,"East Godavari",533005
6768442006,"Sri Ramachandra Children and Dental Hospital",hospital,16.2983804,80.4546216,,"Guntur",522001
6768443436,"Sri Lakshmi Hospital",hospital,16.5457268,81.5193231,,"West Godavari",534202
6768444826,"Gelvi Nursing Home",hospital,15.4891137,78.485154,,"Kurnool",518501
6768447627,"Purnasai Hospital",hospital,16.2978558,80.4546285,,"Guntur",522001
6768448648,"M N Hospital",hospital,16.3023906,80.4340417,,"Guntur",522002
6768451024,"Prabha Nursing Home",hospital,16.5196549,80.615007,,"Krishna",520001
6768451188,"Indus Hospitals",hospital,17.7108601,83.3026153,,"Visakhapatnam",530002
6768455453,"Sridevi Eye Hospital",hospital,16.5171438,80.6141822,,"Krishna",520001
6768457121,"Bandaru Rangayya Yadav Memorial Trust Association",hospital,15.3788603,78.9292507,,"Prakasam",523357
6768463592,"Srinivasa Nursing Home",hospital,16.066447,80.5482736,,"Guntur",522124
6768464217,"Sree Emergency and Crticial Care Hospital",hospital,13.6431197,79.4358838,,"Chittoor",517501
6768473920,"M.M Hospital",hospital,13.6439277,79.4191052,,"Chittoor",517501
6768481285,"Shanti Nursing Home",hospital,19.1135971,84.6861805,,"Srikakulam",532312
6768488767,"Adarsh Nursing Home",hospital,16.8344379,82.0293063,,"East Godavari",533255
6768492124,"Konaseema Institute Of Medical Sciences",hospital,16.5911227,82.022417,,"East Godavari",533201
6768498983,"K V Nursing Home",hospital,15.4946909,80.0500211,,"Prakasam",523001
6768500852,"Nagarjuna Hospital Ltd",hospital,16.4872398,80.6842368,,"Krishna",520007
6768504381,"Sevita Nursing Home",hospital,15.5131825,80.035623,,"Prakasam",523002
6768515749,"Durga Nursing Home- Anjaiah Road",hospital,15.51039,80.0383032,,"Prakasam",523002
6768523882,"L V Prasad Eye Institute",hospital,16.4708431,80.7004756,,"Krishna",520001
6768531821,"Vasavya Nursing Home",hospital,16.5035727,80.6433744,,"Krishna",520010
6768532213,"U.V.S.M. Eye Hospital",hospital,16.5426697,81.5109171,,"West Godavari",534202
6768537965,"Samatha Hospital ongole",hospital,15.5119123,80.0400245,,"Prakasam",523001
6768544461,"Chaitanya Eye Hospital",hospital,16.5042543,80.6476515,,"Krishna",520010
6768544466,"Usha Speciality Hospital",hospital,13.5583989,78.5106128,,"Chittoor",517325
6768544682,"Usha Cardiac Centre Ltd",hospital,16.5010801,80.6425412,,"Krishna",520010
6768545567,"St.Ann's Hospital",hospital,17.9135879,82.8137411,,"Visakhapatnam",531027
6768545716,"Chandra Mohan's Nursing Home",hospital,13.5546337,78.5074009,,"Chittoor",517325
6768545950,"Help Hospital Pvt Limited",hospital,16.5089713,80.6273572,,"Krishna",520002
6768549464,"Sindhura Hospital",hospital,16.5125484,80.6333768,,"Krishna",520002
6768555978,"Trust Hospital",hospital,16.5008409,80.6540103,,"Guntur",522510
6768555981,"Yalamanchi Hospitals and Research Centres Pvt  Ltd",hospital,16.5120123,80.6343015,,"Krishna",520001
6768564600,"Sri Sankar Nursing Home",hospital,16.4062317,81.8023096,,"East Godavari",533253
6768564756,"Purna Heart Institute",hospital,16.5125889,80.6379975,,"Krishna",520002
6768566601,"Kathasagaram Hospital",hospital,13.554914,78.5091872,,"Chittoor",517325
6768567020,"Ishwarya Maternity Hospital",hospital,16.5122662,80.6347601,,"Krishna",520002
6768567094,"Mother Child Hospital",hospital,16.7139013,81.1004546,,"West Godavari",534002
6768569992,"Baer Hospital",hospital,15.8170835,80.3434749,,"Prakasam",523155
6768577352,"Visakha Ent Hospital",hospital,17.7264096,83.3107545,,"Visakhapatnam",530003
6768580043,"Giridhar Ent Hospital",hospital,16.5134806,80.6338334,,"Krishna",520002
6768583298,"Chaitra Hospitals Surgical And Maternity",hospital,16.5092459,80.6376388,,"Krishna",520002
6768584550,"Yakkala Jyothi Hospital",hospital,16.521255,80.6020848,,"Krishna",520012
6768586128,"Latha  Superspecialities",hospital,16.5095564,80.6359269,,"Krishna",520002
6768587092,"Sri Surya Nursing Home - Palakollu",hospital,16.5209098,81.7284898,,"West Godavari",534260
6768589580,"Sri Padmavathi Multi Speciality Hospital",hospital,13.6398667,79.4162768,,"Chittoor",517501
6768591250,"Life Line Trimurthy Hospital",hospital,16.5110228,80.6350759,,"Krishna",520002
6768594134,"Bharadwaja Heart and Maternity Centre",hospital,17.007223,81.7860661,,"East Godavari",533103
6768597851,"Vijayachandra Nursing Home",hospital,16.5136095,80.6365129,,"Krishna",520002
6768607659,"Madanapalle Hospital Pvt. Ltd",hospital,13.559202,78.5091028,,"Chittoor",517325
6768615441,"Vijaya Super Speciality Hospital - Vijayawada",hospital,16.5136909,80.6373163,,"Krishna",520002
6768616662,"St Anns Health Center",hospital,16.5398079,80.6373974,,"Krishna",520015
6768616937,"Prema Heart&Diabetic Hospital",hospital,15.8264646,80.3567424,,"Prakasam",523155
6768622936,"Apex Hospital - Rajamundry",hospital,17.0071384,81.7903054,,"East Godavari",533103
6768623518,"Shantharam Hospital",hospital,13.5602358,78.4952438,,"Chittoor",517325
6768623554,"Gupta Hospital",hospital,13.5516402,78.5086012,,"Chittoor",517325
6768624097,"Viswa Orthopaedic Hospital",hospital,13.5574315,78.4998357,,"Chittoor",517325
6768625428,"Maruthi E.N.T. Hospital",hospital,16.2988386,80.4516819,,"Guntur",522001
6768625995,"Teja Nursing Home - Guntur",hospital,16.2374318,80.0470948,,"Guntur",522601
6768633025,"Siloam Eye Centre",hospital,13.5489088,78.4641865,,"Chittoor",517325
6768643194,"Emergency Hospital",hospital,13.5492256,78.503273,,"Chittoor",517325
6768645012,"Chinnari Hospital",hospital,16.5109316,80.6386755,,"Krishna",520010
6768646598,"Vimhans Hospital",hospital,16.5135398,80.6345985,,"Krishna",520002
6768655187,"Sri Ramadevi Multi Super Speciality Hospital",hospital,13.638003,79.4171204,,"Chittoor",517501
6768655498,"Sridevi Eye Hospital - Suryaraopet",hospital,16.5134948,80.6323823,,"Krishna",520002
6768656291,"Popular Nursing Home",hospital,13.5507602,78.5087353,,"Chittoor",517325
6768667740,"Sai Nethralayam",hospital,16.2365769,80.0465409,,"Guntur",522601
6768672060,"Surya Global Hospitals",hospital,16.9939914,82.2103903,,"East Godavari",533004
6768674506,"Sri Padmavathi Nursing Home",hospital,14.9129277,79.9917733,,"SPSR Nellore",524201
6768675494,"Sri Kaveri Hospital",hospital,13.5477771,78.5142848,,"Chittoor",517325
6768685729,"G. Show Reddy Memorial Nursing Home",hospital,16.0562503,79.7401294,,"Guntur",522647
6768690776,"S S Hospital",hospital,14.4552414,79.9880768,,"SPSR Nellore",524001
6768690962,"Vasan Eye Care Hospital - Krishna",hospital,16.5096425,80.6368583,,"Krishna",520002
6768692652,"Sajana Nursing Home",hospital,16.0527976,79.7397526,,"Guntur",522647
6768693187,"Life Hospital",hospital,16.2983109,80.4551728,,"Guntur",522001
6768706819,"Vijayawada Institute Of Neuro Sciences (Vins)",hospital,16.5141769,80.6328316,,"Krishna",520002
6768714748,"Rao's Nursing Home",hospital,17.0731873,82.1396041,,"East Godavari",533437
6768715568,"Susruta Hospital",hospital,17.6853215,83.208107,,"Visakhapatnam",530026
6768739190,"Sri Durga Hospital and Brain Center",hospital,14.4547128,79.9876598,,"SPSR Nellore",524001
6768741999,"R K Hospital",hospital,17.6824479,83.1970797,,"Visakhapatnam",530026
6768769654,"Ravi Nursing Home - Chitoor",hospital,13.2170937,79.107399,,"Chittoor",517001
6768769826,"Sree Srinivasa Hospital",hospital,17.0791216,82.1363814,,"East Godavari",533437
6768771056,"Dr.Rangarao Nursing Home (P) Ltd",hospital,16.2986224,80.4529493,,"Guntur",522001
6768773744,"Ramya Hospital",hospital,13.6371128,79.4113348,,"Chittoor",517501
6768782301,"Ravi Nursing Home",hospital,15.8254447,80.359607,,"Prakasam",523155
6768783710,"Padmasri Hospital",hospital,17.7382447,83.3036815,,"Visakhapatnam",530016
6768792757,"Charitha Sri Hospitals Ltd",hospital,16.512956,80.6322482,,"Krishna",520002
6768792912,"Sudarsani Eye Hospital",hospital,16.2982658,80.4495294,,"Guntur",522001
6768801097,"Sathish Urology and Andrology Center",hospital,16.5131894,80.6331635,,"Krishna",520002
6768815407,"Sreelatha Modern Eye Hospital And Research Centre",hospital,13.2145086,79.1093127,,"Chittoor",517001
6768823310,"Uday Nursing Home",hospital,18.1078958,83.3997153,,"Vizianagaram",535003
6768823559,"Triveni Child Care Hospital",hospital,13.6358727,79.4201338,,"Chittoor",517501
6770755275,"Venkateshwara Mother And Child Hospital",hospital,16.2374241,80.0474489,,"Guntur",522601
6770822280,"Vaishnavi Children Hospital",hospital,13.6338103,79.4259341,,"Chittoor",517501
6770836516,"M S Hospital",hospital,13.6396705,79.4271552,,"Chittoor",517501
6770841752,"Sri Lakshmi Janaki Nursing Home",hospital,16.2339076,80.0454533,,"Guntur",522601
6770848336,"Sathvika Hospital",hospital,16.2973699,80.4453519,,"Guntur",522001
6770855127,"Sri Surya Hospital - Srikakulam",hospital,18.2928691,83.8965757,,"Srikakulam",532001
6770856512,"Raghavendra Hospital",hospital,17.739964,83.3041066,,"Visakhapatnam",530013
6770856771,"Coastal Care Hospital",hospital,16.2977194,80.4556241,,"Guntur",522001
6770857209,"Sujatha Hospital",hospital,17.6840514,83.1985898,,"Visakhapatnam",530026
6770859110,"Shyamala Nursing Home",hospital,13.6369095,79.4141686,,"Chittoor",517501
6770861724,"Centre For Sight",hospital,17.7364998,83.3044016,,"Visakhapatnam",530016
6770865139,"Sri Priya Nursing Home",hospital,12.750135,78.3428407,,"Chittoor",517425
6770865392,"Jhansi Nursing Home",hospital,15.7724579,79.6850663,,"Prakasam",523247
6770867783,"Santhi hospitals",hospital,18.2989491,83.9037935,,"Srikakulam",532001
6770868925,"Srinivasa Super Speciality Hospital",hospital,13.6376159,79.4169112,,"Chittoor",517501
6770869017,"Srinivasa Nursing Home",hospital,16.8617414,81.932555,,"East Godavari",533308
6770871296,"Sri Sai Multi Speciality Hospital",hospital,13.6383743,79.4140465,,,
6770873379,"Rotary Eye Hospital",hospital,16.3806602,80.851608,,"Krishna",521165
6770879715,"Rani Rathnam's R.R. Hospital",hospital,12.7509996,78.3411388,,"Chittoor",517425
6770891704,"P.E.S. Institute Of Medical Sciences and Research's Hospital",hospital,12.7896372,78.3647355,,"Chittoor",517425
6770918114,"Singari ENT Hospital And Research Centre",hospital,16.5129136,80.6345576,,"Krishna",520002
6770925737,"C V R Hospital",hospital,16.2979958,80.4449673,,"Guntur",522001
6770940005,"Siddhartha Hospital",hospital,16.9473818,82.2314349,,"East Godavari",533001
6770940053,"Emergency Vijaya Hospitals",hospital,16.4923334,80.6661513,,"Krishna",520010
6770940214,"Vennela Super Speciality Eye and Dental Hospital",hospital,13.6378036,79.4187646,,"Chittoor",517501
6770941249,"Sneha Super Speciality Hospital",hospital,13.6395721,79.4119263,,"Chittoor",517501
6770944230,"Sankara Eye Hospital",hospital,16.512686,80.6310788,,"Krishna",520002
6770944927,"Meher Hospitals",hospital,16.5173393,80.6290859,,"Krishna",520003
6770948948,"Maxivision Eye Hospital",hospital,16.5002222,80.6485319,,"Krishna",520010
6770950626,"Sri New Balaji Super Speciality Hospital",hospital,15.835217,78.0422348,,"Kurnool",518004
6770952581,"Time Hospitals Pvt Ltd",hospital,16.4877863,80.6774917,,"Krishna",520007
6770955114,"Sree Sarada Nursing Home",hospital,16.5130898,80.6334539,,"Krishna",520002
6770958523,"Sri Rama Hospital - Jaggayyapet",hospital,16.8962681,80.0981306,,"Krishna",521175
6770960649,"Swamy Eye Hospital",hospital,18.1218416,83.4103723,,"Vizianagaram",535001
6770967465,"Bhagyasri Hospitals",hospital,16.7558942,81.6854484,,"West Godavari",534211
6770972804,"Harini Gastro and Liver Centre",hospital,16.5091976,80.637453,,"Krishna",520002
6770976994,"Arun Kidney Centre",hospital,16.5134241,80.6353227,,"Krishna",520002
6770977184,"Ravi Mother and Child Hospital",hospital,15.5112028,80.0362346,,"Prakasam",523001
6770986227,"Sai Ram Maternity Hospital",hospital,16.5099884,80.6353489,,"Krishna",520002
6770988471,"Sri Sai Rathna Eye Hospital",hospital,16.4388456,80.9925681,,"Krishna",521301
6770992177,"Praveen  Hospital",hospital,16.5077909,80.6427732,,"Krishna",520010
6770997089,"Dr B Venkataratnam",hospital,16.5120399,80.6330603,,"Krishna",520007
6771007328,"Modern Eye Hospital And Research Centre",hospital,14.4491584,79.9851036,,"SPSR Nellore",524001
6771049630,"Vijaya Nursing Home - Prakasam",hospital,15.8244789,80.3566834,,"Prakasam",523157
6771103190,"Raghuram Children Hospital",hospital,16.3073456,80.4204127,,"Guntur",522006
6771205695,"Harsha Hospitals",hospital,17.007852,81.7890843,,"East Godavari",533103
6771230170,"G. S. L. General Hospital and Medical College",hospital,17.0666041,81.8830441,,"East Godavari",533294
6771257871,"Mahathi Nursing Home",hospital,16.3102314,80.4281589,,"Guntur",522001
6771282124,"Sri Satya Sai Nursing Home and Laproscopic Surgical Center",hospital,16.7546897,81.6817175,,"West Godavari",534211
6771289064,"Sri Rama Nursing Home",hospital,16.4435623,80.9920143,,"Krishna",521301
6771341350,"Sri Srinivasa Nursing Home - Srikakulam",hospital,18.4119635,83.9032531,,"Srikakulam",532185
6771350881,"Narayana Reddy Eye Hospital",hospital,16.9317892,81.9551955,,"East Godavari",533342
6771364530,"Ashraf Maternity and Ent Hospital",hospital,16.5003896,80.6412685,,"Krishna",520010
6771366154,"Anuradha Ent Hospital",hospital,16.4412265,80.9916857,,"Krishna",521301
6771369710,"Anu Hospitals",hospital,16.511741,80.6375228,,"Krishna",520002
6771409747,"Sri Ram Nursing Home",hospital,17.008206,81.7735114,,"East Godavari",533104
6773438669,"Neela Jear Hospital",hospital,16.999818,81.780117,,"East Godavari",533103
6773465564,"Vijaya Hospital",hospital,16.7131666,81.0999437,,"West Godavari",534002
6773467818,"Gowthami Nursing Home",hospital,17.0132107,81.7963414,,"East Godavari",533103
6773471539,"Haritha Hospital",hospital,16.5198336,81.7290947,,"West Godavari",534260
6773477574,"Chopde's Nursing Home",hospital,17.1185775,82.2568622,,"East Godavari",533450
6773494798,"Krishna Bhavani Hospital",hospital,16.5174524,81.7187615,,"West Godavari",534260
6773497407,"Krishna Maternity And Nursing Home",hospital,17.7288061,83.293823,,"Visakhapatnam",530016
6773519885,"Amrutha Nursing Home Private Limited",hospital,17.69981,83.2960858,,"Visakhapatnam",530026
6773530620,"K.M. Hospital",hospital,14.5312954,79.8852825,,"SPSR Nellore",524305
6773569258,"Rohini Mother and Child Care Hospital",hospital,16.5790421,82.0003371,,"East Godavari",533201
6773613228,"Padmaja Hospital - Gajuwaka",hospital,17.6867743,83.203619,,"Visakhapatnam",530026
6773652312,"Care Hospital - Maharanipet",hospital,17.7097505,83.3054544,,"Visakhapatnam",530002
6773657778,"Amma Hospital - Krishna",hospital,16.5213469,80.6145899,,"Krishna",520001
6773661049,"Aswini Hospitals",hospital,16.2986346,80.4577846,,"Guntur",522001
6773665872,"Sri Arvind Hospital",hospital,16.522075,80.6169875,,"Krishna",520001
6773670160,"Deepak Nursing Home",hospital,16.51984,80.6138121,,"Krishna",520001
6773678886,"Janardani Hospital",hospital,16.2959836,80.4492344,,"Guntur",522001
6773679562,"Anurag Hospital For Children",hospital,16.5190673,80.6110212,,"Krishna",520001
6773691332,"Vijaywada Nursing Home and Polyclinic (P) Ltd",hospital,16.511298,80.6346206,,"Krishna",520002
6773693780,"Prasanthi Hospitals",hospital,16.508718,80.6270729,,"Krishna",520003
6773694517,"K.B.Hospital",hospital,16.512706,80.6326613,,"Krishna",520001
6773695707,"Prasanna Surgical Nursing Home",hospital,18.1101673,83.1353956,,"Visakhapatnam",535145
6773696167,"Bhaskara Raju Children's Hospital",hospital,17.0092967,81.7887054,,"East Godavari",533103
6773729046,"Gayatri Hospital",hospital,16.2365009,80.6523018,,"Guntur",522201
6773743963,"Harinath Childrens Nursing home",hospital,16.2980985,80.452158,,"Guntur",522001
6773777678,"Alapati Nursing Home",hospital,16.2421381,80.6475141,,"Guntur",522201
6773928685,"Nandanaa's Multi Care Hospital",hospital,16.2962964,80.4359709,,"Guntur",522001
6773964279,"Sri Sathya Sai Institute Of ENT & Voice Clinic",hospital,16.3020232,80.4375225,,"Guntur",522002
6773969068,"NRI General Hospital",hospital,16.415035,80.5573958,,"Guntur",522503
6775912544,"Ravi Neuro and Emergency Hospital - Chittoor",hospital,13.6364293,79.4214793,,"Chittoor",517501
6775932214,"Gupta Hospital",hospital,15.486461,78.4769511,,"Kurnool",518501
6776001071,"Devi Hospital",hospital,15.5172104,80.033606,,"Prakasam",523002
6776001503,"Narayana General Hospital And Super Speciality Hospital",hospital,14.4251042,80.0138032,,"SPSR Nellore",524002
6776007615,"Prashant Hospital",hospital,16.5005066,80.6439427,,"Krishna",520010
6776074732,"Hi Tech Trauma And Critical Care Hospital Ltd",hospital,16.3075284,80.4364564,,"Guntur",522002
6776111809,"Adilakshmi Nursing Home",hospital,16.0631356,80.5502155,,"Guntur",522124
6776143001,"Dinesh Medical Centre",hospital,14.4131703,78.2339148,,"Y.S.R Kadapa",516390
6776197784,"St. Mary Hospital",hospital,16.5477014,81.5396208,,"West Godavari",534211
6776204987,"hospital",hospital,16.3825585,80.6596947,,,
6776207386,"GOVERNMENT HOSPITAL",hospital,16.3826007,80.6605745,,,
6776219699,"Subhadra Surgical and Maternity Centre",hospital,16.5430965,81.5132681,,"West Godavari",534202
6776236085,"Veterinary hospital",hospital,16.5520985,80.7265298,,,
6776237080,"Neeladri Hospital",hospital,16.544123,81.5182026,,"West Godavari",534201
6776237546,"Lakshmi Hospital Eye And Maternity Hospital",hospital,16.5816411,81.3774048,,"West Godavari",534236
6776243281,"Sri Krishna Eye Institute",hospital,16.5431813,81.5133016,,"West Godavari",534202
6776253237,"Sailaja Multispeciality Hospital",hospital,16.2960209,80.4542394,,"Guntur",522001
6776258148,"Padmavathi Hospitals",hospital,16.4401177,80.9931931,,"Krishna",521301
6776261537,"Suseela Netralaya and Maternity Hospital",hospital,15.8240925,78.0408266,,"Kurnool",518002
6776271965,"Pragathi Nursing Home",hospital,15.2534343,80.0194594,,"Prakasam",523101
6776274393,"Kommineni Nursing Home",hospital,16.2404062,80.6496437,,"Guntur",522201
6776279945,"Singh Hospital",hospital,16.29962,80.4573628,,"Guntur",522001
6776285670,"Vijaya Nursing Home - Ravulapalem",hospital,16.7553523,81.8357702,,"East Godavari",533238
6776308275,"Bhaskar Allergy and Chest Hospital",hospital,13.6388674,79.4272051,,"Chittoor",517501
6776314124,"Narsapur Christian Hospital",hospital,16.4357765,81.6904266,,"West Godavari",534275
6776314186,"Susmitha Ortho Trauma Hospital",hospital,16.2357521,80.0556256,,"Guntur",522601
6776323231,"Doctor Sivarami Reddy Hospital",hospital,15.2589654,80.0246628,,"Prakasam",523101
6776348753,"Kanaka Durga Nurisng Home",hospital,18.7460504,84.090317,,"Srikakulam",532213
6776371321,"Raja Children's Hospital",hospital,16.2890099,80.4412736,,"Guntur",522004
6776396554,"Pranathi Neuro Speciality Hospital",hospital,15.5108429,80.0379881,,"Prakasam",523002
6776462205,"Venkataramana Hospital",hospital,14.4517772,79.9857876,,"SPSR Nellore",524001
6776465109,"Bobbili Eye Hospital (P) Ltd",hospital,18.5758192,83.3545992,,"Vizianagaram",535558
6776467493,"Krishna Nursing Home - Guntur",hospital,16.0643232,80.550418,,"Guntur",522124
6776468093,"Kamala Orthopeadic Nursing Home",hospital,16.5146793,80.6362786,,"Krishna",520002
6776483685,"Sri Bhimeshwara Hospital",hospital,16.7916484,82.0602268,,"East Godavari",533262
6778457455,"Samudra Hospitals",hospital,17.7103989,83.3037458,,"Visakhapatnam",530002
6778515926,"Vision Care Clinic",hospital,13.6388866,79.4180283,,"Chittoor",517501
6778515947,"Kims Hospital",hospital,16.2436535,80.6464881,,"Guntur",522202
6778538692,"Vikram Hospital",hospital,17.6870707,83.0013013,,"Visakhapatnam",531001
6778548829,"G S R Hospital",hospital,15.5107531,80.0353588,,"Prakasam",523001
6778549241,"Shanthi Childrens Hospital",hospital,16.8686565,81.9298325,,"East Godavari",533308
6778571810,"Sai Sri Nursing Home",hospital,16.3010539,80.4483573,,"Guntur",522001
6778583217,"Sri Ramadas Hospitals",hospital,17.0052493,81.7887805,,"East Godavari",533103
6778608442,"Saumya Hospital",hospital,16.494884,80.6620985,,"Guntur",522501
6778608611,"Prof. D. Ramakotaiah Childerns Hospital",hospital,16.2946062,80.4491982,,"Guntur",522001
6778609295,"Nirmala Hospitals",hospital,13.6372288,79.4235282,,"Chittoor",517501
6778612206,"Dr.K.V.R.Hospital",hospital,16.9051933,82.0006885,,"East Godavari",533346
6778632231,"Sri Sai Patham Hospitals",hospital,14.4491571,79.9837209,,"SPSR Nellore",524001
6778831733,"Royal Hospitals",hospital,16.5102224,80.6384468,,"Krishna",520010
6778844984,"Mother Theresa Multispeciality Hospital",hospital,16.2369837,80.0473684,,"Guntur",522601
6778878343,"Sunita Nursing Home",hospital,17.7362763,83.3115497,,"Visakhapatnam",530013
6778891203,"Waltair Multicare Hospital",hospital,17.7320085,83.333627,,"Visakhapatnam",530017
6778900326,"Aravind Kidney Centre",hospital,14.4555583,79.9875498,,"SPSR Nellore",524001
6778921290,"Siddharth Hospital",hospital,17.7118451,83.3038954,,"Visakhapatnam",530002
6778922529,"Ravi Cardiac and Diabetic Care Center",hospital,16.0636432,80.553545,,"Guntur",522124
6778951344,"Amrutha Hospital - Srikakulam",hospital,18.3076391,83.8936803,,"Srikakulam",532001
6778963558,"Vamsee Specialities Hospital",hospital,16.3971243,80.1507783,,"Guntur",522403
6778998161,"St Xaviers Hospital",hospital,15.5152592,80.0353588,,"Prakasam",523002
6778998198,"Karshaka Maharshi Hospital",hospital,18.7764429,83.4256388,,"Vizianagaram",535501
6781804319,"Shar Hospital",hospital,13.733356,80.1724693,,"SPSR Nellore",524124
6781855168,"Upas Hospital",hospital,15.4971238,80.0545768,"Ongole","Prakasam",523001
6781897651,"Sri Saraswathi Nursing Home",hospital,15.8269962,80.3518179,,"Prakasam",523155
6781909127,"Srinivasa Children Hospital",hospital,15.9056759,80.4688346,,"Guntur",522101
6781915317,"Bharathi Children Hospital",hospital,16.2350794,80.0459562,,"Guntur",522601
6781915859,"Venkataramana Heart And Maternity Hospital",hospital,13.6353807,79.4199327,,"Chittoor",517501
6781921877,"Chakradhar Hospitals",hospital,16.9992479,81.7957422,,"East Godavari",533103
6781922267,"Karumuri Super Speciality Hospital Pvt Ltd",hospital,16.2985529,80.4537955,,"Guntur",522001
6781922460,"Tulasi Multi Speciality Hospital",hospital,16.2984576,80.4541133,"Guntur","Guntur",522001
6781927742,"Sapthagiri Hospitals",hospital,16.9547376,82.2324179,,"East Godavari",533001
6781932925,"Apple Hospital",hospital,16.7545805,81.6744661,,"West Godavari",534211
6781937796,"Yamini Eye Care - Prakasam",hospital,15.5108306,80.0430635,,"Prakasam",523002
6781942690,"C.S.I. Hospital",hospital,13.3191725,79.5900826,,"Chittoor",517590
6781948428,"Mahathma Gandhi Hospitals",hospital,16.2347253,80.0566824,,"Guntur",522601
6781956336,"Susrutha Surgical and Maternity Hospital",hospital,16.4150093,81.8069753,,"East Godavari",533253
6781956345,"Paramahansa Yogananda Eye Hospital",hospital,16.9225041,81.8033677,,"East Godavari",533125
6781978640,"Subbarayudu Memorial Nursing Home",hospital,16.8628978,81.9285927,,"East Godavari",533308
6782004032,"Bhargav Nursing Home and Eye Hospital.",hospital,16.5122919,80.6387687,,"Krishna",520002
6782020134,"Quality Hospital",hospital,16.298744,80.4545163,,"Guntur",522001
6782056030,"Sarojini Devi Hospital",hospital,18.3089913,83.8965288,,"Srikakulam",532001
6782059658,"Brundavan Nursing Home",hospital,16.1833886,81.1335155,,"Krishna",521001
6782071021,"Pratyusha Childrens Hospital",hospital,16.3003685,80.4447732,,"Guntur",522002
6782078694,"Sri Surya Hospital",hospital,16.9086905,81.6710637,,"West Godavari",534301
6782080964,"Dr P Madhusudhana Sastry Hospital",hospital,14.4487364,79.9840991,,"SPSR Nellore",524001
6782107731,"Praja Vydyasala",hospital,16.5084339,80.6265002,,"Krishna",520002
6782116879,"Lotus Emergency Hosptial",hospital,13.6397064,79.4188826,,"Chittoor",517501
6782119569,"Visakha Children Hospital",hospital,17.7108448,83.3125274,,"Visakhapatnam",530002
6782121780,"Sri Lalitha Nursing Home",hospital,17.669849,82.6080698,,"Visakhapatnam",531116
6782140190,"Venkata Rama Hospital",hospital,18.1066938,83.3978122,,"Vizianagaram",535001
6782150591,"Sree Aswini Hospital",hospital,15.8148809,78.0336839,,"Kurnool",518002
6782151648,"Krishna Hospital - Kurnool",hospital,15.6210956,77.2782974,,"Kurnool",518301
6782151668,"Vijaya Hospital - Vizianagaram",hospital,18.1134533,83.4125322,,"Vizianagaram",535002
6782158034,"Sri Ramachandra Nursing Home",hospital,14.4509584,79.9846952,,"SPSR Nellore",524001
6782188469,"Apollo Multispeciality Hospital",hospital,13.63518,79.4189335,,"Chittoor",517501
6782223155,"Vasan Eye Care Hospital",hospital,17.0057251,81.788334,,"East Godavari",533 105
6782246875,"Lakshmi Nursing Home - Krishna",hospital,16.3448599,81.0520408,,"Krishna",521356
6782263055,"Sudha Hospital",hospital,16.7575122,81.6813608,,"West Godavari",534211
6782263126,"Rameeza Orthopaedic Centre",hospital,16.4932284,80.6658992,,"Krishna",520010
6782263303,"Bolleneni Super Speciality Hospital (KIMS Hospital)",hospital,14.4345075,79.9684048,,"SPSR Nellore",524003
6782263530,"Kamala Hospitals",hospital,16.7135545,81.1004774,,"West Godavari",534002
6782266495,"Netra Eye Care",hospital,17.0057238,81.7848122,,"East Godavari",533103
6782314385,"Gayatri Hospital",hospital,13.6367492,79.4212067,,"Chittoor",517501
6784345563,"Sri Venkata Sai Hrudayalaya (The Heart Care Centre)",hospital,13.629349,79.4187203,,"Chittoor",517501
6784366868,"Sri Ramakrishna Nursing Home",hospital,16.300792,80.4452641,,"Guntur",522001
6784370147,"Amrutha Hospital",hospital,16.2990459,80.4512206,,"Guntur",522509
6784425867,"Yashaswi Hospital",hospital,16.298336,80.4501108,,"Guntur",522007
6784509895,"Nizams Little Star Children Hospital",hospital,14.443887,79.9789976,,"SPSR Nellore",524001
6784519462,"BIRRD Hospital",hospital,13.6391756,79.4038458,,"Chittoor",517501
6784579497,"Sriram Hospitals",hospital,16.5103079,80.6384663,,"Krishna",520010
6784616822,"Padmavathi Hospital Mother and Child Care Cntre",hospital,16.4943472,80.6634631,,"Krishna",520010
6784638821,"Ravi Nursing Home - SPSR Nellore",hospital,14.9178577,79.9946523,,"SPSR Nellore",524201
6784639296,"Geeta Hospitals",hospital,16.7571655,81.6774903,,"West Godavari",534211
6784689398,"Prasanthi Multi Speciality Hospital - Guntur",hospital,16.3111195,80.4371946,,"Guntur",522002
6784704194,"Pragati Super Speciality Hospital",hospital,17.0072499,81.7891205,,"East Godavari",533103
6786873811,"Alert Emergency Hospital",hospital,17.0084144,81.7880402,,"East Godavari",533103
6786894252,"Katragadda Nursing Home",hospital,16.8253907,81.2648526,,"West Godavari",534425
6786899164,"NEST Sagar Hospital",hospital,17.0061406,81.7817049,,"East Godavari",533103
6786901198,"Vijaya Orthopaedic and Trauma and Super Speciality Hospital",hospital,16.2970816,80.4555483,,"Guntur",522001
6786971521,"Sri Vignesh Hospital",hospital,13.6324066,79.4264732,,"Chittoor",517501
6786974623,"Sri Sai Childrens Hospital",hospital,15.8262911,80.3562234,,"Prakasam",523155
6787010845,"Amaravathi Hospitals",hospital,16.298513,80.4536587,,"Guntur",522001
6787240481,"Bhaskar Reddy Hospital",hospital,14.4537817,79.9897921,,"SPSR Nellore",524001
6787252818,"Suraksha Health Care",hospital,16.6533429,81.7437127,,"West Godavari",534211
6787271361,"Clinic Nisha",hospital,13.6339276,79.4202344,,"Chittoor",517501
6787293563,"Deepthi Nursing Home & Laproscopic Center",hospital,14.455505,79.9868578,,"SPSR Nellore",524001
6787301791,"Sraddha Hospital",hospital,17.7083599,83.3086663,,"Visakhapatnam",530001
6787333300,"Suresh Hospital",hospital,17.353916,82.5431364,,"East Godavari",533401
6787350817,"Swaruparani Nursing Home",hospital,16.7129701,81.1029638,,"West Godavari",534002
6787376522,"Adarsha Hospital",hospital,16.5701846,81.9993018,,"East Godavari",533201
6787394737,"venkateswara nursing home",hospital,16.2323573,80.0523412,,"Guntur",522601
6787401745,"Modern Eye Hospital And Research Centre",hospital,15.5054386,80.0324151,,"Prakasam",523002
6787401750,"Tirumala Vijaya Hospital",hospital,17.7440143,83.3352873,,"Visakhapatnam",530017
6787435684,"Vaatsalya Hospital",hospital,15.4823097,80.0466254,,"Prakasam",523001
6787455022,"Sri Renuka Netrayam",hospital,16.2987601,80.4487476,,"Guntur",522001
6787535484,"Srinivasa Nursing Home",hospital,14.4440935,79.9772541,,"SPSR Nellore",524003
6787554865,"Navya Netralaya Eye Hospital",hospital,13.6334675,79.4098328,,"Chittoor",517501
6787590606,"Swarnamrutha Hospital",hospital,13.6389739,79.4175991,,"Chittoor",517501
6787603544,"Meghana Hospital",hospital,13.6364377,79.4200614,,"Chittoor",517501
6787639567,"Manasa Mother and Child Hospital",hospital,15.5122353,80.0396544,,"Prakasam",523002
6789521773,"Chandamama Children Hospital ongole",hospital,15.510673,80.0393875,,"Prakasam",523002
6789523012,"Aarif Nursing Home",hospital,17.7224323,83.309819,,"Visakhapatnam",530002
6789529681,"Sri Ramakrishna Orthopaedic and Physiotherapy Center",hospital,16.7523357,81.685724,,"West Godavari",534211
6789531282,"Ajmal Nursing Home",hospital,15.2110237,79.9081242,,"Prakasam",523105
6789535761,"Vijaya Medical Centre",hospital,17.7099032,83.3107518,,"Visakhapatnam",530002
6789549353,"OMNI RK Super Specialty Hospital",hospital,17.7186287,83.3116168,,"Visakhapatnam",530002
6789576725,"Sri Rama Mother and Child Hospital",hospital,17.8269229,82.9366171,,"Visakhapatnam",531036
6789669412,"Aneesh Kidney Centre",hospital,15.5114832,80.039008,,"Prakasam",523002
6789680536,"Hyma Hospital",hospital,16.3079563,80.4189382,,"Guntur",522006
6789680553,"Vasan Eye Care Hospital",hospital,17.7168287,83.3087254,,"Visakhapatnam",530002
6789684937,"Sri Surya Nursing Home",hospital,16.7516217,81.6857502,,"West Godavari",534211
6789686424,"Doctors Plaza Ent Clinic",hospital,17.357351,82.5426476,,"East Godavari",533401
6789695495,"Jayasree Hospital",hospital,18.7773533,83.4248435,,"Vizianagaram",535501
6789704903,"Sankar Nursing Home",hospital,15.8289968,80.3535144,,"Prakasam",523155
6789720253,"Lazarus Hospital",hospital,17.7171512,83.3083036,,"Visakhapatnam",530002
6789739214,"Amulya Nursing Home",hospital,16.2370945,80.0567146,,"Guntur",522601
6789752965,"Manohari Hospital",hospital,13.6351435,79.4210726,,"Chittoor",517501
6789760091,"Suryaprakasam Nursing Home",hospital,16.5195842,81.7270327,,"West Godavari",534260
6789800417,"Balaji Hospital",hospital,15.8350944,78.0423877,,"Kurnool",518004
6789818473,"Sindhura Hospitals",hospital,18.3067173,83.8930017,,"Srikakulam",532001
6789830343,"Sai Satya Hospital",hospital,17.7685126,83.3147241,,"Visakhapatnam",530040
6789859755,"Vikas Hospital",hospital,18.1083432,83.4000573,,"Vizianagaram",535002
6789871857,"Swetha Childrens Hospital",hospital,13.6380734,79.4225867,,"Chittoor",517501
6789948417,"R.K. Eye Center",hospital,16.2968286,80.4507907,,"Guntur",522001
6791733122,"Sri Subrahmanyam Nursing Home",hospital,17.3623264,82.556764,,"Visakhapatnam",531126
6791809450,"Bharathi Hospital",hospital,17.7108505,83.3085356,,"Visakhapatnam",530002
6791835582,"Lakshmi Arundhati Nursing Home",hospital,16.7564169,81.676286,,"West Godavari",534211
6791932251,"Yasoda Hospital",hospital,16.7109695,81.1008657,,"West Godavari",534002
6791968309,"Lawrance and Mayo Hospital",hospital,17.7124353,83.302677,,"Visakhapatnam",530020
6791983448,"Maharajahs Institute Of Medical Sciences",hospital,18.1460213,83.4424804,,"Vizianagaram",535217
6792007707,"Sri Venkateswara Nursing Home",hospital,16.7564008,81.8382452,,"East Godavari",533238
6792027549,"Karthik Hospital",hospital,15.8586155,78.0024603,,"Kurnool",518004
6792053113,"Radhika Rayudu Speciality Hospital",hospital,16.2964328,80.4528125,,"Guntur",522001
6792055153,"Anasuya Institute Medical Sciences",hospital,14.443898,79.9850748,,"SPSR Nellore",524001
6792208959,"Muvva Gopala Hospitals Pvt Ltd",hospital,18.111521,83.4138371,,"Vizianagaram",535002
6792250906,"Ashwini Childrens Hospital",hospital,14.463624,78.8227536,,"Y.S.R Kadapa",516001
6792254686,"S V R Neuro & Trauma Hospital",hospital,16.504044,80.6425358,,"Krishna",520002
6792274484,"Sreeharsha Ent Hospital",hospital,16.7549818,81.6834794,,"West Godavari",534211
6792329464,"Sri Suguna Childrens Hospital",hospital,17.0053173,81.7804375,,"East Godavari",533103
6794593273,"Prema Hospital",hospital,17.8796711,83.3740931,,"Visakhapatnam",530052
6797844702,"C.R. Reddy Hospital",hospital,14.1468168,79.8497003,,"SPSR Nellore",524101
6797961763,"Madhu Chalapathi Urological Hospital",hospital,16.5430161,81.5133572,,"West Godavari",534202
6797994178,"Lakshmi Nursing Home",hospital,16.3093735,80.4315593,,"Guntur",522007
6798009309,"Pavani Nursing Home",hospital,18.3055739,83.8941476,,"Srikakulam",532001
6798013469,"R V R Hospitals",hospital,16.5121383,80.6325996,,"Krishna",520002
6798036388,"Vijaya Harsha Thalli Pillala Hospital",hospital,18.3014721,83.9032732,,"Srikakulam",532001
6798043369,"Lata Hospital",hospital,16.5273249,80.5949809,,"Krishna",520012
6798048769,"Srikiran Institute Of Ophthalmology",hospital,17.0243135,82.2585332,,"East Godavari",533005
6798051795,"Ahalya Nursing Home",hospital,16.3002726,80.4494148,,"Guntur",522001
6798087941,"Sai Bhargavi Eye Hospital And Excimer Laser Centre Pvt Ltd",hospital,16.5197391,81.7292992,,"West Godavari",534260
6798102743,"Mahalakshmi Hospitals",hospital,16.7141761,81.1015999,,"West Godavari",534002
6798105418,"Janaki Nursing Home",hospital,16.0932261,80.167294,,"Guntur",522616
6798140383,"Sailaja Nursing Home",hospital,14.4489833,79.9835751,,"SPSR Nellore",524001
6798143867,"City Care Hospital",hospital,17.7066084,83.3090506,,"Visakhapatnam",530002
6798170622,"Sree Satya Hospitals",hospital,16.7555218,81.6860412,,"West Godavari",534211
6798200127,"Vani Priya Hospital",hospital,13.7522244,79.700827,,"Chittoor",517644
6798230897,"Rajahmundry Orthopedic Hospital",hospital,17.0081938,81.7866153,,"East Godavari",533103
6798249000,"Vani Hospitals",hospital,16.1755647,81.1283791,,"Krishna",521001
6798433370,"Sri Madhu Hospital",hospital,16.1784453,81.1275087,,"Krishna",521001
6801155666,"Sandhya Hi-Tech Vision Care Center",hospital,16.5115359,80.6323411,,"Krishna",520002
6801161539,"Dr Kotareddy Hospitals",hospital,15.2189572,79.9130635,,"Prakasam",523105
6801180689,"Aravind Nethralaya Meenakshi Diabetes and Endocrinology Centre",hospital,14.451883,79.9863012,,"SPSR Nellore",524001
6801191501,"Kamala Nursing Home",hospital,17.7404309,83.250969,,"Visakhapatnam",530018
6801242995,"O.E.U.Lions Eye Hospital",hospital,18.2912137,83.5478201,,"Vizianagaram",535101
6801245618,"Vignesh Hospital",hospital,16.5092966,80.6372787,,"Krishna",520002
6801249967,"Usha Nursing Home",hospital,16.366747,80.8437451,,"Krishna",521165
6801263539,"Sai Hospital",hospital,17.0118783,81.7712684,,"East Godavari",533105
6801275274,"Sri Suraksha Hospital",hospital,13.635603,79.4204007,,"Chittoor",517501
6801278639,"Lakshmi Womens Hospital",hospital,16.1825482,81.1373585,,"Krishna",521001
6801306108,"Sapthagiri Eye Care Centre",hospital,13.6391486,79.4279565,,"Chittoor",517501
6801307091,"Usha Nursing Home",hospital,14.9197205,79.9952028,,"SPSR Nellore",524201
6801308530,"Aswani Hospital",hospital,16.4374358,81.7002281,,"West Godavari",534275
6801322076,"Adarsha Hospitals",hospital,16.2987128,80.449976,,"Guntur",522001
6801323245,"Srimannarayana Eye Hospital",hospital,15.5118463,80.040231,,"Prakasam",523002
6801335228,"Dr. B.S.R Hospital",hospital,14.6203303,79.6241681,,"SPSR Nellore",524322
6801375159,"Sai Nursing Home",hospital,15.5110968,80.0396115,,"Prakasam",523002
6801392693,"Sai Leela Orthopaedic Hospital",hospital,16.5792394,82.006423,,"East Godavari",533201
6801393409,"Sri Madhavananda Speciality Hospital",hospital,16.7922017,82.0622519,,"East Godavari",533262
6801426806,"Sri Sai Sudha Hospitals",hospital,13.635545,79.4215715,,"Chittoor",517501
6801466721,"Padma Hospital",hospital,16.2970816,80.4554598,,"Guntur",522001
6801479210,"Chalsani Hospital",hospital,16.299042,80.4504682,,"Guntur",522001
6801494481,"ASTER RAMESH HOSPITALS",hospital,15.4790476,80.0483152,"Ongole","Prakasam",523001
6804488444,"Radha Krishna Netralaya",hospital,16.5427738,81.5145186,,"West Godavari",534202
6804492525,"Himalaya Multi Speciality Hospital",hospital,14.460445,78.8238291,,"Y.S.R Kadapa",516004
6804619272,"chirajeevi hospital",hospital,17.1159596,81.2953909,,"eluru",534447
6804622722,"Pragya Eye Hospital",hospital,16.491504,80.668397,,"Krishna",520001
6804629215,"Ravipati Prasad Vaidyasala",hospital,15.4971736,80.0485861,,"Prakasam",523001
6804629605,"Amar Orthopedics Hospital",hospital,16.2978887,80.4521111,,"Guntur",522001
6804631484,"MAR Hospitals",hospital,16.2364796,80.0558757,,"Guntur",522601
6804648061,"Om Hospitals",hospital,13.6380773,79.4227812,,"Chittoor",517501
6804651275,"Purnachandra Gastroenterology Institute,Sujatha Laparoscopy and Infertility Centre",hospital,16.2979965,80.4556576,,"Guntur",522001
6804665343,"Vasan Eye Care Hospital",hospital,16.2996599,80.4499794,,"Guntur",522001
6804677093,"Sanjana Speciality Hospital",hospital,16.3942411,80.1515816,,"Guntur",522403
6804685265,"Yashaswi Hospital",hospital,16.317779,80.4702763,,"Guntur",522001
6804691759,"Sri Maruthi Hospital",hospital,16.7144574,81.1018614,,"West Godavari",534002
6804693330,"Christian Cancer Center",hospital,16.9836551,82.2403398,,"East Godavari",533001
6804695044,"Sri Venkateshwara Institute Of Medical Sciences",hospital,13.6394053,79.4096625,,"Chittoor",517501
6804700854,"Vijay Orthopaedic And Accident Care",hospital,16.5124096,80.6315133,,"Krishna",520002
6804705255,"Sri Varalakshmi Hospital",hospital,17.1185602,82.2554748,,"East Godavari",533450
6804705537,"HARSHITHA HOSPITAL",hospital,13.6350262,79.4206937,,"Chittoor",517501
6804709789,"Yerras Superspeciality Hospital",hospital,16.2971994,80.4494584,,"Guntur",522001
6804712127,"Amrutha Heart Hospital",hospital,15.5145045,80.0435248,,"Prakasam",523002
6804727620,"Kalavathi Surgical Hospital and Laparoscopic Centre",hospital,17.7265297,83.2990453,,"Visakhapatnam",530016
6804768866,"Subham Prema Hospital",hospital,17.728124,83.3123571,,"Visakhapatnam",530003
6804792821,"Dr.Andal's Lakshmi Fertility Clinic",hospital,14.4489234,79.9845672,,"SPSR Nellore",524001
6804806174,"Adithya Multi Specialty Dental Hospital",hospital,18.2896412,83.8964543,,"Srikakulam",532001
6804812105,"G.V.K. Nursing Home",hospital,15.8278472,80.1934087,,"Prakasam",523167
6804824297,"Srinivasa Hospital",hospital,15.5119762,80.0395417,,"Prakasam",523002
6804836914,"The Pujitha Hospital",hospital,16.4976931,80.6584923,,"Krishna",520010
6804892454,"Sri Lakshmi Nursing Home",hospital,16.3960951,80.1500085,,"Guntur",522403
6804893579,"Asalatha Test Tube Baby & Multispecialty Hospital",hospital,13.6342977,79.424758,,"Chittoor",517501
6804932700,"Care Hospitals",hospital,17.7203686,83.3127339,,"Visakhapatnam",530020
6804932847,"Sailaja Nursing Home",hospital,16.784631,80.8457521,,"Krishna",521201
6804952464,"Swetha Hospitals",hospital,17.0062958,81.7819034,,"East Godavari",533103
6806879318,"Prashanth Hospital",hospital,13.6341739,79.4207863,,"Chittoor",517501
6806880944,"MSR Multispeciality Hospital",hospital,15.8382851,78.0410734,,"Kurnool",518004
6806893083,"Vijaya Hospital",hospital,15.514812,80.0442329,,"Prakasam",523002
6806929617,"Venkateswara Nursing Home",hospital,18.1196442,83.4041671,,"Vizianagaram",535001
6807041054,"Jnanananda Eye Hospital",hospital,16.5459801,81.5195042,,"West Godavari",534202
6807070613,"Sri Bhavani Nursing Home",hospital,16.297229,80.4526589,,"Guntur",522002
6807297813,"VRD Care Hospital",hospital,16.428272,81.8339315,,"East Godavari",533253
6807313537,"R K Eye Care Center",hospital,14.4548128,79.9867451,,"SPSR Nellore",524001
6807329002,"Vasan Eye Care Hospital",hospital,14.4543297,79.9865319,,"SPSR Nellore",524001
6807352118,"Elite Hospital",hospital,13.6366267,79.4216439,,"Chittoor",517502
6807364003,"Udaya Eye Hospital",hospital,16.5141004,80.6351933,,"Krishna",520002
6807383385,"Vijaya Nursing Home",hospital,16.0877123,80.1698756,,"Guntur",522601
6810697540,"Vyshnave Nursing Home",hospital,16.0191053,80.8330491,,"Guntur",522265
6810766207,"NVR Hospital",hospital,16.5425784,81.5141411,,"West Godavari",534201
6829393639,"Jaya Hospital",hospital,16.3221859,80.9642065,,,
6841702414,"Government Hospital Katravulapalli",hospital,17.1282302,82.0826567,,,
6843473422,"MyCure Hospital",hospital,17.7109237,83.3023683,,,
6868810463,"goverment hospital",hospital,15.456172,78.4368421,,,
6868865811,Unknown,hospital,17.8231089,83.2064905,,,
6914880553,"Mother Hospital",hospital,13.6391473,79.4167381,,"Tiruvannamalai",606601
7088103748,"Delta hospital",hospital,17.0113277,81.8086849,,,
7108780985,"Delta hospital",hospital,17.0112916,81.8086885,,,
7113913904,"Government hospital, Molagavelly",hospital,15.3533721,77.3304299,,"Kurnool",518396
7113913906,"Government Ayurvedic hospital, Mydukur",hospital,14.7358132,78.7258905,,"Kadapa",516172
7113913909,"Government hospital, Mukkavaripalli",hospital,14.0552081,79.2835502,,"Kadapa",516108
7113913911,"Government hospital, Rajampeta;Ppu Rajampeta",hospital,14.200116,79.1569501,,"Kadapa",516115
7113913913,"Government hospital, Siddavatam",hospital,14.4683111,78.9689111,,"Kadapa",516237
7113913923,"Governent Hospital ,Karalapalem",hospital,15.941308,80.547922,,"Guntur",522111
7113913924,"Government hospital, Pandithapuram",hospital,16.4601991,80.1842175,,"Guntur",522403
7113913927,"Government Hospital,Bapatla",hospital,15.9073001,80.4696402,,"Guntur",522101
7113913936,"Pedakurapadu Government Hospital",hospital,16.4691884,80.2609495,,"Guntur",522402
7113913940,"Government hospital, Chagalamarry",hospital,14.9591607,78.589425,,"Kurnool",518553
7113913944,"Government hospital, Kovaramguttapalli",hospital,14.568237,78.2203661,,"Kadapa",516484
7113913947,"Government hospital, Proddutur",hospital,14.7517366,78.5506899,,"Kadapa",516360
7113913949,"Government hospital, Santhakovvur",hospital,14.5106031,78.3459497,,"Kadapa",516421
7113913950,"Area Hospital, Narasarao Peta",hospital,16.2358442,80.0485055,,"Guntur",522601
7113913952,"Government hospital, Vempalli",hospital,14.3695394,78.4583148,,"Kadapa",516329
7113913957,"PHC, Lakkireddypalli",hospital,14.1864813,78.706236,,"Kadapa",516257
7113913958,"Governent Hospital , Mangalagiri",hospital,16.433699,80.570952,,"Guntur",522503
7113913959,"Government Hospital, Nizampatnam",hospital,15.9112437,80.6695881,,"Guntur",522314
7113913962,"Government hospital, Sattenapalli",hospital,16.3950932,80.1486711,,"Guntur",522403
7113913976,"Government hospital, Aspari",hospital,15.4785092,77.3871023,,"Kurnool",518347
7113913981,"Government hospital, Galiveedu",hospital,14.0263924,78.5018474,,"Kadapa",516267
7113913984,"Government hospital, onipenta",hospital,14.7891131,78.7784689,,"Kadapa",516173
7113913986,"Government hospital, Rly.Kodur",hospital,13.9577689,79.3541009,,"Kadapa",516101
7113913988,"Government hospital, Veerapu Nayani Palli",hospital,14.4765337,78.4722166,,"Kadapa",516321
7113913996,"Government Hospital, Nagaram",hospital,16.0017899,80.7239875,,"Guntur",522268
7113913999,"Government hospital, S.J.Mudi",hospital,16.2397691,80.5854359,,"Guntur",522213
7113914014,"Government hospital, Chintakomma Dinne",hospital,14.432641,78.7910771,,"Kadapa",516216
7113914017,"Government hospital, Nooliveedu",hospital,14.1015304,78.5524686,,"Kadapa",516267
7113914020,"Government hospital, Rayavaram",hospital,13.9866471,78.9733697,,"Kadapa",516129
7113914022,"Government hospital, Thondur",hospital,14.5751431,78.2830886,,"Kadapa",516401
7113914029,"Government hospital, Mannava",hospital,16.103306,80.4973916,,"Guntur",522124
7113914032,"Government hospital, Reddipalem",hospital,16.2934723,79.9325259,,"Guntur",522615
7113914035,"Infectious Diseases Hospital, V B Colony",hospital,16.3307712,80.4377375,,"Guntur",522101
7113914049,"Government Hospital, Velugodu",hospital,15.72804,78.5684568,,"Kurnool",518533
7113914051,"Government hospital, Badvel",hospital,14.7337358,79.0579636,,"Kadapa",516227
7113914054,"Government hospital, Mylavaram",hospital,14.8523195,78.3363596,,"Kadapa",516439
7113914057,"Government hospital, Rayachoti",hospital,14.0579396,78.7477719,,"Kadapa",516269
7113914059,"Government hospital, Surabhi",hospital,14.222669,78.5381114,,"Kadapa",516259
7113914065,"Governent Hospital ,Pedavadlapudi",hospital,16.412777,80.611378,,"Guntur",522302
7113914068,"Governent Hospital ,Macherla",hospital,16.4771893,79.435603,,"Guntur",522426
7113914069,"Government Hospital, Pedanandipadu",hospital,16.0671554,80.3284615,,"Guntur",522235
7113914072,"Government Hospital,Narasayapalem",hospital,15.9526184,80.392944,,"Guntur",522314
7113914083,"Area Hospital Pulivendula",hospital,14.4253992,78.2316624,,"Kadapa",516390
7113926658,"Government Hospital,Mudipapanapalli",hospital,13.414874,78.577585,,"Chittoor",517325
7113926661,"Government Hospital, Rallabuduguru",hospital,12.8587752,78.342049,,"Chittoor",517423
7113926662,"Sri Venkateswara Ram Narayana Ruia Government General Hospital,Tirupathi",hospital,13.6446633,79.4055574,,"Chittoor",517507
7113926664,"Government Hospital,Theertham",hospital,13.1059726,78.5669742,,"Chittoor",517415
7113926665,"Area Hospital,Tadipatri",hospital,14.9087159,78.0043595,,"Anantapur",515411
7113926673,"Government Community Hospital,Gooty",hospital,15.123375,77.6344378,,"Anantapur",515401
7113926674,"Government Hospital, Kanekal",hospital,14.8050171,77.0758738,,"Anantapur",515871
7113926677,"Government Hospital,Gorantla",hospital,13.9830124,77.7740884,,"Anantapur",515231
7113926680,"Government Hospital,Nagalapuram",hospital,14.936632,76.927765,,"Anantapur",515871
7113926681,"Area Hospital,Madanapalli",hospital,13.5570428,78.5011042,,"Chittoor",517325
7113926683,"Government Hospital,P.Kottalapalli",hospital,15.0133389,77.2142284,,"Anantapur",515812
7113926686,"Government Hospital,Ramagiri",hospital,14.3104747,77.5032247,,"Anantapur",515101
7113926689,"Government Hospital,Somandepalli",hospital,14.0107432,77.6094854,,"Anantapur",515122
7113926690,"Government E.N.T Hospital,Nindra",hospital,13.3852204,79.7081259,,"Chittoor",517591
7113926692,"Govt. General Hospital",hospital,14.670812,77.5946922,,"Anantapur",515001
7113926693,"Government Hospital,Chowdepalli",hospital,13.433058,78.690898,,"Chittoor",517257
7113926696,"Government Hospital,Kolamasanapalli",hospital,13.149657,78.672192,,"Chittoor",517432
7113926699,"Government Hospital,Puligunta",hospital,13.555976,79.449218,,"Chittoor",517561
7113926702,"Government Hospital,Thavanampalle",hospital,13.2576071,79.0080304,,"Chittoor",517131
7113926704,"Government Maternity Hospital, Tirupathi",hospital,13.639932,79.407734,,"Chittoor",517507
7113926709,"Government Communicable Diseases Hospital",hospital,14.6810951,77.610412,,"Anantapur",515005
7113926711,"Government Hospital, Bommanahal",hospital,14.998239,76.977976,,"Anantapur",515871
7113926714,"Government Hospital,Gandlapenta",hospital,14.09351,78.271724,,"Anantapur",515521
7113926717,"Government Hospital,Kristipadu",hospital,15.0627154,77.7825672,,"Anantapur",515455
7113926718,"Area Hospital,Chandragiri",hospital,13.588502,79.3143005,,"Chittoor",517101
7113926720,"Government Hospital,Neelakantapuram",hospital,13.8858825,77.2075403,,"Anantapur",515291
7113926723,"Government Hospital,Putlur",hospital,14.8128784,77.9671156,,"Anantapur",515414
7113926726,"Government Hospital,Sivanagar",hospital,14.4253243,77.7317563,,"Anantapur",515672
7113926727,"District Hospital",hospital,13.2178483,79.0927682,,"Chittoor",517001
7113926729,"Government primary hospital,Kambadur",hospital,14.3430619,77.2277199,,"Anantapur",515765
7113926730,"Government Hospital,Chinnagottigallu",hospital,13.6536726,79.0879385,,"Chittoor",517193
7113926733,"Government Hospital,Kallur",hospital,13.5619108,79.001873,,"Sri Potti Sriramulu Nellore",517113
7113926736,"Government Hospital,Peddamandyam",hospital,13.9288266,78.5412358,,"Chittoor",517297
7113926739,"Government Hospital,Rompicherla",hospital,13.6764023,79.0491084,,"Chittoor",517192
7113926741,"Government Hospital,Yellamanda",hospital,13.7989946,79.0477072,,"Chittoor",517214
7113926747,"Government Hospital, Agali",hospital,13.792414,77.0514302,,"Anantapur",515311
7113926750,"Government Hospital,D.Hirehal",hospital,15.005934,76.834643,,"Anantapur",515872
7113926753,"Government Hospital,Kadiri",hospital,14.1131063,78.157479,,"Anantapur",515591
7113926756,"Government Hospital,Nambulapulakunta",hospital,14.0544736,78.4095466,,"Anantapur",515521
7113926757,"Area Hospital,Srikalahasti",hospital,13.7516966,79.710633,,"Chittoor",517644
7113926759,"Government Hospital,Peddavadugur",hospital,15.020489,77.6666764,,"Anantapur",515405
7113926762,"Government Hospital,Singanamala",hospital,14.8034556,77.7180839,,"Anantapur",515435
7113926765,"Government Hosptial",hospital,14.6975178,77.594582,,"Anantapur",515001
7113926766,"Government Hospital,B.N.Kandriga",hospital,13.6994507,79.853967,,"Chittoor",517640
7113926769,"Government Hospital,Kajoor",hospital,13.204506,79.0850073,,"Chittoor",517002
7113926772,"Government Hospital,Ogu",hospital,12.9584266,78.5363344,,"Chittoor",517424
7113926775,"Government Hospital,Rayalapeta",hospital,13.329116,78.730917,,"Chittoor",517414
7113926777,"Government Hospital, V.Kota",hospital,13.000841,78.489338,,"Chittoor",517424
7113926784,"Government Hospital ,Obuladevaracheruvu",hospital,14.02205,77.9950418,,"Anantapur",515561
7113926787,"Government Hospital",hospital,14.4129436,77.7208502,,"Anantapur",515671
7113926788,"Government Hospital, Chowlur",hospital,13.692169,77.4858391,,"Anantapur",515211
7113926794,"Government Hospital,Nallamada",hospital,14.142238,77.9770238,,"Anantapur",515501
7113926797,"Government Hospital, Peddapappur",hospital,14.9296529,77.8611195,,"Anantapur",515445
7113926800,"Government Hospital, Rolla",hospital,13.841521,77.105076,,"Anantapur",515321
7113926803,"Government Hospital,Vidapanakal",hospital,15.0656535,77.1798884,,"Anantapur",515870
7113926804,"Government Hospital,Chembakur",hospital,13.4348374,78.4080816,,"Chittoor",517417
7113926810,"Government Hospital,Narayanavanam",hospital,13.4232712,79.5850805,,"Chittoor",517581
7113926813,"Government Hospital,Ramakuppam",hospital,12.9003629,78.4842043,,"Chittoor",517425
7113926815,"Government Hospital,Thugundram",hospital,13.1883682,79.2639597,,"Chittoor",517421
7113926816,"BKS Government Hospital",hospital,14.690424,77.635785,,"Anantapur",515701
7113926825,"Government Hospital",hospital,14.4119139,77.7100427,,"Anantapur",515671
7113926826,"Government Hospital, Pamudurthi",hospital,14.2723096,77.9700666,,"Anantapur",515154
7113926829,"Government Hospital, Guntakal",hospital,15.1625183,77.3786558,,"Anantapur",515801
7113926832,"Government Hospital,Nagasamudram",hospital,15.0563824,77.5028694,,"Anantapur",515401
7113926833,"Area Hospital,Nagari",hospital,13.3419768,79.5799458,,"Chittoor",517590
7113926835,"Government Hospital,Pamidi",hospital,14.9443864,77.5897149,,"Anantapur",515775
7113926838,"Government Hospital,Roddam",hospital,14.0902274,77.4276813,,"Anantapur",515123
7113926841,"Government Hospital,Talupula",hospital,14.24242,78.2550864,,"Anantapur",515581
7113926842,"Government General Hospital,Kuppam",hospital,12.765146,78.349579,,"Chittoor",517425
7113926844,"Government Ayurvedic Hospital",hospital,14.6874453,77.5934529,,"Anantapur",515001
7113926845,"Government Hospital,Garnimitta",hospital,13.819962,78.8957841,,"Chittoor",517213
7114008034,"Government Hospital,Viyyampeta",hospital,17.9231609,83.1486536,,"Vizianagaram",525183
7114008036,"Government Hospital ,Relangi",hospital,16.7059876,81.6472133,,"West Godavari",534225
7114008038,"Government Hospital, Pentapadu",hospital,16.7847014,81.5262593,,"West Godavari",534166
7114008039,"Area Hospital,Parvathipuram",hospital,18.7711288,83.4243477,,"Vizianagaram",535501
7114008044,"Government Hospital,Bheemili",hospital,17.8877592,83.4513908,,"Visakhapatnam",531163
7114008045,"Government Hospital, Chinamerangi",hospital,18.837095,83.549484,,"Vizianagaram",535526
7114008049,"Government Hospital, Godicherla",hospital,17.3921523,82.6221342,,"Visakhapatnam",531126
7114008050,"Government Hospital,Madalangi",hospital,18.8669366,83.5489583,,"Vizianagaram",535524
7114008052,"Government Hospital,Cheedikada",hospital,17.927342,82.8931162,,"Visakhapatnam",531028
7114008053,"Kids Hospital,Rambadrapuram",hospital,18.4954706,83.2810875,,"Vizianagaram",535579
7114008055,"GVMC hospital,FRU Arilova",hospital,17.7686588,83.3172347,,"Visakhapatnam",530040
7114008059,"Piridi Hospital",hospital,18.5761344,83.4194129,,"Vizianagaram",536558
7114008069,"Government Hospital , Kamavarapukota",hospital,17.0057151,81.1913352,,"West Godavari",534449
7114008071,"Government Hospital, Pedanindrakolanu",hospital,16.7430376,81.3918586,,"West Godavari",534195
7114008073,"Government Hospital, Undi",hospital,16.587047,81.4532388,,"West Godavari",
7114008074,"Government Hospital,Raghavapuram",hospital,17.1175225,80.9010288,,"West Godavari",534460
7114008077,"Government Hospital, Badangi",hospital,18.4938216,83.3593287,,"Vizianagaram",535578
7114008080,"Government Hospital, Jami",hospital,18.0515574,83.2657175,,"Vizianagaram",535250
7114008083,"Government Hospital,Lakkavarapukota",hospital,18.0184435,83.1526432,,"Vizianagaram",535161
7114008085,"Government hospital, Rambili",hospital,17.465312,82.9301819,,"Visakhapatnam",531061
7114008086,"Government Hospital,Pusapatirega",hospital,18.0917189,83.552523,,"Vizianagaram",535204
7114008091,"Philadelphia Community Hospital",hospital,18.5202268,83.1982907,,"Vizianagaram",535591
7114008093,"NTR Government Hospital,Anakapalle",hospital,17.6845257,83.0067163,,"Visakhapatnam",531001
7114008101,"Government Hospital, Borrampalem",hospital,17.084158,81.1955157,,"West Godavari",534447
7114008103,"Government Hospital, Peravali",hospital,16.749847,81.734411,,"West Godavari",
7114008104,"Government Hospital,Palakoderu",hospital,16.5853781,81.5438717,,"West Godavari",534210
7114008109,"Area Hospital,Araku Valley",hospital,18.3240129,82.8855692,,"Visakhapatnam",531151
7114008111,"Government hospital, Gollapalli",hospital,18.571794,83.37399,,"Vizianagaram",535558
7114008114,"Government Hospital,Jiyyammavalasa",hospital,18.7903674,83.6005777,,"Vizianagaram",535595
7114008116,"Government Hospital, Munagapaka",hospital,17.633837,82.986613,,"Visakhapatnam",531033
7114008117,"Government Hospital,Pachipenta",hospital,18.48215,83.114377,,"Vizianagaram",535592
7114008119,"Government Hospital,Nakkapalli",hospital,17.4130916,82.7254825,,"Visakhapatnam",
7114008120,"Maharani Mother & Child (Ghosha) Hospital",hospital,18.1170655,83.4163826,,"Vizianagaram",535002
7114008133,"Government General Hospital, Lankalakoderu",hospital,16.5264248,81.6815392,,"West Godavari",534250
7114008135,"Government Hospital, L.B. Cherla",hospital,16.3945532,81.6672183,,"West Godavari",534275
7114008137,"Government Hospital, Penumantra",hospital,16.6532897,81.6415637,,"West Godavari",534312
7114008138,"Government Hospital,Elamanchili",hospital,16.4805316,81.7830679,,"West Godavari",534268
7114008140,"Government Hospital,Devarapalli",hospital,17.0289633,81.5555607,,"West Godavari",534313
7114008143,"Area Hospital - Narsipatnam",hospital,17.6727959,82.6106725,,"Visakhapatnam",531116
7114008145,"Government hospital, Gollapalli",hospital,16.724522,80.909956,,"Vizianagaram",532122
7114008147,"Government Hospital,Govindapuram",hospital,18.0938621,83.6129037,,"Vizianagaram",535204
7114008149,"Government Hospital, K Kotapadu",hospital,17.8883305,83.0408116,,"Visakhapatnam",531034
7114008150,"Government Hospital,Mondemkhallu",hospital,18.9229288,83.6938184,,"Vizianagaram",535524
7114008152,"Government Hospital,Madugula",hospital,17.9183224,82.8185393,,"Visakhapatnam",531029
7114008153,"Maharaja District Hospital, Vizianagaram",hospital,18.110744,83.386585,,"Vizianagaram",
7114008168,"Government Hospital,Regupalem",hospital,17.5178218,82.816752,,"Visakhapatnam",531055
7114008169,"Government Hospital, Penugonda",hospital,16.660554,81.7502975,,"West Godavari",534320
7114008171,"Government Hospital, Yendagandi",hospital,16.6401724,81.5232355,,"West Godavari",534186
7114008175,"Government Hospital, Garugubilli",hospital,18.7111266,83.4941907,,"Vizianagaram",535463
7114008178,"Government Hospital,Balijipeta",hospital,18.6168108,83.530167,,"Vizianagaram",535557
7114008180,"Government Hospital, Golugonda",hospital,17.6774183,82.4720572,,"Visakhapatnam",531084
7114008181,"Government Hospital,Makkuva",hospital,18.6591,83.269693,,"Vizianagaram",535547
7115980651,"Government Hospital, Chennaiahpeta",hospital,18.4714774,83.7788293,,"Srikakulam",532123
7115980652,"Government Hospital,Kurigam",hospital,18.8101553,83.9771349,,"Srikakulam",532455
7115980653,"Government Hospital, Thogaram",hospital,18.3969317,83.8450196,,"Srikakulam",532484
7115980657,"Government Hospital, Mettakkivalasa",hospital,18.4114442,83.9031646,,"Srikakulam",532185
7115980658,"Area Hospital,Tekkali",hospital,18.6015646,84.2386772,,"Srikakulam",532201
7115980663,"Government Hospital, Baruva",hospital,18.8853887,84.5813046,,"Srikakulam",532263
7115980664,"Government Railway Hospital,Palasa",hospital,18.7611632,84.424622,,"Srikakulam",532221
7115980666,"Government Hospital, Seethampeta",hospital,18.695397,83.816622,,"Srikakulam",532443
7115980667,"Prabhutva Ayurveda Speciality Wing Hospital",hospital,18.2964193,83.8951121,,"Srikakulam",532001
7115980670,"Government Hospital, Santhabommali",hospital,18.5364622,84.2024962,,"Srikakulam",532195
7115980671,"RIMS General Hospital",hospital,18.3131952,83.8875065,,"Srikakulam",532001
7115980672,"Government Hospital, Chapara",hospital,18.7705786,84.1831558,,"Srikakulam",532216
7115980676,"Government Hospital, Baleru",hospital,18.858466,83.8454329,,"Srikakulam",532455
7115980677,"Government Hospital,Sompeta",hospital,18.947865,84.584178,,"Srikakulam",532284
7115980679,"Government Hospital,Pundi",hospital,18.6607368,84.3668932,,"Srikakulam",532218
7115980682,"Budithi Hospital",hospital,18.545402,84.011328,,"Srikakulam",532427
7115980683,"Government Hospital, Razam",hospital,18.4490674,83.6594204,,"Srikakulam",532127
7115980685,"Government Hospital, Borivanka",hospital,18.9834672,84.6687384,,"Srikakulam",532322
7115980686,"Government Hospital,Konusulakotturu",hospital,18.5708794,84.1941819,,"Srikakulam",532201
7115980688,"Government Hospital, Boddam",hospital,18.4107994,83.6318858,,"Srikakulam",532148
7115980691,"Government Hospital , Ichapuram",hospital,19.111361,84.685589,,"Srikakulam",532312
7115980692,"Government Hospital,L.N.Peta",hospital,18.6159305,83.9618279,,"Srikakulam",532458
7115980698,"Government Hospital, Haripuram",hospital,18.8471574,84.5027718,,"Srikakulam",532234
7115980699,"Government Hospital,Pathapatnam",hospital,18.7456769,84.0845567,,"Srikakulam",532213
7115980701,"Government Hospital, Battigalluru",hospital,18.86122,84.5804544,,"Srikakulam",532263
7115980704,"Government Hospital, Annavaram",hospital,17.2799819,82.403199,,"Srikakulam",532440
7115980705,"Government Hospital, Ponduru",hospital,18.3514386,83.7596366,,"Srikakulam",532168
7116063009,"Government Hospital,Maddipadu",hospital,15.6223732,80.0222312,,"Prakasam",523211
7116063012,"Government Hospital, Galijerugulla",hospital,15.390633,79.1281846,,"Prakasam",523346
7116063016,"Government Hospital, Kanigiri",hospital,15.402988,79.5045292,,"Prakasam",523230
7116063018,"Government Hospital, Chirala",hospital,15.8517429,80.3868314,,"Prakasam",523155
7116063019,"Railway Hospital, Donakonda",hospital,15.8350503,79.483811,,"Prakasam",523305
7116063020,"Government Hosiptal",hospital,15.745876,80.171261,,"Prakasam",523186
7116063021,"Government Hospital, Thurimella",hospital,15.5174011,78.9825415,,"Prakasam",523372
7116063023,"Government hospital, Pullalacheruvu",hospital,16.1519117,79.4262301,,"Prakasam",523328
7116063027,"Markapuram Area Government hospital",hospital,15.7409968,79.2551833,,"Prakasam",523329
7116063032,"Government Hospital Chatlamitta",hospital,15.8908599,79.2561409,,"Prakasam",
7116063033,"Government Hospital,Venkatadripalem",hospital,16.0521275,79.2170055,,"Prakasam",523327
7116063036,"Government Hospital,Kondapi",hospital,15.413531,79.856289,,"Prakasam",523270
7116063037,"Government Hospital, Sanjeevaraopeta",hospital,15.281437,78.895558,,"Prakasam",523369
7116063038,"Government hospital, Santhamaguluru",hospital,16.119676,79.9530247,,"Prakasam",523302
7116063045,"Government Hospital, Tarlupadu",hospital,15.6588151,79.2254769,,"Prakasam",523332
7116063048,"Government Hospital, Parchuru",hospital,15.9653968,80.2702414,,"Prakasam",523169
7116063049,"Government Hospital, Voletivaripalem",hospital,15.1647643,79.7256455,,"Prakasam",523116
7116063051,"Government General Hospital, Podili",hospital,15.6082088,79.6130691,,"Prakasam",523240
7116063052,"Governament hospital, Yachavaram",hospital,15.7031919,79.0128177,,"Prakasam",523333
7116063053,"Government Hospital, Pusalapadu",hospital,15.5007368,79.0954149,,"Prakasam",523334
7116063056,"Government Hospital,Lingasamudram",hospital,15.0855737,79.7220795,,"Prakasam",523114
7116063057,"Government Hhospital, Chandalur",hospital,15.8008106,79.5968864,,"Prakasam",523167
7116063059,"Government Hospital, Bandlamudi",hospital,15.607975,79.900463,,"Prakasam",523226
7116063060,"Government Hospital, Dronadula",hospital,15.9136319,80.1451202,,"Prakasam",523190
7116063064,"Government General Hospital, Marella",hospital,15.2763388,79.571308,,"Prakasam",523201
7116063065,"Government Hospital, Zarugumalli",hospital,15.3118303,79.9877561,,"Prakasam",523271
7116063066,"Government hospital, Singarayakonda",hospital,15.2429121,80.0144988,,"Prakasam",523101
7116063070,"Government Hospital, Pedda Dornala",hospital,15.9082416,79.0945142,,"Prakasam",523331
7116063073,"Karamchedu Government Hospital",hospital,15.8827961,80.321163,,"Prakasam",523168
7116063074,"District Government Hospital Kandukur",hospital,15.2133153,79.9014117,,"Prakasam",523105
7116063078,"Government Hospital , Naguluppala Padu",hospital,15.6400192,80.1134304,,"Prakasam",523183
7116063079,"Government Hospital,Yaddanapudi",hospital,15.9960541,80.1689557,,"Prakasam",523301
7116063081,"Government Hospital , Cherukuru",hospital,15.9940846,80.38336,,"Prakasam",523169
7116063083,"Government hospital,Annasamudram",hospital,16.0440775,79.5122466,,"Prakasam",523326
7116063086,"Government Hospital",hospital,15.1859797,80.0628926,,"Prakasam",523292
7116149222,"Government Hospital,Jagadevipeta",hospital,14.4791433,80.0774859,,"Sri Potti Sriramulu Nellore",524314
7116149226,"Government Hospital,Vidavaluru",hospital,14.5743211,80.0638319,,"Sri Potti Sriramulu Nellore",524316
7116149227,"Government Hospital, Sydapuram",hospital,14.1759634,79.740391,,"Sri Potti Sriramulu Nellore",524407
7116149232,"Government Hospital, Chittamur",hospital,13.9528086,80.0644964,,"Sri Potti Sriramulu Nellore",524127
7116149239,"Government Hospital, Nayudupeta",hospital,13.9076642,79.899737,,"Sri Potti Sriramulu Nellore",524126
7116149241,"Government Hospital, Kavali",hospital,14.9166624,79.998292,,"Sri Potti Sriramulu Nellore",524201
7116149242,"Government Hospital, Turimerla",hospital,14.6380952,79.9013083,,"Sri Potti Sriramulu Nellore",524317
7116149243,"Government Hospital,Gunapatipalem",hospital,13.9708424,79.9599442,,"Sri Potti Sriramulu Nellore",524415
7116149245,"Sri Pottipati Obul Reddy Government Hospital",hospital,13.6034437,80.0255231,,"Sri Potti Sriramulu Nellore",524401
7116149246,"Government Hospital, Jaladhanki",hospital,14.883736,79.9138507,,"Sri Potti Sriramulu Nellore",524223
7116149252,"Government Hospital, Seetharamapuram",hospital,15.0165428,79.141674,,"Sri Potti Sriramulu Nellore",524311
7116149254,"Government Hospital,Doravarisatram",hospital,13.8136511,79.9493017,,"Sri Potti Sriramulu Nellore",524123
7116149255,"Government Hospital, Duttalur",hospital,14.8460599,79.4131054,,"Sri Potti Sriramulu Nellore",524222
7116149257,"Government Hospital , Atmakur",hospital,15.876337,78.575503,,"Sri Potti Sriramulu Nellore",518422
7116149262,"Government Hospital,Vakadu",hospital,14.0008077,80.0663835,,"Sri Potti Sriramulu Nellore",524415
7116149263,"Government Hospital, Narrawada",hospital,14.8972514,79.418337,,"Sri Potti Sriramulu Nellore",524002
7116293021,"Government Hospital, Kankipadu",hospital,16.4357283,80.7676006,,"Krishna",521151
7116293024,"Government Hospital,Dosakayalapalle",hospital,17.1272265,81.8529028,,"East Godavari",533292
7116293029,"Government Hospital, A.Konduru",hospital,16.9603062,80.6479027,,"Krishna",521226
7116293038,"Government Hospital,Thondangi",hospital,17.245205,82.453841,,"East Godavari",533408
7116293040,"Tiruvuru Government Hospital",hospital,17.1144663,80.6101075,,"Krishna",521235
7116293041,"Government Hospital, Serulanka",hospital,16.6952759,82.1319082,,"East Godavari",533263
7116293046,"Government Hospital, Kesanakurru",hospital,16.6403283,82.1659856,,"East Godavari",533220
7116293049,"Government Hospital, Geddanapalli",hospital,17.20115,82.150688,,"East Godavari",533431
7116293052,"Government Hospital,Rajanagaram",hospital,17.0763489,81.9014249,,"East Godavari",533294
7116293056,"Government Hospital, Kotikesavaram",hospital,17.2027641,81.7709812,,"East Godavari",533290
7116293061,"Government Hospital, Kondapalli",hospital,16.6214759,80.5382224,,"Krishna",521228
7116293062,"Government Hospital, Bikkavolu",hospital,16.96141,82.0469661,,"East Godavari",533343
7116293065,"Government Hospital,Bendamurlanka",hospital,16.444261,81.982303,,"East Godavari",533210
7116293067,"Government Hospital, Agiripalli",hospital,16.685033,80.787802,,"Krishna",521211
7116293072,"Choutapally Government Hospital",hospital,17.0422871,80.6027682,,"Krishna",521227
7116293075,"Government Hospital,Uppalaguptam",hospital,16.5531738,82.093821,,"East Godavari",533222
7116293078,"Government Hospital, Ravikampadu",hospital,17.2306885,82.3723645,,"East Godavari",533408
7116293087,"Government Hospital,Gollaprollu",hospital,17.1570165,82.2893936,,"East Godavari",533445
7116293090,"Government Hospital,Pekeru",hospital,16.7508039,82.118225,,"East Godavari",533263
7116293092,"Guraja Government Hospital",hospital,16.4043438,81.1079236,,"Krishna",521325
7116293093,"Government Hospital, Narendrapuram",hospital,16.6310466,81.9033168,,"East Godavari",533229
7116293095,"Edurumondi Government Hospital",hospital,15.8400863,80.8892612,,"Krishna",521120
7116293096,"Government Hospital, Guduru",hospital,16.2149227,81.0775082,,"Krishna",521149
7116293097,"Government General Hospital,Vella",hospital,16.8241974,82.0612629,,"East Godavari",533255
7116293101,"Government Hospital,Choppella",hospital,16.839997,81.848703,,"East Godavari",533234
7116293105,"Government Hospital,A.V. Nagaram",hospital,17.1910463,82.3997509,,"East Godavari",533447
7116293106,"Challapalli Government Hospital",hospital,16.1207027,80.9277785,,"Krishna",521126
7116293109,"Devapudi Government Hospital",hospital,16.4442273,81.2111329,,"Krishna",521343
7116293119,"Government Hospital, Rayavaram",hospital,16.9003565,82.0020336,,"East Godavari",533346
7116293121,"Sorlagodndi Government Hospital",hospital,15.86362,80.966934,,"Krishna",521120
7116293124,"Area Hospital,Peddapuram",hospital,17.081769,82.1261185,,"East Godavari",533437
7116293128,"Government Hospital, Kirlampudi",hospital,17.201998,82.181185,,"East Godavari",533431
7116293131,"Government Hospital,Peruru",hospital,16.5465379,81.9849631,,"East Godavari",533218
7116293134,"Government Hospital,Kothalanka",hospital,16.632073,82.138508,,"East Godavari",533216
7116293137,"Government Hospital,Katuru",hospital,16.4248044,80.8621926,,"Krishna",521164
7116293138,"Government Hospital Kotananduru",hospital,17.477112,82.498949,,"East Godavari",533407
7116293140,"Government Hospital, Kalidindi",hospital,16.505681,81.293499,,"Krishna",521344
7116293144,"Gantasala Government Hospital",hospital,16.1698392,80.9466338,,"Krishna",521133
7116293161,"Government Hospital,Vanapalli",hospital,16.6837256,81.9467123,,"East Godavari",533228
7116293167,"Area Hospital, Ramachandrapuram",hospital,16.8332614,82.0317054,,"East Godavari",533255
7116293171,"Government Hospital, Korukonda",hospital,17.169486,81.8347822,,"East Godavari",533289
7116293173,"Penuganchiprolu Government Hospital",hospital,16.9083333,80.2378812,,"Krishna",521190
7116293177,"Government Hospital,Kothapeta",hospital,16.718281,81.894087,,"East Godavari",533223
7116293180,"Government Hospital,Vissannapeta",hospital,16.9386437,80.7817705,,"Krishna",521215
7116293181,"Goverment Hospital, Bhimanapalli",hospital,16.586771,82.068169,,"East Godavari",533222
7116293189,"Government Hospital,Dangeru",hospital,16.7349887,82.0795379,,"East Godavari",533306
7116293196,"Area Hospital,Rampachodavaram",hospital,17.4306235,81.7771418,,"East Godavari",533288
7116293205,"Government Hospital,Vubalanka",hospital,16.773785,81.831025,,"East Godavari",533237
7116293208,"Government Hospital, Sakhinetipalli",hospital,16.4041734,81.7574992,,"East Godavari",533251
7116293210,"Sub-District Hospital, Gudiwada",hospital,16.4347597,80.9914406,,"Krishna",521301
7116293213,"Government Hospital, Katravulapalli",hospital,17.1288392,82.0827381,,"East Godavari",533437
7116293216,"Government Hospital,Karapa",hospital,16.89914,82.167114,,"East Godavari",533462
7116293219,"Government Hospital,Pidathamamidi",hospital,17.3483848,81.9622349,,"East Godavari",533284
7116293222,"Government General Hospital",hospital,16.9557132,82.2273127,,"East Godavari",533001
7116293224,"ESI Hospital",hospital,16.5196036,80.668182,,"Krishna",520004
7173967451,"Omega",hospital,16.31628,80.4721265,,,
7244078695,"Homeopathy hospital",hospital,16.4421212,80.9911148,,,
7244313015,Unknown,hospital,16.5774998,82.0063828,,,
7786364817,"Svdp Hospital",hospital,18.7653489,84.4178744,,"Srikakulam",532222
7786364818,"Vennila Hospital",hospital,18.6943154,84.4399888,,"Srikakulam",532222
7786364820,"Dr. Kella Venkatarao Hospital",hospital,18.2999999,83.8948131,,"Srikakulam",532001
7786364821,"Dr Madhu Hospital",hospital,18.3070871,83.8928526,,"Srikakulam",532001
7786364822,"Pundi Hospital",hospital,18.662607,84.372358,,"Srikakulam",532218
7786364823,"S.A.N. Children's Hospital",hospital,18.3057836,83.8941554,,"Srikakulam",532001
7786364825,"Suraksha Kidney & Maternity Centre",hospital,18.3133253,83.8956032,,"Srikakulam",532001
7786364826,"Parthiv Hospital",hospital,18.3072952,83.8973497,,"Srikakulam",532001
7786364827,"Dr.Sanjeev Hospital",hospital,18.6631264,84.3728269,,"Srikakulam",532218
7786364830,"Dr Sheila Eye Hospital",hospital,18.7650146,84.4188224,,"Srikakulam",532222
7786364834,"Sanjay Hospital",hospital,18.66269,84.37349,,"Srikakulam",532218
7786364835,"Sri Vishnavi Ganesh Doctor'S Plaza",hospital,18.306725,83.894548,,"Srikakulam",532001
7786364836,"Dr.L. Suryalingam Hospital",hospital,18.2933037,83.8962327,,"Srikakulam",532001
7786364838,"Sukhibava Hospital",hospital,18.2893051,83.9055983,,"Srikakulam",532001
7786364839,"S.V. Hospital",hospital,18.3069118,83.893269,,"Srikakulam",532001
7786364840,"Siri Hospital",hospital,18.276062,83.902446,,"Srikakulam",532001
7786364841,"Dwarakamai Hospital",hospital,18.3079069,83.8953372,,"Srikakulam",532001
7786364843,"Dr Sasikala Hospital",hospital,18.3023799,83.8963732,,"Srikakulam",532001
7786364844,"Sri Harinarayana Hospital",hospital,18.2901119,83.8967505,,"Srikakulam",532001
7786364845,"Anuradha Hospital",hospital,18.2886198,83.896217,,"Srikakulam",532001
7786364846,"Dr Balakrishna Hospital",hospital,18.7640506,84.4184564,,"Srikakulam",532222
7786364847,"Prem Hospital",hospital,18.3052636,83.8969895,,"Srikakulam",532001
7786364848,"Kamala Hospital",hospital,18.305061,83.899076,,"Srikakulam",532001
7786364849,"Dr . Sridhar Hospital",hospital,18.307579,83.892814,,"Srikakulam",532001
7786364850,"Oxygen Hospital",hospital,18.7645122,84.4195735,,"Srikakulam",532222
7786364851,"Dr.Golivi Hospital",hospital,18.3136668,83.895177,,"Srikakulam",532001
7786364854,"Dr.Caps Memorial Society",hospital,18.2766065,83.8960997,,"Srikakulam",532001
7786364856,"Dr Malleswara Rao Hospital",hospital,18.7639182,84.4207399,,"Srikakulam",532222
7786364858,"New Oxyzen Hospital",hospital,18.7641187,84.4169469,,"Srikakulam",532222
7786364860,"Padma Hospital",hospital,18.762265,84.4198649,,"Srikakulam",532222
7786364862,"Vandana Nursing Home",hospital,18.2824841,83.8987348,,"Srikakulam",532001
7786364863,"Dinesh Eye Hospital",hospital,18.3083461,83.8929577,,"Srikakulam",532001
7786364864,"Sri Srinivasa Maternity Hospital",hospital,18.3053496,83.8970004,,"Srikakulam",532001
7786364865,"Rainbow Hospitals",hospital,18.306563,83.893845,,"Srikakulam",532001
7786364866,"Varenya Oopiri Chest Hospital",hospital,18.3059933,83.893564,,"Srikakulam",532001
7786364870,"Eswar Eye Hospital",hospital,18.294203,83.8935153,,"Srikakulam",532001
7786364871,"Sri Krishna Hospital",hospital,18.7631364,84.4181344,,"Srikakulam",532222
7786364872,"R.k Hospital",hospital,18.3068417,83.8945383,,"Srikakulam",532001
7786364874,"Sri Sanjeevani Naturecure Hospital",hospital,18.761619,84.4188,,"Srikakulam",532222
7786364875,"Dr. Vijayakumar Children's Hospital",hospital,18.762138,84.42748,,"Srikakulam",532222
7786364876,"Vijaya Narayana Hospital",hospital,18.7633444,84.4263158,,"Srikakulam",532222
7786364877,"Care Hospitals",hospital,18.30595,83.893603,,"Srikakulam",532001
7786364880,"Sindhuja Nursing Home",hospital,18.6628514,84.3728229,,"Srikakulam",532218
7786364881,"Life Hospital",hospital,18.3056749,83.8930275,,"Srikakulam",532001
7786364882,"Tirumala Maternity & Surgical Hospital",hospital,18.3016242,83.9031396,,"Srikakulam",532001
7786364883,"Sri Venkateswara Nursing Home",hospital,18.662774,84.372771,,"Srikakulam",532218
7786364884,"Janani Mother And Child Hospital",hospital,18.305423,83.893042,,"Srikakulam",532001
7786364885,"Vijaya Hospital",hospital,18.3057754,83.896696,,"Srikakulam",532001
7786891159,"Praja Hospital",hospital,18.5759145,83.3533681,,"Vizianagaram",535558
7786891161,"Gayathri Nursing Home",hospital,18.6157534,83.5239182,,"Vizianagaram",535557
7786891165,"Kolaparthi Multi Speciality Hospital",hospital,18.1050466,83.1377727,,"Vizianagaram",535145
7786891166,"Swamy Hospital",hospital,18.7740507,83.4245325,,"Vizianagaram",535501
7786891167,"Sri Venkateswara Hospital",hospital,18.5738056,83.3464774,,"Vizianagaram",535558
7786891169,"ESI Hospital",hospital,18.2863043,83.5409231,,"Vizianagaram",535101
7786891172,"Bhanu Prasad Hospital",hospital,18.7816976,83.4267978,,"Vizianagaram",535501
7786891175,"Maruthi Hospital",hospital,18.1670949,83.4490994,,"Vizianagaram",535217
7786891176,"Bhavani Multi Speciality Dental Hospital",hospital,18.5175182,83.2029783,,"Vizianagaram",535591
7786891177,"Sri Rama Nursing Home",hospital,18.6598048,83.2681403,,"Vizianagaram",535547
7786891179,"Leprasy Hospital",hospital,18.7675648,83.4301608,,"Vizianagaram",535501
7786891180,"Sri Vijaya Hospital",hospital,18.3013684,83.560301,,"Vizianagaram",535128
7786891182,"Meenakshi Hospital & Dental Care",hospital,18.3081883,83.5667173,,"Vizianagaram",535128
7786891183,"Raja Simha Children's Hospital",hospital,18.776746,83.425261,,"Vizianagaram",535501
7786891185,"Sri Venkata Sai Multi Specialty Hospital",hospital,17.8951943,83.1863316,,"Vizianagaram",535183
7786891186,"Gopinath Hospital",hospital,18.5712049,83.3474548,,"Vizianagaram",535558
7786891188,"Vandana Hospital",hospital,18.771155,83.422401,,"Vizianagaram",535501
7786891189,"Sowndarya ENT Hospital",hospital,18.7817374,83.4267443,,"Vizianagaram",535501
7786891194,"Sri Sai Hospital",hospital,18.7721601,83.4230691,,"Vizianagaram",535501
7786891195,"Vasudha Mother And Children Hospital",hospital,18.2803221,83.3372593,,"Vizianagaram",535270
7786891197,"Padmaja Hospital",hospital,18.7772273,83.4247089,,"Vizianagaram",535501
7786891200,"Sharma Hospital",hospital,18.1389517,83.3024885,,"Vizianagaram",535215
7786891201,"Niharika Hospital",hospital,17.8999331,83.1856362,,"Vizianagaram",535183
7786891202,"Laxmi Hospital",hospital,18.5191784,83.2085944,,"Vizianagaram",535591
7786891205,"Government Hospital",hospital,18.662253,83.3716906,,"Vizianagaram",535546
7786891209,"Choudary Hospital and Diagnostics",hospital,18.7755905,83.425884,,"Vizianagaram",535522
7786891212,"Sri Venkatarama Children's Hospital",hospital,18.5732391,83.3548004,,"Vizianagaram",535558
7786891213,"Government Hospital",hospital,18.1408598,83.2987045,,"Vizianagaram",535215
7786891215,"Sudha Orthopaedic Hospital",hospital,18.776522,83.425324,,"Vizianagaram",535501
7786891217,"Raghu Nursing Home",hospital,18.516766,83.2062944,,"Vizianagaram",535591
7786891218,"Ramarajyam Hospital",hospital,18.5751124,83.3511082,,"Vizianagaram",535558
7786891219,"Suneetha Tallipilla Hospital",hospital,18.573458,83.3583459,,"Vizianagaram",535558
7786891220,"Simhachalam Hospital",hospital,18.093818,83.5535387,,"Vizianagaram",535204
7786891221,"Jyothi Hospital",hospital,18.5201954,83.198378,,"Vizianagaram",535591
7786891223,"Dr. B Ramarao Hospital",hospital,17.8976322,83.1862515,,"Vizianagaram",535183
7786891227,"St. Joseph's Hospital",hospital,18.5740872,83.3484069,,"Vizianagaram",535558
7786956541,"Government Hospital",hospital,18.0944637,83.3866502,,"Vizianagaram",535004
7786956542,"Archana Bhaskar Nursing Home",hospital,18.118877,83.402805,,"Vizianagaram",535001
7786956545,"Venkatadri Hospital",hospital,18.1016859,83.4147071,,"Vizianagaram",535002
7786956550,"Queens NRI Hospital",hospital,18.1175223,83.4012528,,"Vizianagaram",535001
7786956551,"Sree Hospitals",hospital,18.1112799,83.4153279,,"Vizianagaram",535002
7786956553,"Pavan Eye Hospital",hospital,18.1037988,83.4089703,,"Vizianagaram",535002
7786956556,"Sri Varma Hospital",hospital,18.1266703,83.3876952,,"Vizianagaram",535003
7786956559,"Leprosy Mission Hospital",hospital,18.064523,83.39122,,"Vizianagaram",535005
7786956560,"Dr. Rehman Memorial Hospital",hospital,18.1174132,83.3916056,,"Vizianagaram",535003
7786956562,"Prabhakar Rao Hospital",hospital,18.122573,83.4123782,,"Vizianagaram",535002
7786956565,"Swamy Eye Hospial",hospital,18.0998794,83.4014713,,"Vizianagaram",535001
7786956570,"Chandamama Children Hospital",hospital,18.1204365,83.4016744,,"Vizianagaram",535001
7786956572,"Padmaja Hospital",hospital,18.1069436,83.3965067,,"Vizianagaram",535001
7786956573,"Care N Cure Children Hospital",hospital,18.1105936,83.4182997,,"Vizianagaram",535002
7786956575,"Gadam Dental Hospital",hospital,18.10459,83.407775,,"Vizianagaram",535002
7786956578,"Aishwarya Hospital",hospital,18.112766,83.412955,,"Vizianagaram",535002
7786956581,"Surya Hospital",hospital,18.1039237,83.4077898,,"Vizianagaram",535002
7786956583,"D.J Hospitals",hospital,18.1146474,83.4138637,,"Vizianagaram",535002
7786956584,"M.S. Hospital",hospital,18.109632,83.4194215,,"Vizianagaram",535002
7786956585,"Dr. P.V.G. Raju Rotary Health Centre",hospital,18.108938,83.411671,,"Vizianagaram",535002
7786956588,"Matha Hospital",hospital,18.1104755,83.4211452,,"Vizianagaram",535002
7786956593,"Government Hospital",hospital,18.1057468,83.4186722,,"Vizianagaram",535002
7786956595,"Sai Ramya Hospital",hospital,18.1184121,83.3887028,,"Vizianagaram",535003
7786956597,"BSA Hospital",hospital,18.1104884,83.3900713,,"Vizianagaram",535003
7786956598,"Gayatri Hospital",hospital,18.1105217,83.4186318,,"Vizianagaram",535002
7786956599,"Dr. Y. V. Siva Sankara Murty Children Hospital",hospital,18.0990583,83.4163525,,"Vizianagaram",535002
7787057180,"Bethany Christian Hospital",hospital,17.8027947,83.347569,,"Visakhapatnam",530041
7787057181,"Dr. Adams Hospital",hospital,17.7998444,83.3508178,,"Visakhapatnam",530048
7787057184,"Master Homeo Vaidyalayam",hospital,17.7341833,83.298429,,"Visakhapatnam",530016
7787057185,"Dr. Hedgewar School Hospital",hospital,17.8830152,83.3251813,,"Visakhapatnam",530052
7787057188,"Ramakrishna ENT Hospital",hospital,17.8118168,83.3557704,,"Visakhapatnam",530048
7787057191,"Day & Night Hospital",hospital,17.7289618,83.310741,,"Visakhapatnam",530016
7787057192,"NRI General Hospital",hospital,17.921695,83.426394,,"Visakhapatnam",531162
7787057193,"ESI Hospital",hospital,17.927652,83.423953,,"Visakhapatnam",531163
7787057196,"Sanjivi Hospital",hospital,17.743927,83.328678,,"Visakhapatnam",530022
7787057199,"Government Hospital",hospital,17.735493,83.296865,,"Visakhapatnam",530016
7787057201,"Sai Spoorthy Hospital",hospital,17.7274681,83.3043823,,"Visakhapatnam",530016
7787057202,"Amma Hospital",hospital,17.7468553,83.3307524,,"Visakhapatnam",530017
7787057203,"Sandhya Eye Hospitals",hospital,17.7322507,83.3169337,,"Visakhapatnam",530016
7787057204,"Arogya Hospital",hospital,17.9310994,83.427302,,"Visakhapatnam",531163
7787057207,"Sri Krishna Hospital And Mrudula Kidney Centre",hospital,17.7398696,83.3381086,,"Visakhapatnam",530017
7787057208,"Ramkumar Hospital",hospital,17.7347439,83.2989253,,"Visakhapatnam",530016
7787057209,"Reddy Hospital",hospital,17.7295515,83.3099357,,"Visakhapatnam",530016
7787057210,"Kalavathy Maternity Hospital",hospital,17.7301424,83.2912686,,"Visakhapatnam",530016
7787057211,"S.V Hospital",hospital,17.7315298,83.2982102,,"Visakhapatnam",530016
7787057212,"Naidu Hospital",hospital,17.8948381,83.4480273,,"Visakhapatnam",531163
7787057214,"Lakshmi Gayathri Hospital",hospital,17.7360864,83.2988976,,"Visakhapatnam",530016
7787057217,"Saroja Hospital",hospital,17.733482,83.300686,,"Visakhapatnam",530016
7787057218,"Surya Hospital",hospital,17.8059869,83.3397326,,"Visakhapatnam",530041
7787057220,"A1 Hospital",hospital,17.739424,83.2994272,,"Visakhapatnam",530016
7787057222,"Mukyamantri Arogya Kendram",hospital,17.8952319,83.4451285,,"Visakhapatnam",531163
7787057223,"CARE Hospitals",hospital,17.7275716,83.294103,,"Visakhapatnam",530016
7787057224,"Surya Nursing Home",hospital,17.9321277,83.423704,,"Visakhapatnam",531162
7787057225,"Medi Cos Den Hospital",hospital,17.7636399,83.3591053,,"Visakhapatnam",530045
7787057226,"Sri Surya Hospital",hospital,17.7427806,83.340338,,"Visakhapatnam",530017
7787057228,"Sri Krishna Hospital",hospital,17.7346615,83.3003628,,"Visakhapatnam",530016
7787057232,"Ujhwal Hospitals",hospital,17.8131242,83.3555939,,"Visakhapatnam",530048
7787057233,"Navratna Kesava Rao Hospital",hospital,17.8900803,83.4536651,,"Visakhapatnam",531163
7787057234,"Dr. Kamalamma Hospital",hospital,17.7289528,83.2936785,,"Visakhapatnam",530016
7787057235,"National Orthopaedic Centre",hospital,17.7364007,83.3116732,,"Visakhapatnam",530013
7787057240,"Vivekanandha Hospital",hospital,17.7318218,83.2982472,,"Visakhapatnam",530016
7787057241,"Government ENT Hospital",hospital,17.745865,83.3141989,,"Visakhapatnam",530013
7787057242,"Padmavathi Hospital",hospital,17.7414689,83.3075918,,"Visakhapatnam",530013
7787057245,"GITAM Hospital",hospital,17.7846774,83.3746555,,"Visakhapatnam",530045
7787057249,"Krishnaveni Hospital",hospital,17.7301583,83.2947484,,"Visakhapatnam",530016
7787057256,"Morpheus Padmasri International IVF Centre",hospital,17.7380243,83.3034712,,"Visakhapatnam",530016
7787057259,"GK's Rainbow Dental Superspeciality Hospital",hospital,17.8024524,83.3535257,,"Visakhapatnam",530041
7787057260,"Krishna Children Hospital",hospital,17.7289115,83.293632,,"Visakhapatnam",530016
7787057261,"Master Homoeo Home",hospital,17.7274279,83.3077406,,"Visakhapatnam",530016
7787057262,"Sri Sai Ram Hospital",hospital,17.7322439,83.2918881,,"Visakhapatnam",530016
7787057263,"Dr. Ramakrishna Hospital",hospital,17.9309318,83.4260617,,"Visakhapatnam",531163
7787057268,"Soham ENT Hospital",hospital,17.7442418,83.297657,,"Visakhapatnam",530024
7787057270,"Keerthana Nursing Home",hospital,17.8040379,83.3467145,,"Visakhapatnam",530041
7787057271,"Padmavathi Nursing Home",hospital,17.9307079,83.4191803,,"Visakhapatnam",531162
7787057272,"Sri Gayatri Nursing Home & Kasturi Maternity Hospital",hospital,17.7244631,83.3331524,,"Visakhapatnam",530017
7787449680,"Akshaya Hospitals",hospital,17.6613348,82.6275161,,"Visakhapatnam",531116
7787449683,"Uma Maheswara Children Hospital",hospital,17.668902,82.610393,,"Visakhapatnam",531116
7787449684,"Tirumala Jyoti Hospital",hospital,17.683136,83.001827,,"Visakhapatnam",531001
7787449685,"Government Hospital",hospital,17.7467671,82.9560418,,"Visakhapatnam",531031
7787449686,"Dr. Soma Raju Children Hospital",hospital,17.6882064,83.0101255,,"Visakhapatnam",531001
7787449688,"Kalyani Nursing Home",hospital,17.687728,83.001839,,"Visakhapatnam",531001
7787449689,"Annapurna Hospital",hospital,17.6842691,83.011245,,"Visakhapatnam",531001
7787449691,"SS Dental Hospital",hospital,17.688264,83.009283,,"Visakhapatnam",531001
7787449692,"Maternity Hospital",hospital,17.6848737,83.0101274,,"Visakhapatnam",531001
7787449693,"Government Hospital",hospital,18.0148317,82.5411613,,"Visakhapatnam",531029
7787449694,"Sai Teja Hospital",hospital,17.686424,83.00072,,"Visakhapatnam",531001
7787449695,"Benargy Hospital",hospital,17.6753904,83.0010632,,"Visakhapatnam",531001
7787449696,"Sri Sagar Hospital",hospital,17.6892581,83.0021022,,"Visakhapatnam",531001
7787449699,"Abhay Arogya Hospital",hospital,17.8278456,82.9368591,,"Visakhapatnam",531036
7787449701,"Sri Vijaya Lakshmi Hospital",hospital,17.8297069,82.9274015,,"Visakhapatnam",531036
7787449702,"Sri Srinivasa Hospital",hospital,17.9169656,82.8128916,,"Visakhapatnam",534101
7787449703,"Dr. C S Kumar Hospital",hospital,17.664493,82.613169,,"Visakhapatnam",531116
7787449704,"Srinivasa Children's Hospital",hospital,17.688484,83.002889,,"Visakhapatnam",531001
7787449705,"Government Hospital",hospital,17.9925538,82.9828155,,"Visakhapatnam",531030
7787449707,"Dr. Yekkala Rama Krishna Hospital",hospital,17.664949,82.614116,,"Visakhapatnam",531116
7787449708,"Thummapala Primary Hospital",hospital,17.7092053,82.9985248,,"Visakhapatnam",531032
7787449709,"London Children's Hospital",hospital,17.6852716,83.0024749,,"Visakhapatnam",531001
7787449711,"Gollaprolu Children's Hospital",hospital,17.5478426,82.8529786,,"Visakhapatnam",531055
7787449713,"Lakshmi Children Hospital",hospital,17.8250127,82.9417718,,"Visakhapatnam",531036
7787449714,"American Hospital",hospital,17.6744778,82.5970027,,"Visakhapatnam",531116
7787449715,"Nirmala Maternity Hospital",hospital,17.6854923,83.00227,,"Visakhapatnam",531001
7787449716,"Ayyappa Gupta Eye Hospital",hospital,17.6916683,83.0037356,,"Visakhapatnam",531001
7787449717,"Sri Dhanvi Multi Speciality Dental Hospital",hospital,17.6604204,82.615497,,"Visakhapatnam",531116
7787449719,"Government Hospital",hospital,17.8402661,82.9988148,,"Visakhapatnam",531034
7787449720,"Usha Prime Multispeciality Hospital",hospital,17.687618,83.001744,,"Visakhapatnam",531001
7787449721,"Hosanna Hospital",hospital,17.566434,82.682574,,"Visakhapatnam",531085
7787449723,"Janaseva Eye Hospital",hospital,17.5516438,82.8533103,,"Visakhapatnam",531055
7787449724,"Dr. K. Venkatesh Hospital",hospital,17.9272601,82.8906247,,"Visakhapatnam",531028
7787449727,"Sahasra Dental Hospital",hospital,17.6671649,82.6123346,,"Visakhapatnam",531116
7787449728,"Spark Dental Hospital",hospital,17.82508,82.9391521,,"Visakhapatnam",531036
7787449730,"Araku Railway Hospital",hospital,18.3346253,82.8657937,,"Visakhapatnam",531151
7787449731,"Sree Seshapadma Hospital",hospital,17.5534898,82.8517581,,"Visakhapatnam",531055
7787449732,"Gadam Dental Hospital",hospital,17.687646,83.002401,,"Visakhapatnam",531001
7787449736,"Medikon Hospital",hospital,17.680999,83.001142,,"Visakhapatnam",531001
7787449739,"Ravi Hospital",hospital,17.686005,83.009456,,"Visakhapatnam",531001
7787449740,"Nirmala Hospital",hospital,18.333954,82.870444,,"Visakhapatnam",531151
7787449741,"Laxmi Orthopaedic Hospital",hospital,17.68721,83.005706,,"Visakhapatnam",531001
7787449745,"Dr. Adikari Gopalarao Hospital",hospital,17.6625914,82.6187861,,"Visakhapatnam",531116
7787449746,"Lifeline Hospital",hospital,17.6645905,82.6124877,,"Visakhapatnam",531116
7787449747,"Sapthagiri Hospital",hospital,17.69098,83.0099047,,"Visakhapatnam",531001
7787449749,"Dr. Thrinadh Hospital",hospital,17.5452357,82.8498751,,"Visakhapatnam",531055
7787449752,"Emmanuel General Hospital",hospital,17.631329,82.693721,,"Visakhapatnam",531113
7787449753,"Ananda Nursing Home",hospital,17.6650881,82.6156386,,"Visakhapatnam",531116
7787449754,"Dr. Ram Mohan Hospital",hospital,17.685712,83.0015806,,"Visakhapatnam",531001
7787449756,"Government Hospital",hospital,17.5098894,82.6259387,,"Visakhapatnam",531085
7787449757,"Mother and Child Hospital",hospital,17.685934,83.001269,,"Visakhapatnam",531001
7787449758,"Siddhartha Nursing Home",hospital,17.6843742,83.0022801,,"Visakhapatnam",531001
7787449759,"Vijaya Hospital",hospital,17.544446,82.849726,,"Visakhapatnam",531055
7787449762,"Drusti Eye Hospital",hospital,17.659848,82.627161,,"Visakhapatnam",531116
7787449763,"Maa Super Speciality Dental Hospital",hospital,18.3217887,82.8857279,,"Visakhapatnam",531149
7787449765,"Sri Venkateswara Hospital",hospital,17.6777911,83.0006719,,"Visakhapatnam",531001
7787449766,"Satya Sai Hospital",hospital,17.6677008,82.6115976,,"Visakhapatnam",531116
7787647583,"Kanakadurga Hospital",hospital,17.7101086,83.312939,,"Visakhapatnam",530002
7787647584,"Sunrise Hospitals",hospital,17.7409007,83.2662977,,"Visakhapatnam",530007
7787647585,"Sunrise Childern Hospital",hospital,17.687897,83.2053903,,"Visakhapatnam",530011
7787647586,"Sri Krishna Orthopaedic Hospital",hospital,17.6843101,83.193854,,"Visakhapatnam",530026
7787647588,"A N Beach Hospital - Multi Speciality Hospital",hospital,17.7129243,83.3197589,,"Visakhapatnam",530002
7787647589,"Government Hospital",hospital,17.3476116,82.5863171,,"Visakhapatnam",531126
7787647591,"Dr. Mangamma Hospital",hospital,17.7100946,83.3045397,,"Visakhapatnam",530002
7787647592,"Sri Lakhmi ENT Hospital",hospital,17.6829789,83.1975029,,"Visakhapatnam",530044
7787647593,"BHEL Hospital",hospital,17.702135,83.199526,,"Visakhapatnam",530012
7787647594,"Visakha Child Care Centre",hospital,17.6846529,83.2016314,,"Visakhapatnam",530026
7787647595,"Lazam Hospital",hospital,17.4078787,82.7119667,,"Visakhapatnam",531081
7787647597,"Sri Viajaya Sai Matha Hospital",hospital,17.3599386,82.557579,,"Visakhapatnam",531126
7787647599,"Piles Hospital",hospital,17.6871805,83.2133794,,"Visakhapatnam",530026
7787647600,"Visakha Hospital",hospital,17.710144,83.304361,,"Visakhapatnam",530002
7787647602,"Sreenivasa Hospital",hospital,17.8231815,83.2060963,,"Visakhapatnam",531173
7787647603,"Simhagiri Hospital",hospital,17.6863477,83.2127666,,"Visakhapatnam",530026
7787647604,"City Hospital Ortho & Specialities",hospital,17.6852466,83.2053196,,"Visakhapatnam",530026
7787647605,"Medicover Hospital",hospital,17.712323,83.313972,,"Visakhapatnam",530002
7787647607,"Sriprakash Ayurveda Hospital",hospital,17.369831,82.569309,,"Visakhapatnam",531126
7787647609,"Life Spring Hospital",hospital,17.688339,83.243601,,"Visakhapatnam",530026
7787647611,"Starzen Hospital",hospital,17.562306,82.9771482,,"Visakhapatnam",531011
7787647612,"Sri Lakshmi Children Hospital",hospital,17.6854195,83.2078579,,"Visakhapatnam",530026
7787647614,"Ankitha Hospital",hospital,17.6827868,83.1989654,,"Visakhapatnam",530026
7787647615,"Jai Srikrishna Hospital",hospital,17.5619762,82.9768678,,"Visakhapatnam",531011
7787647618,"Hymavathi Hospital",hospital,17.7480338,83.2192385,,"Visakhapatnam",530027
7787647619,"Pujitha Hospital",hospital,17.6844753,83.2100702,,"Visakhapatnam",530026
7787647620,"Sarojini Children's Hospital",hospital,17.7445712,83.2265444,,"Visakhapatnam",531127
7787647621,"SMS Hospital",hospital,17.7452036,83.2261912,,"Visakhapatnam",531127
7787647623,"Navaratnam - Kesava Rao Charitable Health Centre",hospital,17.6872165,83.2049981,,"Visakhapatnam",530026
7787647624,"Visakha Gynaec & Obst Hospital",hospital,17.8148001,83.2042804,,"Visakhapatnam",531173
7787647626,"Suryanarayana Hospital",hospital,17.7508459,83.2186331,,"Visakhapatnam",530027
7787647627,"Simhadri Women & Child Hospital",hospital,17.7656255,83.2256151,,"Visakhapatnam",530027
7787647629,"Vizag Ortho & Spine Centre",hospital,17.7104,83.312442,,"Visakhapatnam",530002
7787647630,"Sri Amrutha Hospital",hospital,17.710327,83.302862,,"Visakhapatnam",530002
7787647632,"Mamata Hospital",hospital,17.6869092,83.2079845,,"Visakhapatnam",530026
7787647633,"Sri Surya Dental Hospital",hospital,17.709779,83.3103498,,"Visakhapatnam",530002
7787647634,"Sri Surya Hospital",hospital,17.708149,83.309857,,"Visakhapatnam",530002
7787647635,"Siddhartha Charitable Eye Hospital",hospital,17.3644361,82.5610684,,"Visakhapatnam",531126
7787647638,"Lata Hospital",hospital,17.6877091,83.205361,,"Visakhapatnam",530026
7787647639,"Janani Hospital",hospital,17.6865547,83.2073838,,"Visakhapatnam",530026
7787647640,"Geetha Hospital",hospital,17.6860522,83.2145015,,"Visakhapatnam",530026
7787647641,"Shree Krishna Health Centre",hospital,17.7104023,83.3105799,,"Visakhapatnam",530002
7787647642,"Aditya Obstetrics & Gynecology Hospital",hospital,17.745985,83.269641,,"Visakhapatnam",530007
7787647645,"NTPC Hospital",hospital,17.5685137,83.0939853,,"Visakhapatnam",531020
7787647647,"Sri Surya Hospital",hospital,17.6849028,83.2092812,,"Visakhapatnam",530026
7787647648,"Harshitha Hospital",hospital,17.6863384,83.2101897,,"Visakhapatnam",530026
7787647649,"Mother and Child Hospital",hospital,17.790161,83.12163,,"Visakhapatnam",531035
7787647650,"Pendurthi Govt Hospital",hospital,17.8094151,83.2070778,"Visakhapatnam, Andhra Pradesh","Visakhapatnam",531173
7787647652,"Sri Sai Aditya Hospital",hospital,17.746278,83.269671,,"Visakhapatnam",530007
7787647654,"Gothis Doctor Chambers",hospital,17.710382,83.312125,,"Visakhapatnam",530002
7787647655,"Harini Hospital",hospital,17.6795765,83.2055093,,"Visakhapatnam",530044
7787647657,"Heritage Kerala Ayurveda Hospital",hospital,17.7671455,83.2120798,,"Visakhapatnam",530047
7787647660,"Sharan Hospital",hospital,17.6297105,83.077059,,"Visakhapatnam",531021
7787647661,"Ramya Hospital",hospital,17.710544,83.304302,,"Visakhapatnam",530002
7787647664,"Sri Sapthagiri Hospitals",hospital,17.805851,83.213061,,"Visakhapatnam",531173
7787647666,"Government Hospital",hospital,17.7524734,83.2161371,,"Visakhapatnam",530027
7787647667,"Raghavendra Eye Hospital",hospital,17.7476896,83.2199593,,"Visakhapatnam",530027
7787647670,"Asha Hospital Diabetes & Multi Speciality",hospital,17.6212637,83.08184,,"Visakhapatnam",531021
7787647671,"Muddu Krishna Children Hospital",hospital,17.6852715,83.2046951,,"Visakhapatnam",530026
7787647672,"Surya Teja Multispeciality Hospital",hospital,17.5659385,82.9784452,,"Visakhapatnam",531011
7787647673,"Sarojini Devi Skin Hospital",hospital,17.7166466,83.3090277,,"Visakhapatnam",530002
7787647675,"Ramsaranya Child Care Hospital",hospital,17.7102508,83.3143316,,"Visakhapatnam",530002
7787647676,"Baba Hospital",hospital,17.708177,83.308867,,"Visakhapatnam",530002
7787647677,"Triveni Hospitals",hospital,17.8177533,83.2064302,,"Visakhapatnam",531173
7787647678,"Amma Hospital",hospital,17.6288271,83.0901428,,"Visakhapatnam",531021
7787647679,"Hetero Eye Hospital",hospital,17.4096155,82.7166731,,"Visakhapatnam",531081
7787647680,"Aditya Multi Care Hospital",hospital,17.7100474,83.3046802,,"Visakhapatnam",530002
7787847484,"S.C. Railway Health Unit, Samarlakota",hospital,17.0445886,82.1672482,,"East Godavari",533440
7787847485,"Bhaskar Rao Hospital, Gollaprolu",hospital,17.1580793,82.2822127,,"East Godavari",533445
7787847486,"Bhanu Homeo Hospital",hospital,17.170437,82.058205,,"East Godavari",533435
7787847487,"Afrin Ayurvedic Hospital",hospital,17.7519296,81.3990872,,"East Godavari",507113
7787847488,"Annapurna Talli Pillala Hospital",hospital,17.111645,82.2626838,,"East Godavari",533450
7787847489,"Sri Guru Deva Hospital",hospital,17.0782968,82.1346098,,"East Godavari",533437
7787847493,"Navya Hospital",hospital,17.0785629,81.90077,,"East Godavari",533294
7787847495,"Sri Sravanthi Intenational Dental Hospital",hospital,17.047118,82.1698166,,"East Godavari",533440
7787847497,"Sri Sai Bhavani Hospital",hospital,17.116651,82.2615644,,"East Godavari",533450
7787847498,"Suresh Hospital",hospital,17.0744898,82.1377055,,"East Godavari",533437
7787847501,"Kiran Children Hospital",hospital,17.3639637,82.5421477,,"East Godavari",533401
7787847502,"Sri Devi Children Hospital",hospital,17.1142098,82.2533064,,"East Godavari",533450
7787847503,"Seetharama Hospital",hospital,17.1697665,81.8288838,,"East Godavari",533289
7787847504,"Children's Hospital",hospital,17.0802137,81.8995923,,"East Godavari",533294
7787847505,"Vadayar Hospital",hospital,17.071859,81.8971914,,"East Godavari",533294
7787847507,"Venkata Durga Hospital",hospital,17.2894359,82.1070415,,"East Godavari",533429
7787847509,"Hope International Hospital",hospital,17.024301,82.2324337,,"East Godavari",533005
7787847510,"ESI Hospital",hospital,17.0482547,82.1646212,,"East Godavari",533440
7787847511,"Sapthagiri Dental Hospital",hospital,17.2589953,81.8494794,,"East Godavari",533286
7787847513,"Royal Multispeciality Dental Hospital",hospital,17.0553643,82.1654601,,"East Godavari",533440
7787847515,"Aditya Hospital",hospital,17.1726039,82.0512149,,"East Godavari",533435
7787847516,"Savitri Kesava Hospital",hospital,17.1712609,82.0547487,,"East Godavari",533435
7787847518,"Padmanabham Hospital",hospital,17.0487981,82.1698773,,"East Godavari",533440
7787847520,"Reddy Hospital",hospital,17.117014,82.2590488,,"East Godavari",533450
7787847524,"Talluru Hospital",hospital,17.0758825,82.1365273,,"East Godavari",533437
7787847527,"Surya Homeo Hospital",hospital,17.1132105,82.2532607,,"East Godavari",533450
7787847529,"Government Hospital",hospital,17.5772212,81.253345,,"East Godavari",507121
7787847530,"Area Hospital",hospital,17.7561957,81.4113347,,"East Godavari",507113
7787847531,"Lion Eye Care Hospital",hospital,17.176843,82.0518824,,"East Godavari",533435
7787847533,"Amma Hospitals",hospital,17.2807225,82.1074212,,"East Godavari",533429
7787847536,"Kira Eye Hospital",hospital,17.1764867,82.0544637,,"East Godavari",533435
7787847537,"Sri Kiran Eye Hospital",hospital,17.075518,82.1436589,,"East Godavari",533437
7787847538,"Vijaya Maternity Hospital",hospital,17.3602306,82.5392181,,"East Godavari",533401
7790467455,"Mahaveer Hospital",hospital,16.9474991,82.2326106,,"East Godavari",533001
7790467459,"Amrutha Children Hospital",hospital,16.9955426,82.2416501,,"East Godavari",533005
7790467460,"Padma Children's Hospital",hospital,16.9704041,82.2396194,,"East Godavari",533003
7790467461,"3 APSP Camp Unit Hospital",hospital,17.0066146,82.2531832,,"East Godavari",533005
7790467462,"Pulse Emergency Hospital",hospital,16.9695905,82.2361035,,"East Godavari",533003
7790467465,"Choday Apparao Nature Cure Hospital",hospital,16.9445053,82.2376901,,"East Godavari",533001
7790467466,"Kriti ENT Hospital",hospital,16.9960823,82.2434043,,"East Godavari",533005
7790467467,"Srimathi Indira Gandhi First Referral Hospital",hospital,16.941109,82.237847,,"East Godavari",533001
7790467469,"Janapriya Maternity And Surgical Hospital",hospital,16.942605,82.232101,,"East Godavari",533002
7790467470,"Sai Krishna Hospital",hospital,16.971004,82.2349677,,"East Godavari",533003
7790467471,"ESI Hospital",hospital,16.9894436,82.2437368,,"East Godavari",533005
7790467473,"Laxmi Hospital",hospital,16.972555,82.2485709,,"East Godavari",533003
7790467475,"Sri Devi Children Hospital",hospital,16.9956875,82.2422084,,"East Godavari",533005
7790467476,"Dr. Krishna Mohan Rao Hospital",hospital,16.9542975,82.2311182,,"East Godavari",533001
7790467477,"Dr. Kamalendranath Hospital",hospital,16.9758449,82.2256425,,"East Godavari",533003
7790467479,"Megha Varsha Hospital",hospital,17.0295652,82.2495499,,"East Godavari",533005
7790467482,"Nagapalla People Hospital",hospital,17.4385944,81.7783622,,"East Godavari",533288
7790467483,"Sathagna Hospital",hospital,16.782133,82.229859,,"East Godavari",533463
7790467485,"Sri Sai Krishna Hospital",hospital,16.9465004,82.2365049,,"East Godavari",533001
7790467487,"Sowbhagya Hospital",hospital,16.9934117,82.2472514,,"East Godavari",533005
7790467488,"Sriteja Homeo Hospital",hospital,16.996294,82.2445451,,"East Godavari",533005
7790467490,"Sri Bala Prabha Multispeciality Hospital",hospital,16.946555,82.240397,,"East Godavari",533001
7790467493,"Jaya Children Hospital",hospital,16.937795,82.2331104,,"East Godavari",533002
7790467494,"Gide Children's Hospital",hospital,16.971849,82.240553,,"East Godavari",533003
7790467496,"LifeLine Hospital",hospital,16.9849837,82.2418716,,"East Godavari",533005
7790467497,"Sai Ragavendra Hospitals",hospital,16.9621362,82.2285932,,"East Godavari",533004
7790467498,"Tirumala Hospital",hospital,17.0097559,82.248045,,"East Godavari",533005
7790467499,"Amulya Hospital",hospital,16.9672863,82.2367622,,"East Godavari",533003
7790467500,"Dr. Sudhakar Hospital",hospital,16.9541642,82.2363076,,"East Godavari",533001
7790467501,"Dr. Damera Rama Rao Skin Hospital",hospital,16.9707477,82.2388267,,"East Godavari",533003
7790467502,"Aruna Hospitals",hospital,16.9698191,82.2234606,,"East Godavari",533003
7790467504,"Anurag Hospital",hospital,16.978848,82.228501,,"East Godavari",533003
7790467507,"Best Hospital",hospital,16.9609927,82.2284008,,"East Godavari",533004
7790467508,"Amrutha Emergency & Multispeciality Hospital",hospital,16.970882,82.238566,,"East Godavari",533003
7790467509,"Gadam Dental Hospital",hospital,16.9545567,82.2327916,,"East Godavari",533001
7790467510,"Dr. Chinna Rao Hospital",hospital,16.6438553,82.1087468,,"East Godavari",533216
7790467512,"Triveni Super Speciality Dental Hospital & Implant Centre",hospital,16.9728496,82.2428176,,"East Godavari",533003
7790467514,"Sri Kiran Eye Hospital",hospital,16.937709,82.232023,,"East Godavari",533002
7790467515,"Aswani Hospital",hospital,16.9687805,82.2249715,,"East Godavari",533003
7790467516,"Savitha Hospital",hospital,16.9956377,82.2448291,,"East Godavari",533005
7790467518,"Sharma Hospital",hospital,16.9411756,82.2345712,,"East Godavari",533016
7790467519,"Vennela ENT Hospital",hospital,16.9682782,82.2415835,,"East Godavari",533003
7790467521,"Vamsi Chest & Children's Hospital",hospital,16.9689064,82.2426087,,"East Godavari",533003
7790467522,"Diet Hormone Hospital",hospital,16.971392,82.237568,,"East Godavari",533003
7790467523,"Ishaan Gynec and Obstetric Hospital",hospital,16.9752695,82.2406415,,"East Godavari",533003
7790467525,"Dr. Chinnabbai Gari Hospital",hospital,16.6426968,82.1061977,,"East Godavari",533216
7790467526,"Saranya Hospital",hospital,16.642228,82.10292,,"East Godavari",533216
7790467527,"Sri Divya Hospitals",hospital,16.971001,82.226032,,"East Godavari",533004
7790467528,"Gurudev Hospital",hospital,16.9704196,82.2255793,,"East Godavari",533004
7790661650,"Sri Datta Ayurvedic Hospital",hospital,16.9471229,81.7777694,,"East Godavari",533125
7790661651,"Surya Hospital",hospital,16.8347423,82.0308139,,"East Godavari",533255
7790661652,"Aditya Multi Specialty Ayurvedic Hospital",hospital,16.9767784,81.7836232,,"East Godavari",533101
7790661653,"Ascent Cancer And Multispeciality Hospital",hospital,17.00735,81.7918325,,"East Godavari",533103
7790661654,"GSR Neuro Speciality Hospital",hospital,17.007125,81.788836,,"East Godavari",533103
7790661655,"Sai Super Speciality Hospital",hospital,17.0115704,81.7709901,,"East Godavari",533101
7790661657,"Narayana Reddy Hospital",hospital,16.8759375,81.9290081,,"East Godavari",533308
7790661658,"Leprosy Hospital",hospital,16.8441822,82.0151417,,"East Godavari",533255
7790661660,"Prasuthi Hospital",hospital,17.0004861,81.7766588,,"East Godavari",533101
7790661661,"Santharam Hospital",hospital,16.9574786,81.7837062,,"East Godavari",533125
7790661662,"Railway Hospital",hospital,16.9823377,81.7845723,,"East Godavari",533101
7790661663,"Jabilli Children's Hospital",hospital,17.0060882,81.7823433,,"East Godavari",533103
7790661664,"Annasa Adinarayana Ayurvedic Hospital",hospital,17.0021704,81.7776938,,"East Godavari",533101
7790661665,"Sri Suryachandra Homeo Hospital",hospital,17.0064855,81.7833234,,"East Godavari",533103
7790661668,"Mallika Dental Hospital",hospital,16.9488045,81.7816228,,"East Godavari",533125
7790661670,"G Sambasiva Reddy Hospital",hospital,17.0141042,81.7800405,,"East Godavari",533101
7790661671,"Sobha Hospital",hospital,16.837938,82.026117,,"East Godavari",533255
7790661674,"SR Trust Hospital",hospital,16.9953163,81.7732768,,"East Godavari",533101
7790661676,"Sri Harsha Dental Hospital",hospital,16.9056458,82.0011491,,"East Godavari",533346
7790661679,"Vivek Hospital",hospital,17.0121798,81.7949395,,"East Godavari",533106
7790661680,"Padmanabham's Hospital",hospital,16.96305,82.0486739,,"East Godavari",533343
7790661681,"Sri Ramachandra Hospital",hospital,17.009068,81.780949,,"East Godavari",533101
7790661682,"Gangi Reddy Nursing Home",hospital,16.935166,81.9542,,"East Godavari",533342
7790661684,"Tholat Memorial Hospital",hospital,17.0220352,81.7892576,,"East Godavari",533105
7790661686,"Ankitha Children's Hospital",hospital,17.0298024,81.7859276,,"East Godavari",533105
7790661687,"Haritha Hospital",hospital,17.007024,81.788993,,"East Godavari",533103
7790661688,"Rajendra Prasad Skin Hospital",hospital,17.0075484,81.7739625,,"East Godavari",533104
7790661689,"Sagar Children Hospital",hospital,16.9357779,81.9552543,,"East Godavari",533342
7790661690,"Gouthami Hospital",hospital,16.9292537,81.7942874,,"East Godavari",533125
7790661693,"Pawan Chest Hospital",hospital,17.00699,81.789588,,"East Godavari",533103
7790661695,"Arunachala ENT Hospital",hospital,16.8661761,81.9276364,,"East Godavari",533308
7790661697,"Krishnaveni Hospital",hospital,17.0192985,81.7736461,,"East Godavari",533104
7790661698,"Chanakya Hospital",hospital,16.9104202,82.0008836,,"East Godavari",533346
7790661702,"Rainbow Physiotherapy Hospital",hospital,17.0449069,81.7955703,,"East Godavari",533102
7790661704,"Sujatha Hospital",hospital,16.8371612,82.0247558,,"East Godavari",533255
7790661705,"Amma Hospital",hospital,16.9751759,81.7869708,,"East Godavari",533101
7790661706,"CEM Hospital",hospital,16.9508779,81.7867723,,"East Godavari",533125
7790661707,"Vaddadi Hospital",hospital,17.017073,81.781944,,"East Godavari",533105
7790661708,"Dr. Akkala Malleswaralingam Nursing Home",hospital,16.8609796,81.9295714,,"East Godavari",533308
7790661709,"Satya Sai Hospital",hospital,17.0077644,81.7736563,,"East Godavari",533101
7790661710,"Prasad Neuro Hospitals",hospital,17.0079572,81.7733805,,"East Godavari",533101
7790661711,"Bobba Vijayalakshmi Hospital",hospital,16.8593146,81.9257348,,"East Godavari",533308
7790661712,"Sri Sai Eye Hospital",hospital,16.859357,81.9256476,,"East Godavari",533308
7791145207,"Sri Surya Hospital",hospital,16.7574859,81.8391446,,"East Godavari",533238
7791145208,"Sudheer Hospital",hospital,16.568567,81.998847,,"East Godavari",533201
7791145209,"Satya Sai ENT Hospital",hospital,16.569978,81.9990171,,"East Godavari",533201
7791145211,"Santha Physiotherapy Hospital",hospital,16.410161,81.8046735,,"East Godavari",533250
7791145212,"Jayalakshmi Children's Hospital",hospital,16.479971,81.8443103,,"East Godavari",533242
7791145216,"Sanjeevini Children's Hospital",hospital,16.571121,82.002071,,"East Godavari",533201
7791145217,"Salaam Hospital",hospital,16.5851656,82.007179,,"East Godavari",533201
7791145219,"Government Hospital",hospital,16.4764214,81.8374778,,"East Godavari",533242
7791145221,"Amma Hospital",hospital,16.5773422,82.0017969,,"East Godavari",533201
7791145222,"Sri Lalitha Hospital",hospital,16.4789716,81.8444075,,"East Godavari",533242
7791145223,"Deevena Hospital",hospital,16.637229,81.952415,,"East Godavari",533239
7791145224,"Veeraswamy Hospital",hospital,16.498316,81.880061,,"East Godavari",533249
7791145227,"Sri Krishna Orthopaedic Multispeciality Hospital",hospital,16.57314,82.003191,,"East Godavari",533201
7791145229,"Sravani Women And ENT Hospital",hospital,16.569651,82.0000979,,"East Godavari",533201
7791145234,"Hussain Hospital",hospital,16.4970577,81.8826303,,"East Godavari",533249
7791145235,"M.D. Hospital",hospital,16.4743007,81.8362628,,"East Godavari",533242
7791145236,"Sai Viswas General Hospital",hospital,16.568416,81.999206,,"East Godavari",533201
7791145239,"Naga Surya Mother And Children Hospital",hospital,16.5741607,82.0029529,,"East Godavari",533201
7791145240,"Aksha Multispeciality Dental Hospital",hospital,16.4094034,81.8024889,,"East Godavari",533253
7791145242,"M.D Hospital",hospital,16.40582,81.8028092,,"East Godavari",533250
7791145243,"Ganesh ENT & Maternity Hospital",hospital,16.56891,82.0034299,,"East Godavari",533201
7791145244,"ENT Hospital",hospital,16.474891,81.838962,,"East Godavari",533242
7791145245,"Sri Polisetty Swamy Naidu Memorial Hospital",hospital,16.5707883,81.9998375,,"East Godavari",533201
7791145246,"Niharika Hospital",hospital,16.757673,81.838703,,"East Godavari",533238
7791145247,"Balla Pattilingam Trust Hospital",hospital,16.597009,81.939513,,"East Godavari",533214
7791145248,"Women's Hospital",hospital,16.5852306,81.9506319,,"East Godavari",533214
7791145249,"Government Hospital",hospital,16.7607318,82.0034362,,"East Godavari",533305
7791145252,"Laxmi Ayurvedic Hospital",hospital,16.4101239,81.8043797,,"East Godavari",533250
7791145253,"St. Anns Hospital",hospital,16.7437659,81.9223639,,"East Godavari",533309
7791145254,"Bhavani Multi Speciality Hospital",hospital,16.754053,81.8416833,,"East Godavari",533238
7791145255,"Subbama Christian Hospital",hospital,16.4000096,81.8090667,,"East Godavari",533250
7791145256,"Sri Jana Sankarayya Hospital",hospital,16.4098187,81.8034599,,"East Godavari",533250
7791145257,"Manasa Hospital",hospital,16.571004,81.9993335,,"East Godavari",533201
7791145259,"MS Hospital",hospital,16.4933479,81.8746964,,"East Godavari",533249
7791145260,"Prasanthi Maternity Hospital",hospital,16.501336,81.8787158,,"East Godavari",533249
7791145261,"Vijaya Hospital",hospital,16.4090094,81.8029395,,"East Godavari",533250
7791145263,"Satya Nethralayam Eye Hospital",hospital,16.571991,82.0010708,,"East Godavari",533201
7791145264,"Lakshmi Speciality Hospital",hospital,16.471969,81.8360432,,"East Godavari",533242
7791145266,"J. P. Hospitals",hospital,16.5775784,82.0044178,,"East Godavari",533201
7791145267,"Bhaskar Children's Hospital",hospital,16.4050357,81.8018945,,"East Godavari",533250
7791145268,"Latha Hospital",hospital,16.4808164,81.8446561,,"East Godavari",533242
7791145269,"Surya Hospital",hospital,16.482007,81.845461,,"East Godavari",533242
7791145270,"Susmitha Mother And Child Hospital",hospital,16.5872974,82.0067029,,"East Godavari",533201
7791145271,"Ganga Raju Hospital",hospital,16.47437,81.8381704,,"East Godavari",533242
7791668554,"Dr. Kota Papa Rao Memorial Homeo Hospital",hospital,17.016916,81.731913,,"West Godavari",534350
7791668556,"Sri Haritha Hospital",hospital,16.9017023,81.6734258,,"West Godavari",534301
7791668559,"Bulli's Hospital",hospital,17.0996979,81.5497122,,"West Godavari",534316
7791668560,"Dr. JLBM General Hospital",hospital,17.2559826,81.6489558,,"West Godavari",534315
7791668562,"Government Hospital",hospital,17.100479,81.549732,,"West Godavari",534316
7791668564,"Sri Krishna Hospital",hospital,17.0167706,81.7330598,,"West Godavari",534350
7791668568,"Sri Seetha Rama Hospital",hospital,17.245975,81.6443564,,"West Godavari",534315
7791668569,"Deepa Hospital",hospital,16.9072802,81.6758972,,"West Godavari",534301
7791668570,"Sai Spurthi Emergency Hospital",hospital,17.1208353,81.2927721,,"West Godavari",534447
7791668571,"Sravanthi Multi Speciality Dental Hospital",hospital,17.0213157,81.728211,,"West Godavari",534350
7791668573,"Purnima Children Hospital",hospital,16.910769,81.673887,,"West Godavari",534301
7791668577,"hospital of pediatric",hospital,17.123047,81.295655,,"West Godavari",534447
7791668581,"Susrutha Hospital",hospital,16.9018715,81.6728432,,"West Godavari",534301
7791668582,"Government Hospital",hospital,17.0574274,81.4722021,,"West Godavari",534316
7791668585,"Sita Hospital",hospital,17.124097,81.2898715,,"West Godavari",534447
7791668587,"Sambasivarao Hospital",hospital,16.992654,81.666948,,"West Godavari",534342
7791668590,"Shri Chaithanya Super Speciality Dental Hospital",hospital,17.1175164,81.2966198,,"West Godavari",534447
7791668591,"Suraksha Hospital",hospital,17.133629,81.428689,,"West Godavari",534312
7791668592,"Children Hospital",hospital,16.8989454,81.6704762,,"West Godavari",534301
7791668594,"Naga Sai Super Speciality Hospital",hospital,17.1202698,81.2950312,,"West Godavari",534447
7791668596,"Lakshmi Kumari Hospital",hospital,17.1229804,81.6632667,,"West Godavari",534341
7791668597,"Venkat Rao Hospital",hospital,17.0330231,81.5557052,,"West Godavari",534313
7791668598,"Sagar Dental Hospital",hospital,17.0999364,81.5391062,,"West Godavari",534316
7791668599,"Amma Hospital",hospital,16.908798,81.672718,,"West Godavari",534301
7791668600,"Dr. Murty Hospital",hospital,17.123819,81.665362,,"West Godavari",534341
7791668601,"Holy Cross Hospital",hospital,16.8985469,81.666643,,"West Godavari",534301
7791668602,"Sri Siddartha Children's Hospital",hospital,16.909875,81.670586,,"West Godavari",534301
7791668603,"Rajeswari Ramakrishnan Lions Eye Hospital",hospital,16.8935312,81.6678841,,"West Godavari",534301
7791668604,"Goverment Hospital",hospital,17.0150759,81.7335799,,"West Godavari",534350
7791668605,"Government Hospital",hospital,16.903526,81.670669,,"West Godavari",534301
7791668607,"Seshgir Hospitals",hospital,16.9057251,81.670991,,"West Godavari",534301
7791668608,"Gemini Hospital",hospital,17.1199805,81.2971007,,"West Godavari",534447
7791668610,"Sri Sai Bhavani Hospital",hospital,17.0178086,81.7290663,,"West Godavari",534350
7791668611,"Hope Ortho & Trauma Hospital",hospital,16.9102166,81.672109,,"West Godavari",534301
7791668612,"Vemulapalli Dental Hospital",hospital,16.9085692,81.6714682,,"West Godavari",534301
7791668613,"Susrutha Multi Speciality Hospital",hospital,16.9003962,81.6712232,,"West Godavari",534301
7791668614,"Vasundhara Hospital",hospital,17.1208173,81.2995132,,"West Godavari",534447
7791668616,"J.M. Sai Gayatri Hospital",hospital,17.0128398,81.7281519,,"West Godavari",534350
7791668617,"Sri Suseela Hospital",hospital,17.123618,81.289777,,"West Godavari",534447
7791668618,"Sri Charita Hospital",hospital,17.123306,81.292148,,"West Godavari",534447
7791668619,"Jagruthi Eye Hospital",hospital,16.909526,81.671824,,"West Godavari",534301
7791668621,"SV Eye Hospital",hospital,17.1150334,81.2931143,,"West Godavari",534447
7791668623,"Sri Sai Dental Hospital",hospital,17.021228,81.728169,,"West Godavari",534350
7791668624,"Sanjeevan Eye Hospital",hospital,17.201129,81.31971,,"West Godavari",534448
7791668625,"Sri Sai Spoorthy Hospital",hospital,17.1324792,81.6607124,,"West Godavari",534341
7791668626,"Government Hospital",hospital,17.201918,81.319625,,"West Godavari",534448
7791668628,"PVR Hospital",hospital,17.115806,81.296225,,"eluru",534447
7791769496,"Meduri Satyambabu Hospital",hospital,17.0100841,81.194291,,"West Godavari",534449
7791769497,"Sri Sairam Multi Speciality Hospital",hospital,16.7161511,81.0961282,,"West Godavari",534002
7791769500,"Eluru Hospital",hospital,16.7012926,81.1071464,,"West Godavari",534001
7791769501,"Dr. Satyanarayana Hospital",hospital,17.0698905,80.9840647,,"West Godavari",534460
7791769502,"Himaja Hospitals",hospital,16.7216947,81.1096637,,"West Godavari",534005
7791769504,"Sai Krishna Mother & Child Hospital",hospital,16.71066,81.099987,,"West Godavari",534006
7791769505,"Susrutha ENT & Skin Hospital & HCG Cancer Centre",hospital,16.7156367,81.1007623,,"West Godavari",534002
7791769508,"Prabha Hospital",hospital,16.7151865,81.0953537,,"West Godavari",534002
7791769509,"Sri Balaji Multi Speciality Dental Hospital",hospital,16.7113832,81.1014027,,"West Godavari",534002
7791769510,"Little Hearts Children's Hospital",hospital,16.713689,81.100781,,"West Godavari",534002
7791769512,"Chaitra Hospitals",hospital,16.7190138,81.0912437,,"West Godavari",534006
7791769518,"A.A Hospitals",hospital,16.7111947,81.101147,,"West Godavari",534006
7791769519,"Sai Children's Hospital",hospital,16.71603,81.099493,,"West Godavari",534002
7791769520,"Devi Hospital",hospital,16.8210927,81.263997,,"West Godavari",534425
7791769525,"Eluru Children's Hospital",hospital,16.7130705,81.0984594,,"West Godavari",534006
7791769526,"VIRRD Trust Hospital",hospital,16.9314171,81.250651,,"West Godavari",534426
7791769530,"Mukhyamantri Aarogya Kendram",hospital,16.7231569,81.1110914,,"West Godavari",534005
7791769531,"Chanchaya Hospital",hospital,16.7145352,81.100888,,"West Godavari",534006
7791769533,"Amma Hospital",hospital,16.8171001,81.2629996,,"West Godavari",534425
7791769535,"Sri Sidhardha ENT & Dental Hospital",hospital,16.708601,81.092084,,"West Godavari",534006
7791769537,"Government Hospital",hospital,16.7669828,81.1673544,,"West Godavari",534450
7791769538,"Government Hospital",hospital,16.817755,81.26323,,"West Godavari",534425
7791769539,"Vijaya Skin Hospital & Laser Centre",hospital,16.7140116,81.0994975,,"West Godavari",534002
7791769541,"Siddhartha Hospital",hospital,16.7099733,81.1142107,,"West Godavari",534005
7791769543,"Srinivasa Children Hospital",hospital,16.7104454,81.1126518,,"West Godavari",534001
7791769544,"Murali Krishna Multispeciality & Emergency Hospital",hospital,16.7095565,81.0938273,,"West Godavari",534006
7791769546,"Sri Srinivasa Hospital",hospital,16.952392,81.256391,,"West Godavari",534426
7791769550,"Uma Hospital",hospital,16.714019,81.0982128,,"West Godavari",534006
7791769554,"Sri Dwaraka Hospital",hospital,16.711699,81.100539,,"West Godavari",534006
7791769555,"Praja Hospital",hospital,16.7166257,81.1053295,,"West Godavari",534002
7791769556,"Bavananjali Pradamika Hospital",hospital,16.716451,81.109788,,"West Godavari",534002
7791769557,"Godavari Skin Disease Hospital",hospital,16.7147696,81.0993842,,"West Godavari",534006
7791769558,"Sri Nidhi Hospital",hospital,16.7160059,81.1001089,,"West Godavari",534002
7791769559,"Lotus Hospital",hospital,17.0754288,80.9873585,,"West Godavari",534460
7791769560,"Royal ENT Hospital",hospital,16.711191,81.10059,,"West Godavari",534006
7791769561,"Dr. Krishna Baghavan General And Diabetic Hospital",hospital,16.7184272,81.1108391,,"West Godavari",534002
7791769564,"Viswateja Skin & Chest Hospital",hospital,16.7141124,81.1027811,,"West Godavari",534002
7791769565,"Asram Hospital",hospital,16.7126787,81.1211505,,"West Godavari",534005
7791769566,"Dr. Balu Hospital",hospital,16.8224693,81.2653895,,"West Godavari",534425
7791769567,"Venkatasai Gastro Super Speciality Hospital",hospital,16.7116813,81.0982853,,"West Godavari",534006
7791769568,"Amulya Orthopaedic Hospital",hospital,16.714429,81.100876,,"West Godavari",534002
7791769569,"Dr. Prabhavathi Hospital",hospital,16.7129965,81.1029861,,"West Godavari",534002
7791769570,"Prasad Hospital",hospital,16.7147861,81.1124973,,"West Godavari",534005
7791769571,"Dr. Surapaneni Krishnamurti Helapuri Lions Kanti Hospital",hospital,16.7246452,81.0879729,,"West Godavari",534006
7791769573,"Nageswara Rao Private Hospital",hospital,17.0661439,80.9833103,,"West Godavari",534460
7791769576,"Dental Hospital",hospital,17.0698414,80.9842174,,"West Godavari",534460
7791769577,"Andhra Hospitals",hospital,16.7123487,81.1009483,,"West Godavari",534002
7791769578,"Tapaswi Homeo Hospital",hospital,16.706559,81.076213,,"West Godavari",534007
7791833490,"Amma Hospital",hospital,16.7568304,81.6737226,,"West Godavari",534211
7791833491,"Amrutha Hospital",hospital,16.815355,81.526054,,"West Godavari",534101
7791833493,"Sarojini Devi Children Hospital",hospital,16.819349,81.521628,,"West Godavari",534101
7791833495,"Bhanu Hospital",hospital,16.755434,81.685003,,"West Godavari",534222
7791833496,"Sri Sudharshan Hospital",hospital,16.756773,81.675974,,"West Godavari",534211
7791833500,"Sri Vijaya Krishna Hospital",hospital,16.7559497,81.6851861,,"West Godavari",534211
7791833505,"Sri Supraja Hospital",hospital,16.7549187,81.6792742,,"West Godavari",534211
7791833508,"Sri Rama Children Hospital",hospital,16.7551725,81.6830893,,"West Godavari",534211
7791833509,"New Life Hospital",hospital,16.7570301,81.682829,,"West Godavari",534211
7791833510,"Suraksha Hospitals",hospital,16.7563848,81.6753214,,"West Godavari",534211
7791833515,"Sri Venkataramana Seva Charitable Trust",hospital,16.8040497,81.5885034,,"West Godavari",534146
7791833518,"Indira Memorial Hospital",hospital,16.8135146,81.5295577,,"West Godavari",534101
7791833519,"Government Area Hospital",hospital,16.821751,81.538893,,"West Godavari",534101
7791833524,"Mullapudi Venkatarayudu Memorial Hospital",hospital,16.7451393,81.680323,,"West Godavari",534211
7791833525,"Sai Sanjeevani Ortho Hospital",hospital,16.8180573,81.5243813,,"West Godavari",534101
7791833526,"RR Hospital",hospital,16.818449,81.521799,,"West Godavari",534101
7791833527,"J.K Hospital",hospital,16.7553689,81.6856372,,"West Godavari",534211
7791833528,"Sri Adhitya Hospital",hospital,16.7537504,81.6825136,,"West Godavari",534211
7791833531,"Adithya Hospital",hospital,16.755867,81.679334,,"West Godavari",534211
7791833533,"Krishnam Raju Hospital",hospital,16.8064098,81.5873622,,"West Godavari",534146
7791833534,"Venkata Ramana Hospital",hospital,16.7568182,81.6746039,,"West Godavari",534211
7791833535,"Nisa Hospital",hospital,16.7561539,81.6827505,,"West Godavari",534211
7791833539,"Sakunthala Children's Hospital",hospital,16.75603,81.684316,,"West Godavari",534211
7791833542,"Sri Sai Hospital",hospital,16.7569645,81.6881824,,"West Godavari",534211
7791833543,"Vaishnavi Hospital",hospital,16.8096301,81.5301577,,"West Godavari",534101
7791833545,"Sunkesula Hospital",hospital,16.817994,81.527169,,"West Godavari",534101
7791833546,"Divya Multispeciality Hospital",hospital,16.7554998,81.6830718,,"West Godavari",534211
7791833547,"Sri Surya ENT Multispeciality Hospital",hospital,16.8137407,81.5288616,,"West Godavari",534101
7791833548,"Kanthi Hospital",hospital,16.754249,81.6831542,,"West Godavari",534211
7791833550,"Government Hospital",hospital,16.7602705,81.6987861,,"West Godavari",534211
7791833553,"Srinivasa Hospitals",hospital,16.819093,81.521652,,"West Godavari",534101
7791833556,"Yashoda Hospital",hospital,16.8167806,81.5247017,,"West Godavari",534101
7791833557,"Sahiti Krishna Hospital",hospital,16.8182275,81.5215566,,"West Godavari",534101
7791833559,"Surya Teja Orthopaedic Hospital",hospital,16.7555017,81.681612,,"West Godavari",534211
7791833560,"Sri Daneswari Chest Speciality Hospital",hospital,16.7546913,81.6855155,,"West Godavari",534211
7791833561,"Sri Vaibhav Hospital",hospital,16.814924,81.5240312,,"West Godavari",534101
7791833564,"Sri Janaki Hospital",hospital,16.7560071,81.6764474,,"West Godavari",534211
7791833569,"JSK Eye Hospital",hospital,16.818632,81.521821,,"West Godavari",534101
7791833572,"Sai Swetha Super Speciality Hospital",hospital,16.7555912,81.7006084,,"West Godavari",534211
7791833573,"Karri Bhaskar Rao Hospital",hospital,16.8151567,81.5293568,,"West Godavari",534101
7791833575,"Hasya Hospital",hospital,16.7552862,81.6833704,,"West Godavari",534211
7791833577,"Sri Renuka Hospital",hospital,16.8053428,81.5286561,,"West Godavari",534101
7793049051,"Lalitha Chest Hospital",hospital,16.518071,81.7296726,,"West Godavari",534260
7793049052,"Sri Venkateswara ENT Hospital",hospital,16.5209179,81.7275447,,"West Godavari",534260
7793049053,"Sri Laksmi Children Hospital",hospital,16.5136503,81.7310235,,"West Godavari",534260
7793049058,"Vijaya Lakshmi Hospital",hospital,16.5168816,81.7217636,,"West Godavari",534260
7793049059,"Dr. Andey Ram Satish Hospital",hospital,16.438476,81.704054,,"West Godavari",534275
7793049061,"Adhisankara Eye Hospital",hospital,16.5135247,81.7237462,,"West Godavari",534260
7793049062,"Tulasi Hospital",hospital,16.435205,81.69926,,"West Godavari",534275
7793049063,"Ganesh Children's Hospital",hospital,16.4372421,81.6988036,,"West Godavari",534275
7793049064,"Sai Skin Hospital",hospital,16.5200279,81.7268669,,"West Godavari",534260
7793049065,"Bhaskar Eye Hospital",hospital,16.5159797,81.7311761,,"West Godavari",534260
7793049067,"Raju Gari Hospital",hospital,16.6547702,81.7411072,,"West Godavari",534320
7793049068,"Sri Surya Hospital",hospital,16.4330012,81.6959145,,"West Godavari",534275
7793049070,"Annapurna Children's Hospital",hospital,16.5199621,81.726406,,"West Godavari",534260
7793049071,"Sri Krishna Hospital",hospital,16.5174707,81.7350193,,"West Godavari",534260
7793049072,"Aadishankar Hospital",hospital,16.513886,81.7238541,,"West Godavari",534260
7793049076,"Sheshadri Hospital",hospital,16.5167166,81.730463,,"West Godavari",534260
7793049077,"R.R. Linos Eye Hospital",hospital,16.5114448,81.7234486,,"West Godavari",534260
7793049078,"Sarada Hospital",hospital,16.6884083,81.6054659,,"West Godavari",534134
7793049079,"Government Hospital",hospital,16.5123061,81.7212753,,"West Godavari",534260
7793049080,"Sri Sowmya Hospital",hospital,16.5174783,81.7327252,,"West Godavari",534260
7793049081,"Sri Lakshmi Satyanarayana Hospital",hospital,16.4386081,81.7039926,,"West Godavari",534275
7793049082,"Leprosy Hospital",hospital,16.4292484,81.6716979,,"West Godavari",534275
7793049083,"Satya Sai Dental Hospital",hospital,16.5171936,81.7271811,,"West Godavari",534260
7793049084,"Ayush Speciality Hospital",hospital,16.5152383,81.7316289,,"West Godavari",534260
7793049085,"Varalakshmi Hospital",hospital,16.438692,81.703654,,"West Godavari",534275
7793049086,"Vijayalakshmi Eye Hospital And Nursing Home",hospital,16.601875,81.8121799,,"West Godavari",534123
7793049087,"Satya Hospital",hospital,16.5144416,81.7311836,,"West Godavari",534260
7793049088,"St. John's Hospital",hospital,16.5196096,81.7121644,,"West Godavari",534261
7793049092,"Undi Apparao Hospital",hospital,16.5185216,81.729111,,"West Godavari",534260
7793049093,"Pranali Eye Care Hospital",hospital,16.520861,81.712368,,"West Godavari",534260
7793049094,"Rajiv Hospital",hospital,16.517244,81.732473,,"West Godavari",534260
7793049095,"Sri Sai Children Hospital",hospital,16.4398533,81.7047889,,"West Godavari",534275
7793049096,"Achanta Government Hospital",hospital,16.6018859,81.7995643,,"West Godavari",534269
7793049097,"Jyothi Physiotherapy Hospital",hospital,16.4800693,81.7849562,,"West Godavari",534268
7793049098,"Sowmika Hospital",hospital,16.5195304,81.7071497,,"West Godavari",534260
7793049100,"Padmaja ENT Hospital",hospital,16.5177131,81.7196435,,"West Godavari",534260
7793049101,"Attili Raju Hospital",hospital,16.6866414,81.6029533,,"West Godavari",534134
7793049102,"Mukhyamantri Arogya Kendram",hospital,16.4393189,81.6979682,,"West Godavari",534275
7793049103,"Ganesh Hospital",hospital,16.4353614,81.6991242,,"West Godavari",534275
7793049106,"ENT Hospital",hospital,16.5175896,81.727641,,"West Godavari",534260
7793049107,"Chaitanya Hospital",hospital,16.4365269,81.6974507,,"West Godavari",534275
7793049111,"Srinivasa Hospital",hospital,16.4113516,81.6066277,,"West Godavari",534281
7793049112,"Menakshi Hospital",hospital,16.4117099,81.6063699,,"West Godavari",534281
7793049113,"Government Hospital",hospital,16.5882868,81.7514917,,"West Godavari",534327
7793049114,"Divya Children Hospital",hospital,16.4308123,81.6845835,,"West Godavari",534275
7793049115,"Sri Sai Orthopaedic And Maternity Hospital",hospital,16.5191499,81.7288903,,"West Godavari",534260
7793049117,"Kishore ENT Hospital",hospital,16.4354267,81.6942653,,"West Godavari",534275
7793082252,"Sai Durga Children's Hospital",hospital,16.544257,81.514158,,"West Godavari",534202
7793082253,"Lakshmi Skin Hospital",hospital,16.543671,81.513659,,"West Godavari",534202
7793082254,"Sri Venkateswara Hospitals",hospital,16.5449536,81.5181728,,"West Godavari",534202
7793082255,"Santhi Hospital",hospital,16.5426964,81.5161309,,"West Godavari",534202
7793082256,"Pulse Hospital",hospital,16.5829347,81.3801455,,"West Godavari",534235
7793082260,"Homeopathy Hospital",hospital,16.6927757,81.4638313,,"West Godavari",534198
7793082261,"Anjali Children Hospital - Ganapavaram",hospital,16.7017707,81.4609973,,"West Godavari",534198
7793082262,"Meenakshi Vision Hospital",hospital,16.6965193,81.4621881,,"West Godavari",534198
7793082263,"Lions Club Rural Health Centre",hospital,16.5781248,81.3717633,,"West Godavari",534235
7793082264,"Rajan Raju ENT Hospital",hospital,16.5437484,81.5138905,,"West Godavari",534202
7793082266,"Ideal Homeo Multi Sepciality Hospital",hospital,16.5432329,81.5148104,,"West Godavari",534202
7793082269,"Vijayalakshmi Children's Hospital",hospital,16.5440081,81.5139266,,"West Godavari",534202
7793082270,"London Hospital",hospital,16.5409256,81.5258538,,"West Godavari",534201
7793082271,"Sanjeevini Kerala Ayurveda Hospital",hospital,16.5431414,81.5148771,,"West Godavari",534202
7793082272,"Sri Ramana Maharshi Hospital",hospital,16.543594,81.515505,,"West Godavari",534202
7793082273,"Sai Sugeeth Hospital",hospital,16.5434412,81.5157583,,"West Godavari",534202
7793082274,"Sri Sai Ayurveda Hospital",hospital,16.5450631,81.5191462,,"West Godavari",534202
7793082275,"Prasanthi hospital",hospital,16.5429589,81.5160983,,"West Godavari",534202
7793082276,"M G Eye Hospital",hospital,16.6919685,81.4639084,,"West Godavari",534198
7793082279,"Varma Hospital",hospital,16.6979328,81.4617263,,"West Godavari",534198
7793082280,"Stanley Eye Hospital",hospital,16.581854,81.372549,,"West Godavari",534235
7793082281,"Mahavir Hospital",hospital,16.7637791,81.3901436,,"West Godavari",534406
7793082287,"SuryaTeja Chest Hospital",hospital,16.542361,81.514113,,"West Godavari",534202
7793082288,"Shriya Hospital",hospital,16.5442446,81.5158267,,"West Godavari",534202
7793082289,"Gadhiraju Venkataramaraju Hospital",hospital,16.586719,81.532925,,"West Godavari",534202
7793082290,"Medinova Hospitals",hospital,16.5459316,81.5183323,,"West Godavari",534202
7793082292,"Sudha Urology & Maternity Hospital",hospital,16.543874,81.5300092,,"West Godavari",534201
7793082293,"Dr. Sanjeev Homeo Care, Multi Speciality Homeo Hospital",hospital,16.544562,81.518251,,"West Godavari",534202
7793082294,"Ushodaya Hospitals",hospital,16.5449263,81.5162619,,"West Godavari",534202
7793082295,"Dr. Venkatapathi Hospital",hospital,16.9506253,81.4086897,,"West Godavari",534112
7793082296,"Amrutha Hospital",hospital,16.5446406,81.5156994,,"West Godavari",534202
7793082299,"Vijay Sai Naturopathy & Obesity Hospital",hospital,16.5434226,81.5158486,,"West Godavari",534202
7793082300,"Jakkaram Hospital",hospital,16.5381257,81.4563796,,"West Godavari",534206
7793082302,"Kasi Eye Hospital",hospital,16.5425007,81.5149571,,"West Godavari",534202
7793082304,"New Government Hospital",hospital,16.825173,81.39908,,"West Godavari",534411
7793082305,"Vijaya Maternity Hospital",hospital,16.582394,81.371441,,"West Godavari",534235
7793082306,"Satyam Homeo Hospital",hospital,16.5424744,81.5141021,,"West Godavari",534202
7793082307,"Sunkesula Multi Speciality Hospital",hospital,16.9498421,81.4145879,,"West Godavari",534112
7793082308,"Sri Srinivasa Nursing Home, Eye Hospital",hospital,16.547743,81.515235,,"West Godavari",534202
7793082309,"Sudhir Hospitals",hospital,16.549097,81.555247,,"West Godavari",534203
7793082310,"Venkateswara Hospital",hospital,16.5376427,81.409062,,"West Godavari",534237
7793082312,"Venkata Sai General & Diabetic Hospital",hospital,16.5434614,81.5158008,,"West Godavari",534202
7793082314,"Jai Srinivasa Hospital",hospital,16.5437836,81.5155601,,"West Godavari",534202
7793082315,"Mohan Hospital",hospital,16.5424754,81.5123943,,"West Godavari",534202
7793082316,"Mukhyamantri Aarogya Kendram",hospital,16.5399994,81.5366104,,"West Godavari",534201
7793082321,"Sai Pragnya Hospital",hospital,16.545181,81.530623,,"West Godavari",534201
7793082322,"Maxivision Super Speciality Eye Hospitals",hospital,16.5440446,81.5189692,,"West Godavari",534202
7793082323,"L V Prasad Eye Hospital",hospital,16.8172478,81.4211809,,"West Godavari",534406
7793082324,"Abhiram Orthopaedic Hospital",hospital,16.543079,81.51532,,"West Godavari",534202
7793082326,"Sai Indian Hospitals",hospital,16.543015,81.515117,,"West Godavari",534202
7793082329,"Janaki Rao Hospital",hospital,16.543929,81.516698,,"West Godavari",534202
7793082330,"Surya Hospital",hospital,16.5820253,81.3772126,,"West Godavari",534235
7793082334,"Sri Rangaraju Children's Hospital",hospital,16.5431643,81.5137288,,"West Godavari",534202
7793151860,"Srilaxmi Eye And ENT Hospital",hospital,16.8927223,80.0986768,,"Krishna",521175
7793151862,"St. Ann's Hospital",hospital,16.8954626,80.0954559,,"Krishna",521175
7793151864,"Ramesh Children's Hospital",hospital,16.8932869,80.0983287,,"Krishna",521175
7793151865,"Aayushmaan Hospital",hospital,16.5879151,80.5194697,,"Krishna",521456
7793151866,"Prashanthi Hospital",hospital,16.7689261,80.2837231,,"Krishna",521185
7793151869,"Sri Pujitha Hospital",hospital,16.7719987,80.284916,,"Krishna",521185
7793151870,"Sai Balaji Hospital",hospital,16.7713358,80.2849006,,"Krishna",521185
7793151876,"Thathiya Babu Hospital",hospital,16.7921626,80.8466597,,"Krishna",521201
7793151881,"Seetaravamma Hospital",hospital,16.767587,80.288234,,"Krishna",521185
7793151882,"Swathi Children Hospital",hospital,16.8932112,80.0987332,,"Krishna",521175
7793151885,"Sri Vijaya Ardopedic Hospital",hospital,16.8958068,80.0979294,,"Krishna",521175
7793151890,"Sri Lakshmi Hospital",hospital,16.8958717,80.1001773,,"Krishna",522185
7793151894,"Dr. Raghava Rao Hospital",hospital,16.7802323,80.8458479,,"Krishna",521201
7793151897,"SV Hospital",hospital,16.7732383,80.2894509,,"Krishna",522185
7793151899,"Baba Hospital",hospital,16.5882933,80.5203435,"ibrahimpatnam","Krishna",521456
7793151903,"Nimra Hospital",hospital,16.6057141,80.5034143,,"Krishna",521456
7793151904,"Sri Vaishnavi Hospital",hospital,16.7727915,80.2884525,,"Krishna",521185
7793151907,"Mamatha Children's Hospital",hospital,16.7721568,80.2811831,,"Krishna",521185
7793151909,"Vajramala Hospital",hospital,16.8937961,80.099555,,"Krishna",521175
7793151911,"Giffard Memorial Hospital",hospital,16.7895197,80.842919,,"Krishna",521201
7793151912,"ABG Hospital",hospital,16.8749058,80.0223221,,"Krishna",521175
7793151914,"Sai Sameera Hospital",hospital,16.7721228,80.2842834,,"Krishna",521185
7793151918,"Mother Theressa Hospital",hospital,16.7656147,80.2906826,,"Krishna",521185
7793151921,"Amrutha Hospital",hospital,16.7682353,80.2833868,,"Krishna",521185
7793151925,"Janatha Hospital",hospital,16.7883725,80.8495524,,"Krishna",521201
7793151932,"Samatha Hospital",hospital,16.5903047,80.5233059,,"Krishna",521456
7793269850,"Swetha ENT Hospital",hospital,16.4385839,80.9915142,,"Krishna",521301
7793269852,"Praja Vaidya Shala",hospital,16.431001,80.9950181,,"Krishna",521301
7793269853,"Sentini Super Speciality Hospital",hospital,16.4426583,80.9921722,,"Krishna",521301
7793269854,"Padmavathi Gari Hospital",hospital,16.431254,81.005587,,"Krishna",521301
7793269855,"Gudivada Dental Hospital",hospital,16.44019,80.992493,,"Krishna",521301
7793269856,"Annapurna Multi Speciality Hospital",hospital,16.4396247,80.9925039,,"Krishna",521301
7793269858,"Subramanyeswara Rao Hospital",hospital,16.426109,81.0012311,,"Krishna",521301
7793269859,"Thanmai Hospital",hospital,16.4394063,80.9921383,,"Krishna",521301
7793269861,"Vishnu Children's Hospital",hospital,16.1827363,81.1389026,,"Krishna",521001
7793269865,"Maganti Hospital",hospital,16.4367581,80.9916202,,"Krishna",521301
7793269866,"Ravi Eye Hospital",hospital,16.4388656,80.9926756,,"Krishna",521301
7793269869,"Tejorama Carewell Hospital",hospital,16.1882246,81.1379917,,"Krishna",521001
7793269870,"Chaitanya ENT Hospital",hospital,16.179739,81.136602,,"Krishna",521001
7793269874,"V.V.Narasimha Rao Skin Hospital",hospital,16.1799366,81.1354758,,"Krishna",521001
7793269875,"Ramesh Hospital",hospital,16.439096,80.9925793,,"Krishna",521301
7793269879,"Karuna Hospital",hospital,16.4429182,80.9921642,,"Krishna",521301
7793269881,"Sri Allada Hospitals",hospital,16.185166,81.126413,,"Krishna",521001
7793269882,"Pinnamaneni Children's Hospital",hospital,16.4430999,80.9920903,,"Krishna",521301
7793269884,"Khan Piles Hospital",hospital,16.4384517,80.9908343,,"Krishna",521301
7793269886,"Vennela Eye Hospital",hospital,16.4420514,80.9925157,,"Krishna",521301
7793269887,"Dr. Abreddy Eye Hospital",hospital,16.1812245,81.134819,,"Krishna",521001
7793269896,"Sri Meenakshi Super Speciality Dental Hospital",hospital,16.4254529,81.0008962,,"Krishna",521301
7793269899,"Dr. Chandra Sekhar Hospital",hospital,16.1822319,81.1364382,,"Krishna",521001
7793269900,"Aditya Children's Hospital",hospital,16.4369875,80.9922625,,"Krishna",521301
7793269902,"Life Hospital",hospital,16.4242134,81.0011034,,"Krishna",521301
7793269908,"Mahitha NRI Hospital",hospital,16.026259,80.914828,,"Krishna",521121
7793269910,"Vivekananda Hospital",hospital,16.02604,80.915202,,"Krishna",521121
7793324088,"Hope Hospital",hospital,16.5238653,80.6176713,,"Krishna",520001
7793324090,"Sree Jeevana Ayurveda",hospital,16.5364831,80.5958952,,"Krishna",520012
7793324091,"Dr. Ramakrishna'S Hospital",hospital,16.544499,80.649132,,"Krishna",520015
7793324093,"Sri Venkateswara Nursing Home for Women and Children",hospital,16.5384354,80.5966458,,"Krishna",520012
7793324094,"Tirumala Multi Speciality Family Hospital",hospital,16.545493,80.645166,,"Krishna",520015
7793324095,"Khan Hospital",hospital,16.5467214,80.6482638,,"Krishna",520015
7793324097,"Paramathma Multispeciality Dental Hospital",hospital,16.522545,80.617298,,"Krishna",520001
7793324098,"Bhavya Hospital",hospital,16.5335231,80.6140015,,"Krishna",520001
7793324099,"Dr. Koneru Madhusudhanarao Memorial Hospital",hospital,16.5448461,80.6427914,,"Krishna",
7793324102,"Bhavani Hospital",hospital,16.5315294,80.5971852,,"Krishna",520012
7793324104,"Sri Viswanadh Memorial Hospitals",hospital,16.5471647,80.6480324,,"Krishna",520015
7793324105,"Rangaiah Gari Hospital",hospital,16.5410449,80.5804813,,"Krishna",521225
7793324106,"Avala Hospital",hospital,16.5218041,80.6131651,,"Krishna",520001
7793324112,"Andhra Hospitals",hospital,16.536288,80.584688,,"Krishna",521225
7793324113,"Cholera Hospital",hospital,16.5340021,80.6137775,,"Krishna",520001
7793324114,"Hospital Jyo",hospital,16.5268099,80.6195922,,"Krishna",520001
7793324118,"Apollo Hospitals",hospital,16.52711,80.619441,,"Krishna",520001
7793324122,"Mamata Children's Hospital",hospital,16.521933,80.612691,,"Krishna",520001
7793324123,"Thyro Care Hospital",hospital,16.540189,80.640147,,"Krishna",520002
7793324124,"Garre Nageswara Rao Hospital",hospital,16.5245917,80.6113488,,"Krishna",520001
7793324128,"Dr. Koneru Madhusudhan Rao Memorial Hospital",hospital,16.530622,80.612004,,"Krishna",
7793324129,"Children's Hospital",hospital,16.5380864,80.613239,,"Krishna",520001
7793324132,"Ravi Hospital",hospital,16.5317861,80.59634,,"Krishna",520012
7793324133,"Akshaya Eye Hospital",hospital,16.5215421,80.6138674,,"Krishna",520001
7793324135,"Health Care Hospital",hospital,16.5257977,80.613105,,"Krishna",520001
7793324137,"Jayamma Eye Hospital",hospital,16.5391264,80.634394,,"Krishna",520015
7793324138,"Mukyamatri Arogya Kendram",hospital,16.5438773,80.6433521,,"Krishna",520015
7793324139,"Siddhartha Orthopaedic Hospital",hospital,16.530896,80.6125368,,"Krishna",
7793324141,"Vindhya Hospital",hospital,16.5264661,80.593686,,"Krishna",520012
7793324142,"Asha Hospital",hospital,16.5385074,80.5817653,,"Krishna",521225
7793324144,"Tulasi Hospital",hospital,16.5317919,80.6135915,,"Krishna",520001
7793324145,"Sloka Hospitals",hospital,16.526523,80.594019,,"Krishna",520012
7793324148,"Charithasri Hospitals",hospital,16.5219247,80.6140956,,"Krishna",520001
7793324151,"Swasta Hospital",hospital,16.55702,80.6480101,,"Krishna",
7793324152,"Vijayawada ENT Hospital",hospital,16.521863,80.614053,,"Krishna",520001
7793324154,"Smile Multi Speciality Hospital",hospital,16.540192,80.639855,,"Krishna",520015
7793378110,"Sri Chaitanya Multi Specialty Dental Hospital",hospital,16.52284,80.6616126,,"Krishna",520004
7793378111,"Navodaya Hospital",hospital,16.4885621,80.6764276,,"Krishna",520007
7793378112,"Indian Oam Hospital",hospital,16.487749,80.679472,,"Krishna",520007
7793378113,"Sai Laakinya Hospital",hospital,16.4947001,80.6891891,,"Krishna",534005
7793378114,"Sri Sai Hospital",hospital,16.5209803,80.653273,,"Krishna",520004
7793378116,"Prakash Healthy Life",hospital,16.5223741,80.6371453,,"Krishna",520011
7793378117,"Sankara Dental Hospital",hospital,16.4879999,80.6753637,,"Krishna",520007
7793378128,"Prasanthi Hospital",hospital,16.5271683,80.6386249,,"Krishna",520011
7793378130,"Kanuru Hospitals",hospital,16.486013,80.6857109,,"Krishna",520007
7793378131,"Sravanthi Hospital",hospital,16.487289,80.678635,,"Krishna",520007
7793378133,"Sri Raksha Children Hospital",hospital,16.5273853,80.6392381,,"Krishna",520011
7793378137,"Sri Srinivasa Nursing Home",hospital,16.5222754,80.6352525,,"Krishna",520011
7793378138,"Chaitanya Pillal Hospital",hospital,16.5264783,80.6384317,,"Krishna",520011
7793378145,"Sri Vijaya Pillala Hospital",hospital,16.4869836,80.6782668,,"Krishna",520007
7793378148,"Bezawada Dental Hospital",hospital,16.4870149,80.6781883,,"Krishna",520007
7793378149,"Krishna Veni Hospital",hospital,16.5115691,80.6701494,,"Krishna",520008
7793378150,"Shivaji Hospital",hospital,16.5269547,80.6388444,,"Krishna",520011
7793378152,"Rajarshi Hospitals",hospital,16.5147471,80.6703495,,"Krishna",520008
7793378153,"Praneeth Multi Speciality Hospital",hospital,16.5269984,80.6464582,,"Krishna",520004
7793378154,"Murali Memorial Nursing Home",hospital,16.4866657,80.678736,,"Krishna",520007
7793378156,"Jagathi Hospitals",hospital,16.4866004,80.6786713,,"Krishna",520007
7793378160,"Narguna Nursing Hosptial",hospital,16.4986891,80.6885287,,"Krishna",520007
7793378162,"Sree Multi Speciality Hospital",hospital,16.520605,80.633434,,"Krishna",520011
7793378166,"Somandh Hospital",hospital,16.4869604,80.6766472,,"Krishna",520007
7793378168,"Sri Sathya Sai Hospital",hospital,16.5200396,80.6658409,,"Krishna",520004
7793433204,"Ranjith Eye Hospital",hospital,16.5140374,80.6404133,,"Krishna",520002
7793433205,"Mamatha Eye Hospital & Diabetic Care Centre",hospital,16.5130322,80.634046,,"Krishna",520002
7793433206,"Chaitanya Hospitals",hospital,16.511845,80.635098,,"Krishna",520002
7793433208,"Rama Krishna ENT Hospitals",hospital,16.5115,80.634682,,"Krishna",520002
7793433209,"Kiran'S Surgery Center",hospital,16.5087589,80.6265099,,"Krishna",520001
7793433210,"Vijayawada Multi Speciality Hospital",hospital,16.5130143,80.6339964,,"Krishna",520002
7793433216,"Nandan Hospitals",hospital,16.510702,80.63728,,"Krishna",520002
7793433217,"Dr. Sumana's Sai Ayurveda Hospital",hospital,16.5159969,80.6384191,,"Krishna",520002
7793433218,"Jayasree Neuro Centre",hospital,16.5130577,80.6340093,,"Krishna",520002
7793433219,"City Hospital",hospital,16.513132,80.635165,,"Krishna",520002
7793433220,"Sowjanya Hospitals",hospital,16.513542,80.635522,,"Krishna",520002
7793433221,"Goutham's Diabetes And Hormone Hospitals",hospital,16.5102532,80.6371287,,"Krishna",520002
7793433223,"Balya Child Hospital",hospital,16.511336,80.635175,,"Krishna",520002
7793433224,"Sai Bhaskar Orthopaedic Super Speciality Hospital",hospital,16.511754,80.638597,,"Krishna",520002
7793433226,"Mj Naidu Super Speciality Hospital",hospital,16.511197,80.638123,,"Krishna",520002
7793433227,"Madhu Super Specialities",hospital,16.5111517,80.6378215,,"Krishna",520002
7793433228,"Naveen ENT Hospital",hospital,16.5113158,80.6351878,,"Krishna",520002
7793433230,"Sneha Hospital",hospital,16.5170317,80.6373686,,"Krishna",520002
7793433231,"Ishwarya Maternity Hospital",hospital,16.511559,80.634515,,"Krishna",520002
7793433233,"Sri Sai Teja Hospital",hospital,16.5132755,80.6338832,,"Krishna",520002
7793433234,"City Neuro  Centre",hospital,16.5100394,80.6376056,,"Krishna",520002
7793433235,"Amaravati Eye Hospital",hospital,16.5096865,80.6368519,,"Krishna",520002
7793433236,"Sree Physiotherapy And Rehabilitation Hospital",hospital,16.5144192,80.6369227,,"Krishna",520002
7793433237,"Spandana Hospital",hospital,16.5124144,80.6343671,,"Krishna",520002
7793433238,"Janatha Hospitals",hospital,16.5112741,80.6351791,,"Krishna",520002
7793433240,"Wonder World Multispeciality Hospital",hospital,16.513945,80.632494,,"Krishna",520002
7793433243,"Vignesh Super Specialities",hospital,16.509869,80.635791,,"Krishna",520002
7793433245,"Surakshita Children Hospital",hospital,16.513282,80.636331,,"Krishna",520002
7793433246,"Sri Mangapathi Hospitals",hospital,16.5145481,80.6348078,,"Krishna",520002
7793433247,"Ashwa Hospitals",hospital,16.5111234,80.6354988,,"Krishna",520002
7793433249,"R.K. Hospitals",hospital,16.5112931,80.6370286,,"Krishna",520002
7793433251,"Dharma Hospital",hospital,16.5113444,80.6264939,,"Krishna",520002
7793433252,"Raja Hospitals",hospital,16.511879,80.638948,,"Krishna",520002
7793433253,"Khushi Neuro Psychiatric Centre",hospital,16.5115171,80.6341698,,"Krishna",520002
7793433254,"Sankara Eye Hospitals",hospital,16.509587,80.6370299,,"Krishna",520002
7793433255,"Ashoka Hospital",hospital,16.5128536,80.63221,,"Krishna",520002
7793433256,"Sai Krishna Hospital",hospital,16.513111,80.633646,,"Krishna",520002
7793433257,"Smartvision Eye Hospitals",hospital,16.510699,80.636938,,"Krishna",520002
7793433259,"Sunrise Hospitals",hospital,16.512833,80.639296,,"Krishna",520002
7793433260,"Sri Gayathri Ayurvedic Multi Speciality Hospital",hospital,16.5137244,80.6344165,,"Krishna",520002
7793433264,"Balaji ENT Hospitals",hospital,16.5125716,80.6346818,,"Krishna",520002
7793433265,"Hasini Hospital",hospital,16.5136,80.634351,,"Krishna",520002
7793433266,"Poorna Chandra Rao Hospital",hospital,16.513806,80.636527,,"Krishna",520010
7793433267,"Sri Santhi Hospitals",hospital,16.5138144,80.6336612,,"Krishna",520002
7793433268,"Modern Eye Hospital",hospital,16.513973,80.63601,,"Krishna",520002
7793433269,"Endo Care Hospitals",hospital,16.513647,80.636191,,"Krishna",520002
7793433274,"City Eye Hospital",hospital,16.5151762,80.6392779,,"Krishna",520002
7793433278,"Sagar Super Speciality Hospital",hospital,16.510789,80.6373626,,"Krishna",520002
7793433280,"Dr. Sohan Singh Homeo Hospital",hospital,16.5111946,80.6263221,,"Krishna",520002
7793433282,"Shine Hospital",hospital,16.510152,80.637269,,"Krishna",520002
7799857584,"Revive Hospital",hospital,16.5039229,80.6654517,,"Krishna",520007
7799862487,"Rohan Multi Speciality Dental  Hospital",hospital,16.5084686,80.6419562,,"Krishna",520010
7799862488,"Surekha's Children Hospital",hospital,16.4904328,80.6499346,,"Krishna",520013
7799862490,"Ashraf Maternity ENT & Multi Speciality Hospital",hospital,16.4992031,80.6485928,,"Krishna",520010
7799862492,"Roopa Orthopaedic & Joint Replacement Hospital",hospital,16.4925148,80.6656278,,"Krishna",520010
7799862498,"Yashoda Children Hospital",hospital,16.4889328,80.6723003,,"Krishna",520007
7799862499,"Vardhan Ayurvedic Hospital",hospital,16.4972466,80.6493157,,"Krishna",520010
7799862500,"Shruti Opticals And Eye Care Centre",hospital,16.503058,80.666596,,"Krishna",520008
7799862503,"Arogyasri Homeo Hospital",hospital,16.4926301,80.6658938,,"Krishna",520010
7799862505,"Blossoms Mother & Child Hospital",hospital,16.5070301,80.6403974,,"Krishna",520010
7799862510,"Sri Prasad Dental Hospital",hospital,16.48912,80.668523,,"Krishna",520007
7799862514,"Sri Sai Dhatu Ayurvedic Speciality Hospital",hospital,16.5019066,80.6466716,,"Krishna",520010
7799862515,"Haribandi Shivaji Hospital",hospital,16.5081468,80.6421081,,"Krishna",520010
7799862517,"Khyathi Eye Hospital",hospital,16.4949467,80.6630342,,"Krishna",520008
7799862518,"Amma Hospital",hospital,16.4945789,80.6635191,,"Krishna",520010
7799862519,"Lahari Hospital",hospital,16.5010449,80.6607819,,"Krishna",520010
7799862521,"T.Y.R Super Speciality Hospital",hospital,16.4933292,80.6653787,,"Krishna",520010
7799862524,"Sri Sai Hospital",hospital,16.504908,80.665856,,"Krishna",520008
7799862525,"Latha Super Speciality Hospital",hospital,16.5091659,80.6386731,,"Krishna",520002
7799862529,"Samara Hospital",hospital,16.5009787,80.6480383,,"Krishna",520010
7799862530,"Balaji Ayurveda Hospital",hospital,16.5021243,80.6648148,,"Krishna",520008
7799862531,"Sri Vaishnavi Eye Hospital",hospital,16.5041203,80.6490693,,"Krishna",520010
7799862532,"Priya Children's Hospital",hospital,16.4974031,80.6656738,,"Krishna",520010
7799862534,"Liberty Hospitals",hospital,16.489853,80.671525,,"Krishna",520007
7799862535,"Kanumuri Chest Hospital",hospital,16.4923161,80.6653034,,"Krishna",520010
7799862536,"Ratna Hospital",hospital,16.5057299,80.6629387,,"Krishna",520008
7799990072,"ESI Hospital",hospital,15.8998695,80.4640377,"Bapatla","Bapatla",522101
7799990073,"Rushi Care Hospital",hospital,15.907387,80.4761242,"baptla","Guntur",522101
7799990076,"Pulse Hospitals",hospital,16.0189846,80.8337634,,"Guntur",522265
7799990077,"Varalakshmi Hospital",hospital,16.063642,80.551287,,"Guntur",522124
7799990080,"Dr. SubbaRao Hospital",hospital,16.019174,80.833149,,"Guntur",522265
7799990083,"SVS Multi Speciality Health Care Hospital",hospital,16.1817865,80.797004,,"Guntur",522324
7799990085,"Krishna Kumari Hospital",hospital,16.015633,80.8288484,,"Guntur",522265
7799990088,"Prakash Rao Hospital",hospital,16.0173743,80.8315933,,"Guntur",522265
7799990092,"Abhaya Hospitals",hospital,16.24306,80.632434,,"Guntur",522202
7799990093,"Aswini Children's & Dental Hospital",hospital,16.2429853,80.6467991,,"Guntur",522201
7799990095,"Kumari Supriya Smaraka Ayurveda Hospital",hospital,16.245262,80.6356886,,"Guntur",522202
7799990103,"PSR Hospital",hospital,16.2462423,80.6453078,,"Guntur",522201
7799990111,"Srinu Hospital",hospital,16.28674,80.750533,,"Guntur",522304
7799990112,"Vijaya Eye Hospital",hospital,15.9055332,80.46896,,"Guntur",522101
7799990113,"Evangeline Booth Hospital",hospital,16.061875,80.549514,,"Guntur",522124
7799990114,"RK Eye Hospital",hospital,16.016721,80.828911,,"Guntur",522265
7799990115,"Kotnis Praja Vaidyasala",hospital,16.2447537,80.6467205,,"Guntur",522201
7799990116,"VNM Children's Hospital",hospital,16.0169355,80.8294098,,"Guntur",522265
7799990120,"Sri Bharadwaja Ayurveda Hospital",hospital,16.0152784,80.8292531,,"Guntur",522265
7799990122,"Chaitanya Orthopaedic Hospital",hospital,16.0649872,80.5521177,,"Guntur",522124
7799990123,"Maa Hospital",hospital,16.0184413,80.8284687,,"Guntur",522265
7799990125,"Chakravarthi Baby Care",hospital,16.2418805,80.6458981,,"Guntur",522201
7799990126,"Praveen Hospital",hospital,15.9474692,80.5494989,,"Guntur",522111
7799990128,"Avanthi ENT Hospital",hospital,15.9071892,80.4776921,,"Guntur",522101
7799990130,"Bapatla Star Hospital",hospital,15.9033002,80.467573,,"Guntur",522101
7799990132,"Mannem Satyanarayana Hospital",hospital,16.0531814,80.6846912,,"Guntur",522309
7799990133,"Edward Butler Eye Hospital",hospital,16.043349,80.695101,,"Guntur",522309
7799990135,"Kalary Hospital",hospital,16.235577,80.6415168,,"Guntur",522201
7799990136,"Nalluri Hospital",hospital,16.0181542,80.8273448,,"Guntur",522265
7799990140,"Mother Teresa Hospital",hospital,16.0183089,80.8281436,,"Guntur",522265
7799990142,"Likith Sai Amar Eye And Children Hospital",hospital,16.0670156,80.5529205,,"Guntur",522124
7799990152,"Happy Multispeciality Hospital",hospital,16.2386642,80.6507258,,"Guntur",522201
7799990153,"AIMS Hospital",hospital,16.0165375,80.830849,,"Guntur",522265
7800115515,"Vijaya Eye Hospital",hospital,16.309392,80.43239,,"Guntur",522008
7800115520,"Andhra Mother, Child & Multispeciality Hospital",hospital,16.3047379,80.446778,,"Guntur",522002
7800115521,"Chalasani Hospital",hospital,16.2990247,80.4509301,,"Guntur",522001
7800115526,"Basava Punnaiah Hospital",hospital,16.299555,80.44946,,"Guntur",522001
7800115527,"Mythri Multi-Speciality Hospital",hospital,16.2990552,80.4580992,,"Guntur",522001
7800115530,"Sailaja Hospital",hospital,16.3046616,80.4417625,,"Guntur",522002
7800115531,"Karthika's E.N.T & Kidney Care",hospital,16.297111,80.449848,,"Guntur",522001
7800115533,"Maddineni Hospitals",hospital,16.294973,80.449132,,"Guntur",522001
7800115535,"Dr. Lavanya's Aswini Endocrine Centre",hospital,16.296886,80.4518391,,"Guntur",522001
7800115537,"Kanumuri Hospitals",hospital,16.3021847,80.4490414,,"Guntur",522001
7800115539,"MGR Multi Speciality Hospital",hospital,16.3141536,80.4137779,,"Guntur",522006
7800115540,"Joshita Children Hospital",hospital,16.3108573,80.437235,,"Guntur",522002
7800115541,"Kasturi Hospitals",hospital,16.3105455,80.4366964,,"Guntur",522007
7800115543,"Vijaya Hospital",hospital,16.308769,80.43695,,"Guntur",522007
7800115544,"Yerras Superspeciality Hospital",hospital,16.297153,80.449751,,"Guntur",522001
7800115547,"Raphah Hospitals",hospital,16.2996111,80.4515092,,"Guntur",522001
7800115548,"Blossoms Children's Hospital",hospital,16.2984971,80.4540614,,"Guntur",522001
7800115549,"Aatreya Talli Pillala Hospital",hospital,16.3061901,80.4135082,,"Guntur",522006
7800115550,"Divisional Railway Hospital",hospital,16.2990236,80.4411291,,"Guntur",522001
7800115551,"Uday Hospital",hospital,16.2969307,80.4489086,,"Guntur",522001
7800115552,"Sri Venkateswara Hospital",hospital,16.3017559,80.4465743,,"Guntur",522001
7800115553,"Mallika Spine Best Spine Hospital",hospital,16.2992058,80.4522648,,"Guntur",522001
7800115556,"Balaji Hospital",hospital,16.289095,80.441237,,"Guntur",522003
7800115559,"Renuuka Hospital",hospital,16.3105835,80.4366993,,"Guntur",522007
7800115560,"Meghana Hospital",hospital,16.2964697,80.4508443,,"Guntur",522001
7800115562,"Leelavathi Advanced Skin & Laser Centre",hospital,16.2968875,80.4498232,,"Guntur",522001
7800115564,"Ruth Sigmon Memorial Lutheran Hospital",hospital,16.2920451,80.442092,,"Guntur",522002
7800115565,"Endolife Hospital",hospital,16.2990195,80.4510362,"Guntur","Guntur",522001
7800115566,"Prabhavathi Hospital",hospital,16.311839,80.431888,,"Guntur",522007
7800115570,"Arun ENT Hospital",hospital,16.295005,80.449971,,"Guntur",522001
7800115572,"Jayathi Hospital",hospital,16.2979124,80.4557616,,"Guntur",522001
7800115573,"Praja Vaidyasala",hospital,16.320034,80.41434,,"Guntur",522006
7800115574,"ECHS Polyclinic",hospital,16.3087733,80.4136354,,"Guntur",522006
7800115576,"Sree Prathima Super Speciality Hospital",hospital,16.2989378,80.4565444,,"Guntur",522001
7800115577,"Sri Sai Krishna Neuro Surgical Speciality Hospital",hospital,16.3132538,80.4374171,,"Guntur",522002
7800115582,"Shri Hospital & Research Institute",hospital,16.3052525,80.4452914,,"Guntur",522002
7800115586,"AVR Hospital",hospital,16.2985693,80.4555504,,"Guntur",522001
7800115590,"Sri Meenakshi Children's Hospital",hospital,16.3057416,80.4221026,,"Guntur",522006
7800115591,"Sravani Hospital",hospital,16.2969116,80.4512383,,"Guntur",522001
7800115592,"Vutukuri Hospital",hospital,16.2969486,80.450624,,"Guntur",522001
7800115593,"Satya Hospital",hospital,16.2980092,80.4509197,,"Guntur",522001
7800115594,"Amma Children's Hospital",hospital,16.2956826,80.4509393,,"Guntur",522001
7800115595,"Sai Satya Super Speciality Hospital",hospital,16.2918853,80.4305667,,"Guntur",522004
7800115596,"Bayya ENT And Cochlear Implant Hospital",hospital,16.2972316,80.4493356,,"Guntur",522001
7800115597,"Help Hospital",hospital,16.304677,80.44434,,"Guntur",522002
7800115599,"Venkata Krishnaiah Children's Hospital",hospital,16.290173,80.441374,,"Guntur",522003
7800115600,"Sri Venkateswara Ayurvedic Hospital",hospital,16.3036595,80.4387315,,"Guntur",522002
7800115602,"DNR Hospital",hospital,16.300533,80.448526,,"Guntur",522001
7800115603,"Sri Sai Hospital",hospital,16.3042768,80.4456817,,"Guntur",522002
7800115608,"Gayatri Hospitals",hospital,16.2990929,80.4527402,,"Guntur",522001
7800115609,"Sree Rama Seetha Children's Hospital",hospital,16.3016698,80.4465765,,"Guntur",522001
7800115610,"Victoria Memorial Hospital",hospital,16.2961588,80.4539075,,"Guntur",522001
7800115611,"Sri Venkateswara Eye Hospital",hospital,16.3020306,80.4486789,,"Guntur",522001
7800115613,"Surendra Kumar Children's Hospital",hospital,16.3059771,80.4400578,,"Guntur",522002
7800115617,"Sri Balaji Hospitals",hospital,16.298621,80.450785,,"Guntur",522001
7800115618,"Vishnu Surgical Gastro Centre",hospital,16.295347,80.448629,,"Guntur",522001
7800115619,"Viswas Hospitals",hospital,16.3164304,80.4322481,,"Guntur",522007
7800115621,"National Multi Speciality , Liver & Gastro Hospital",hospital,16.2896262,80.4416857,,"Guntur",522003
7800263665,"Vamsi Children's Hospital",hospital,16.393346,80.149226,,"Guntur",522403
7800263666,"Samatha Multispeciality Hospital",hospital,16.4367678,80.5654658,,"Guntur",522503
7800263667,"Ram Hospitals",hospital,16.490112,80.602517,,"Guntur",522501
7800263668,"Mangalagiri Orthopaedic And Maternity Hospital",hospital,16.433033,80.568373,,"Guntur",522503
7800263670,"Samvidha Hospital",hospital,16.4363219,80.565961,,"Guntur",522503
7800263671,"Vishnu Multispeciality Hospital",hospital,16.0932208,80.1644019,,"Guntur",522616
7800263672,"Ramana Rao Hospital",hospital,16.3055853,80.4525637,,"Guntur",522001
7800263673,"Sri Suraksha Hospital",hospital,16.088597,80.1697559,,"Guntur",522616
7800263675,"Mukhyamantri Arogya Kendram",hospital,16.4263664,80.5744165,,"Guntur",522503
7800263676,"Reddy Hospital",hospital,16.4698579,80.2575748,,"Guntur",522402
7800263677,"Lahiri Hospital For Women And Children",hospital,16.0855658,80.1621667,,"Guntur",522616
7800263678,"Veera Shankar Rao Hospital",hospital,16.089084,80.16997,,"Guntur",522616
7800263679,"Aayush Physiotherapy Hospitals",hospital,16.4339721,80.56679,,"Guntur",522503
7800263681,"Government Homeopathi Hospital",hospital,16.4200386,80.455015,,"Guntur",522236
7800263682,"Surya Nagarjuna Hospital",hospital,16.4331605,80.5667903,,"Guntur",522503
7800263683,"Vijaya Raju Hospital",hospital,16.2908689,80.2606283,,"Guntur",522529
7800263684,"K J H Hospital",hospital,16.0939133,80.1624792,,"Guntur",522616
7800263688,"Sri Krishna Hospitals",hospital,16.3022734,80.4598716,,"Guntur",522001
7800263692,"American Oncology Hospital",hospital,16.4163509,80.5559544,,"Guntur",522503
7800263693,"Geetha Multispeciality Hospital",hospital,16.3935461,80.1493198,,"Guntur",522403
7800263694,"Sarala Devi Hospital",hospital,16.09662,80.1645951,,"Guntur",522616
7800263695,"Dr. Ramesh Hospital",hospital,16.086599,80.170834,,"Guntur",522616
7800263696,"Taraka Rama Rao Homeopathy Hospital",hospital,16.4291123,80.5747576,,"Guntur",522503
7800263697,"DSR Hospital",hospital,16.2914591,80.2630322,,"Guntur",522529
7800263699,"Vedanta Hospitals",hospital,16.3071978,80.4634703,,"Guntur",522001
7800263704,"R.K Multi Speciality Hospital",hospital,16.092468,80.166176,,"Guntur",522616
7800263705,"Lakshmi Pillala Hospital",hospital,16.085646,80.162497,,"Guntur",522616
7800263706,"Chamundeswari Ayurveda Hospital",hospital,16.4325262,80.5734379,,"Guntur",522503
7800263707,"Renuka Children's Hospital",hospital,16.0872403,80.1612675,,"Guntur",522616
7800263708,"Gajjala Hospital",hospital,16.3974314,80.1512986,,"Guntur",522403
7800263710,"Pulse Hospital",hospital,16.2861866,80.4448585,,"Guntur",522003
7800263712,"L V Prasad Eye Institute",hospital,16.4201259,80.0818799,,"Guntur",522412
7800263713,"Nagarjuna Eye Hospital",hospital,16.396808,80.150613,,"Guntur",522403
7800263719,"Sudha Maternity Hospital",hospital,16.4831816,80.6180292,,"Guntur",522501
7800263725,"ESI Hospital",hospital,16.3367599,80.4890877,,"Guntur",522509
7800263728,"Bhavani Hospital",hospital,16.4348544,80.5680428,,"Guntur",522503
7800263729,"Lakshmi Multi Speciality Hospital",hospital,16.090872,80.1644683,,"Guntur",522616
7800263733,"Dr. Ankarao Memorial Hospital",hospital,16.2905213,80.2611015,,"Guntur",522529
7800263735,"Dr. Ramadevi Hospital",hospital,16.3901474,80.1472027,,"Guntur",522403
7800263737,"Children Hospital",hospital,16.4330311,80.5674783,,"Guntur",522503
7800263738,"Balaji Children Hospital",hospital,16.3960604,80.1508495,,"Guntur",522403
7800444711,"Likitha Super Speciality Hospital",hospital,16.238255,80.054418,,"Guntur",522601
7800444712,"Nikhil Hospital",hospital,16.234004,80.045713,,"Guntur",522601
7800444715,"Prameela Dantha Hospital",hospital,16.477934,79.439589,,"Guntur",522426
7800444716,"People's Hospital",hospital,16.4289081,79.7241603,,"Guntur",522614
7800444718,"Sri Sowjanya Hospitals",hospital,16.4791771,79.8955038,,"Guntur",522413
7800444720,"Sri Karthik Hospitals",hospital,16.236667,80.046782,,"Guntur",522601
7800444721,"Mamatha Hospital",hospital,16.479393,79.894142,,"Guntur",522413
7800444723,"Rekha E.N.T. Hospital",hospital,16.237149,80.047855,,"Guntur",522601
7800444724,"Super Specality Hospital",hospital,16.230156,80.036257,,"Guntur",522601
7800444725,"Gaythri Hospital",hospital,16.1029365,79.8139765,,"Guntur",522646
7800444727,"Dr. Goutami Hospital",hospital,16.2328519,80.0441878,,"Guntur",522601
7800444728,"Palanadu Hospitals",hospital,16.2374843,80.0562126,,"Guntur",522601
7800444730,"Lakshmi Prasuthi And ENT Hospital",hospital,16.479436,79.894064,,"Guntur",522413
7800444731,"Kosuru Kidney & Skin Hospital",hospital,16.2323234,80.045129,,"Guntur",522601
7800444732,"Sai Srinivasa Hospital",hospital,16.482308,79.889724,,"Guntur",522413
7800444733,"Ramu Hospitals",hospital,16.236139,80.0496237,,"Guntur",522601
7800444734,"Narasimha Murthy Hospital",hospital,16.4770796,79.4387506,,"Guntur",522426
7800444735,"Sri Vishnu Dantha Hospital",hospital,16.237007,80.0477454,,"Guntur",522601
7800444737,"Harini Multi Speciality Dental Hospital",hospital,16.424478,79.542226,,"Guntur",522612
7800444739,"John Valli Hospital",hospital,16.2368245,80.0568864,,"Guntur",522601
7800444740,"Jyothsna ENT Hospital",hospital,16.0491506,79.7424851,,"Guntur",522647
7800444741,"Shirdi Sai Mother & Children's Hospital",hospital,16.0545976,79.7402934,,"Guntur",522647
7800444742,"Sri Datta Super Speciality Hospital",hospital,16.2306889,80.045838,,"Guntur",522601
7800444743,"Gaddam Haribabu Hospital",hospital,16.2373862,80.0472308,,"Guntur",522601
7800444744,"Javahar Children Hospital",hospital,16.2363371,80.0570786,,"Guntur",522601
7800444745,"Aarogya Upa Kendram",hospital,16.5951564,79.7332606,,"Guntur",522414
7800444746,"Chandra Hospital",hospital,16.052598,79.741095,,"Guntur",522647
7800444748,"Nagarjuna Hospital",hospital,16.5938557,79.7331154,,"Guntur",522414
7800444749,"Madhukar Reddy Hospital",hospital,16.5515161,79.6381883,,"Guntur",522415
7800444750,"Sri Srinivasa Mother And Child Hospital",hospital,16.2377736,80.0464182,,"Guntur",522601
7800444751,"Dr. Poreddy Vengal Reddy Hospital",hospital,16.478979,79.893263,,"Guntur",522413
7800444753,"Kanakadurga Hospital",hospital,16.430512,79.718722,,"Guntur",522614
7800444755,"Swaasthya Ayurveda Hospital",hospital,16.2353901,80.0460124,,"Guntur",522601
7800444757,"Sri Lalitha Hospital",hospital,16.0511166,79.7437089,,"Guntur",522647
7800444758,"Kidney Care Hospital",hospital,16.235197,80.055345,,"Guntur",522601
7800444759,"Puvvada Hospital",hospital,16.237322,80.0465767,,"Guntur",522601
7800444761,"Dr. Anne's Hospital",hospital,16.2342933,80.0585625,,"Guntur",522601
7800444762,"Chandamama Hospital",hospital,16.47693,79.4365502,,"Guntur",522614
7800444766,"Sri Venkata Lakshmi Mulla Hospital",hospital,16.5931115,79.740038,,"Guntur",522414
7800444767,"Anila Hospital",hospital,16.479457,79.891445,,"Guntur",522413
7800444769,"Vikasa Hospital",hospital,16.4798607,79.8924316,,"Guntur",522413
7800444772,"St. Xavier's Hospital",hospital,16.0598831,79.7554933,,"Guntur",522647
7800444773,"Sri Krishna Hospital",hospital,16.2349305,80.047268,,"Guntur",522601
7800444775,"Government Hospital",hospital,16.225134,80.042288,,"Guntur",522601
7800444777,"Sri Hospital",hospital,16.2323789,80.0505471,,"Guntur",522601
7800444778,"Sri Sai Chakravarthy Ayurveda Hospital",hospital,16.2100148,79.9101409,,"Guntur",522617
7800444781,"Kondavedu Hospital",hospital,16.236054,80.055628,,"Guntur",522601
7800444782,"Vunnam Hospital",hospital,16.4790683,79.8928649,,"Guntur",522413
7800444784,"Dr. Gajjala Brahma Reddy Hospital",hospital,16.236773,80.045411,,"Guntur",522601
7800531449,"Children's Nursing Home",hospital,15.825592,80.358876,,"Prakasam",523155
7800531450,"Praja Vaidyasala",hospital,15.813511,79.97082,,"Prakasam",523201
7800531451,"Navodaya Nursing Home",hospital,15.8064201,79.9754961,,"Prakasam",523201
7800531452,"Sri Malyadri ENT Hospital",hospital,15.826068,80.355751,,"Prakasam",523155
7800531453,"Sunetra Eye Hospital & Micro Surgery Centre",hospital,15.8287603,80.3550152,,"Prakasam",523155
7800531455,"Sydulu Chowdary Hospital",hospital,15.82845,80.356114,,"Prakasam",523155
7800531460,"Hrudaya Multi Speciality Hospital",hospital,15.8107428,79.9725123,,"Prakasam",523201
7800531461,"Ranga Rao Hospital",hospital,15.804482,79.977265,,"Prakasam",523201
7800531462,"Dr.K.Venkateswarlu Hospital",hospital,15.833896,80.3613738,,"Prakasam",523155
7800531464,"Vennela Multi Speciality Children Hospital",hospital,15.8292895,80.3543257,,"Prakasam",523155
7800531465,"Uma Eye Hospital",hospital,15.8267584,80.3576333,,"Prakasam",523155
7800531466,"Koteswararao Hospital",hospital,15.914445,80.1414214,,"Prakasam",523190
7800531467,"Surya Hospital",hospital,15.8207157,80.3500836,,"Prakasam",523155
7800531469,"RMP Famous Hospital",hospital,15.939405,80.17027,,"Prakasam",523169
7800531470,"Srinivasa Hospital",hospital,15.8197571,80.3484199,,"Prakasam",523155
7800531471,"Subbarao Hospital",hospital,15.670834,80.167655,,"Prakasam",523186
7800531475,"Venkata Lakshmi Eye Centre",hospital,15.887488,80.3133633,,"Prakasam",523168
7800531476,"Area Hospital, Chirala",hospital,15.8253327,80.3611191,,"Prakasam",523155
7800531478,"Jayanthi Nursing Home",hospital,15.7234321,80.0186644,,"Prakasam",523212
7800531480,"Viswas Hospitals",hospital,15.813755,80.341183,,"Prakasam",523165
7800531481,"Varalakshmi Memorial Eye Hospital",hospital,15.8127608,79.9721668,,"Prakasam",523201
7800531482,"Harinath Children Hospital",hospital,15.825658,80.3591261,,"Prakasam",523155
7800531483,"Ramu Hospital",hospital,15.986731,80.103838,,"Prakasam",523301
7800531486,"Suraksha Hospitals",hospital,15.8239706,80.3613435,,"Prakasam",523155
7800531487,"Dr. Mallikarjuna Hospital",hospital,16.0140524,79.9094482,,"Prakasam",523303
7800531488,"Sri Sai Suguna Hospital",hospital,15.8270883,80.3564575,,"Prakasam",523155
7800531489,"Government Hospital",hospital,15.5435742,80.1168139,,"Prakasam",523182
7800531490,"Sivani Children Hospital",hospital,15.808986,79.976784,,"Prakasam",523201
7800531492,"Radha Krishna Hospital",hospital,15.9036937,80.1972695,,"Prakasam",523190
7800531496,"Kranthi Nursing Home",hospital,15.8137564,79.9709388,,"Prakasam",523201
7800531497,"Nature Cure Hospital",hospital,15.8265683,80.3733442,,"Prakasam",523155
7800531499,"Amma Eye Hospital",hospital,15.827423,80.357331,,"Prakasam",523155
7800531500,"Dr. Satyanarayana Hospital",hospital,15.80665,79.975476,,"Prakasam",523201
7800531501,"Shifaa Nursing Home",hospital,15.8096419,79.9763276,,"Prakasam",523201
7800531502,"Solomon Hospital",hospital,15.8176346,80.3447895,,"Prakasam",523155
7800531503,"Radha Krishna Ayurvedic Hospital",hospital,15.9049534,80.1951826,,"Prakasam",523190
7800531505,"Nagaratna Hospital",hospital,15.8264774,80.3562389,,"Prakasam",523155
7800531506,"Homeopathy Hospital",hospital,15.938829,80.169086,,"Prakasam",523169
7800531508,"Aditya Nursing Home",hospital,15.8269915,80.3538796,,"Prakasam",523155
7800531509,"Ramesh Diabetic Care Center",hospital,15.8239314,80.3583155,,"Prakasam",523155
7800531514,"Balaji Hospital",hospital,15.9865451,80.1038108,,"Prakasam",523301
7800531515,"Dr. Anjaniulu's Hospital",hospital,15.8840748,80.3183693,,"Prakasam",523168
7800531517,"Government Ayurvedic Hospital",hospital,16.0145,80.058152,,"Prakasam",523301
7800531519,"Sri Bhavya Multi Speciality Hospital",hospital,15.8037558,79.9775207,,"Prakasam",523201
7800531520,"Nagarjuna Eye Hospital",hospital,15.8259559,80.3587118,,"Prakasam",523155
7800531522,"Gorantla Super Speciality Hospital",hospital,15.826139,80.358515,,"Prakasam",523155
7800531524,"Ramu Hospital",hospital,15.9671511,80.2750025,,"Prakasam",523169
7800531525,"Dr. Hanumacharyulu's Hospital",hospital,15.904781,80.195148,,"Prakasam",523190
7800531526,"I.C.M. Ayurvedic Hospital",hospital,15.8264613,80.3547826,,"Prakasam",523155
7800531528,"Government Hospital",hospital,15.878704,79.901589,,"Prakasam",523201
7800531529,"Venkateswara Skin Hospital",hospital,15.8263654,80.3583441,,"Prakasam",523155
7800531531,"Hrudayanath General Hospital",hospital,15.7413201,80.0802676,,"Prakasam",523213
7800531532,"Bavanacharya Hospital",hospital,15.939583,80.169966,,"Prakasam",523169
7800531533,"Ravi Kumar Children Hospital",hospital,15.8267122,80.3572988,,"Prakasam",523155
7800531535,"Sri Tulasi Venkateswara Charitable Hospital",hospital,15.672246,80.167726,,"Prakasam",523186
7800531536,"SKR Icon Super Speciality Hospital",hospital,15.8273484,80.357245,,"Prakasam",523155
7800531537,"Sri Srinivasa Hospital",hospital,15.826498,80.356952,,"Prakasam",523155
7800531538,"Triveni Hospital",hospital,15.824169,80.370488,,"Prakasam",523155
7800531540,"Bapuji Hospital",hospital,15.8266928,80.3519719,,"Prakasam",523155
7800531541,"Hyma Hospital",hospital,15.8145042,80.3431431,,"Prakasam",523155
7800589114,"Emamsa Hospital",hospital,15.6021218,79.6042396,,"Prakasam",523240
7800589115,"Srinivasa Hospitals",hospital,16.003414,79.457359,,"Prakasam",523326
7800589117,"Sri Venkateswara Vaidyasala",hospital,15.096088,79.408406,,"Prakasam",523108
7800589119,"Sai Venkat Hospital",hospital,15.4063229,79.5051206,,"Prakasam",523230
7800589120,"Janata Nursing Home",hospital,15.4054119,79.5056896,,"Prakasam",523230
7800589121,"Dr. Venkata Swami Reddy Hospital",hospital,15.4050477,79.5067628,,"Prakasam",523230
7800589123,"Srinivasreddy Hospital",hospital,15.752225,79.392204,,"Prakasam",523315
7800589124,"Surendra Hospital",hospital,15.9988374,79.4532001,,"Prakasam",523326
7800589125,"Supraja Vidya Shala Child Specialist",hospital,15.7714967,79.6826031,,"Prakasam",523247
7800589126,"Gitanjali Children Hospital",hospital,15.405228,79.50528,,"Prakasam",523230
7800589127,"Eyetel Hospital & Opticals",hospital,15.4023504,79.5074029,,"Prakasam",523230
7800589128,"Sanjeevani Hospital",hospital,15.4078448,79.5055958,,"Prakasam",523230
7800589129,"Raju Hospital",hospital,15.6025248,79.6047304,,"Prakasam",523240
7800589130,"Srinivasa Nursing Home",hospital,15.407296,79.504903,,"Prakasam",523230
7800589132,"Jamal Hospital",hospital,15.7717357,79.6773096,,"Prakasam",523247
7800589133,"Sri Sai Krishna Children's Hospital",hospital,15.7660702,79.6775141,,"Prakasam",523247
7800589135,"Sai Nursing home",hospital,15.7676837,79.6792513,,"Prakasam",523247
7800589136,"Good Shepherd Hospital",hospital,15.593675,79.594356,,"Prakasam",523240
7800589138,"Krishna Murthi Memorial Hospital",hospital,15.203961,79.582359,,"Prakasam",523117
7800589139,"Care Physiotherapy Hospital",hospital,15.7718131,79.6819231,,"Prakasam",523247
7800589140,"SVSRK Hospital",hospital,15.3416211,79.3445731,,"Prakasam",523224
7800589144,"Vijaya Hospital",hospital,15.7707959,79.6818287,,"Prakasam",523247
7800589145,"Shaina Praja Vaidhyashala",hospital,16.0430097,79.3062801,,"Prakasam",523327
7800589146,"Tirumala Nursing Home",hospital,15.771717,79.6816436,,"Prakasam",523247
7800589147,"Praja Vaidyshala Fast Aid Center",hospital,15.901758,79.297542,,"Prakasam",523320
7800589148,"Praja Vaidhyasala, Guntupalli",hospital,15.149342,79.519914,,"Prakasam",523110
7800589149,"Anand Babu Hospital",hospital,15.7669765,79.6769057,,"Prakasam",523247
7800589150,"Venkateswara Nursing Home",hospital,15.6016633,79.6050352,,"Prakasam",523240
7800589151,"Venkata Ramana Eye Hospital",hospital,15.4048174,79.5066661,,"Prakasam",523230
7800589152,"Vijaya Hospital",hospital,15.4050022,79.5060352,,"Prakasam",523230
7800589153,"Sri Sai Krishna Multi Speciality Hospital",hospital,15.4030125,79.5038355,,"Prakasam",523230
7800589154,"Tirupati Reddy Hospital",hospital,15.4052548,79.5062382,,"Prakasam",523230
7800589155,"Sri Raja Rajeswari Hospitals",hospital,15.7718322,79.6800516,,"Prakasam",523247
7800589156,"Lakshmi Srinivasa Hospital",hospital,15.6024581,79.6230386,,"Prakasam",523240
7800589157,"Government Hospital",hospital,15.7499855,79.3923824,,"Prakasam",523315
7800589158,"Suraksha Children Hospital",hospital,16.0375924,79.3044314,,"Prakasam",523327
7800589160,"Sai Siddharth Hospital",hospital,15.4097531,79.498627,,"Prakasam",523230
7800589161,"Arogya Seva Kendram",hospital,15.647646,79.493281,,"Prakasam",523241
7800589162,"Ravindra Nursing Home",hospital,16.0379157,79.3062979,,"Prakasam",523327
7802944764,"Vijayasree Hospital",hospital,15.5154401,80.0440693,,"Prakasam",523001
7802944765,"Chaitanya Hospital",hospital,15.512173,80.0356313,,"Prakasam",523001
7802944766,"Veeraiah Chowdary Hospital",hospital,15.513968,80.042347,,"Prakasam",523001
7802944767,"KIMS Hospital",hospital,15.51166,80.0406,,"Prakasam",523001
7802944769,"Prakasam Super Speciality Hospital",hospital,15.511867,80.040505,,"Prakasam",523001
7802944770,"Kiran Neuro & Ortho Hospital",hospital,15.5124542,80.0394561,,"Prakasam",523001
7802944771,"Sriram Super Speciality Hospital",hospital,15.512183,80.035351,,"Prakasam",523001
7802944772,"Vijaya Skin Hospital",hospital,15.513961,80.043853,,"Prakasam",523001
7802944773,"Aravind Skin Hospital",hospital,15.513578,80.043437,,"Prakasam",523001
7802944774,"Sarojini Hospital",hospital,15.5039047,80.0382208,,"Prakasam",523001
7802944775,"Indu Hospital",hospital,15.5137807,80.0438219,,"Prakasam",523001
7802944776,"Anjani Super Speciality Hospital",hospital,15.5143968,80.0440583,,"Prakasam",523001
7802944778,"Pandu Children's And Multi Speciality Hospital",hospital,15.511597,80.040526,,"Prakasam",523001
7802944779,"Dr. Sudhakar Reddy Hospital",hospital,15.5147127,80.0402763,,"Prakasam",523001
7802944780,"Chimakurthy Eye Hospital",hospital,15.5145301,80.0368602,,"Prakasam",523001
7802944781,"CVR Hospital",hospital,15.514344,80.044019,,"Prakasam",523001
7802944783,"Aswini Children Hospital",hospital,15.5140968,80.0424397,,"Prakasam",523001
7802944784,"Saiveena Mother & Children's Hospital",hospital,15.5151989,80.0444147,,"Prakasam",523001
7802944785,"Sri Karthikeya Cardiac Centre",hospital,15.5116108,80.0360016,,"Prakasam",523001
7802944786,"Ntr Pranteeya Hospital",hospital,15.505581,80.025902,,"Prakasam",523001
7802944787,"Lipo Hospitals",hospital,15.5114652,80.0405012,,"Prakasam",523001
7802944789,"Vinay Skin Hospital",hospital,15.5129961,80.0435291,,"Prakasam",523001
7802944790,"Municipal Ayurveda Hospital",hospital,15.5037646,80.0402531,,"Prakasam",523001
7802944791,"Gandhi Super Speciality Dental Hospital",hospital,15.49762,80.048928,,"Prakasam",523001
7802944792,"Sri Sharada Children's Hospital",hospital,15.5147151,80.0414917,,"Prakasam",523001
7802944793,"Royal Children Hospital",hospital,15.516219,80.039664,,"Prakasam",523001
7802944794,"Suman Physiotherapy & Rehabilitation Center",hospital,15.499594,80.0429239,,"Prakasam",523001
7802944798,"Adarsh Orthopaedic Hospital ongole",hospital,15.5103173,80.0391195,,"Prakasam",523001
7802944800,"Ravi Teja Chest Hospital ongole",hospital,15.511283,80.039628,,"Prakasam",523001
7802944802,"Sri Raghavendra Srinivasa Hospital",hospital,15.4950722,80.0491769,,"Prakasam",523001
7802944804,"Vasudha Kalyan Multi Speciality Hospital",hospital,15.511729,80.0393945,,"Prakasam",523001
7802944805,"Gummadi Chest Hospital ongole",hospital,15.5104327,80.0391376,,"Prakasam",523001
7802944807,"Homeo Hospital",hospital,15.5120808,80.0352193,,"Prakasam",523001
7802944808,"Lakshmi Superspeciality Hospital",hospital,15.5114565,80.0401607,,"Prakasam",523001
7802944810,"Sri Sai Varshith Mother And Children Hospital",hospital,15.4956742,80.0487033,,"Prakasam",523001
7802944811,"Mytri Multi Speciality Hospital",hospital,15.493912,80.050453,,"Prakasam",523001
7802944812,"Sri Datta Sai Hospital",hospital,15.5035304,80.0412962,,"Prakasam",523001
7802944813,"Bharathi Nursing Home ongole",hospital,15.5113108,80.040047,,"Prakasam",523001
7802944814,"Keraleeya Ayurveda Super Speciality Hospital",hospital,15.4976391,80.0505638,,"Prakasam",523001
7802944815,"Dr. B.V.L Narayana Memorial Maternity Hospital",hospital,15.5138596,80.0438655,,"Prakasam",523001
7802944816,"Sairupa Sugar Hospital",hospital,15.511458,80.039767,,"Prakasam",523001
7802944818,"Kamala Nursing Hospital",hospital,15.5124165,80.0462701,,"Prakasam",523001
7802944820,"Pushpa Clinic & Nursing Home",hospital,15.503707,80.040827,,"Prakasam",523001
7802944821,"Ongole Children's Hospital",hospital,15.5112399,80.0369092,,"Prakasam",523001
7802944822,"Amma Children's Hospital",hospital,15.512161,80.0392971,,"Prakasam",523001
7802944823,"Aruna Nursing home",hospital,15.5042463,80.0387417,,"Prakasam",523001
7802944824,"Ongole Children's Hospital",hospital,15.508714,80.04214,,"Prakasam",523001
7802944825,"Railway Hospital",hospital,15.498637,80.056971,,"Prakasam",523001
7802944826,"Gosha Hospital",hospital,15.5036144,80.0401169,,"Prakasam",523001
7802944827,"Zachariah's Hospital",hospital,15.4996468,80.0437844,,"Prakasam",523001
7802944828,"Rushi Ayurvedic Hospital",hospital,15.505687,80.038612,,"Prakasam",523001
7802944830,"Sai Lekhana Nursing Home",hospital,15.5164364,80.0448813,,"Prakasam",523001
7802944832,"Siri Hospitals",hospital,15.5111166,80.0386156,,"Prakasam",523001
7802944833,"Nature Cures Hospital",hospital,15.515715,80.035172,,"Prakasam",523001
7802944835,"Sreshta Children Hospital",hospital,15.5142307,80.0439782,,"Prakasam",523001
7802944836,"Sri Madhavi Hospital",hospital,15.5141778,80.0393325,,"Prakasam",523001
7802944837,"Sri Sai Dheeraj Nursing Home",hospital,15.506871,80.0408291,,"Prakasam",523001
7802944838,"Sri Venkateswara Wellness Hospital",hospital,15.5032221,80.0359054,,"Prakasam",523001
7802944839,"AIMS Hospital",hospital,15.5109713,80.0373234,,"Prakasam",523001
7802944840,"Kaki Hospital",hospital,15.509767,80.0335724,,"Prakasam",523001
7802944841,"Sai Paralysis Hospital",hospital,15.5052671,80.0514367,,"Prakasam",523001
7802944842,"Kakumani Hospital",hospital,15.4931324,80.0494794,,"Prakasam",523001
7802944844,"Mukhyamantri Aarogya Kendram",hospital,15.4893612,80.0538175,,"Prakasam",523001
7802944847,"Athreya Ayurvedic Speciality Hospital",hospital,15.5033656,80.0422061,,"Prakasam",523001
7802944848,"Siri Hospital",hospital,15.483079,80.045082,,"Prakasam",523001
7803042724,"CVR General Hospital",hospital,15.2471273,80.0242561,,"Prakasam",523101
7803042727,"Sri Nagamani Hospital",hospital,15.2571199,80.0234888,,"Prakasam",523101
7803042728,"LV Eye Hospital",hospital,15.583659,79.873711,,"Prakasam",523226
7803042730,"Srinivasa Nursing Home",hospital,15.247104,80.0238883,,"Prakasam",523101
7803042732,"Dr. Sultan Mohiuddin Nursing Home",hospital,15.2168348,79.9059194,,"Prakasam",523105
7803042734,"Suresh Hospital",hospital,15.4127708,79.8557661,,"Prakasam",523270
7803042735,"Beulah Hospitals",hospital,15.560534,79.922258,,"Prakasam",523225
7803042738,"Sri Lakshmi Hanuman First Aid Centre",hospital,15.0055191,79.8148874,,"Prakasam",523115
7803042739,"Nalini Hospital",hospital,15.0069859,79.814944,,"Prakasam",523115
7803042740,"Hari Krishna Hospital",hospital,15.3134816,79.8855335,,"Prakasam",523271
7803042741,"Prashanthi Nursing Home",hospital,15.2117223,79.9029784,,"Prakasam",523105
7803042742,"Muppa Roshaiah Hospital",hospital,15.2164321,79.9025668,,"Prakasam",523105
7803042743,"Sreedevi Skin And Maternity Hospital",hospital,15.2543568,80.0222621,,"Prakasam",523101
7803042744,"Pranavi Children's Hospital",hospital,15.2181409,79.8984106,,"Prakasam",523105
7803042745,"Leela Super Speciality Dental Hospital",hospital,15.218067,79.8985897,,"Prakasam",523105
7803042746,"Chinnari Hospital",hospital,15.2166667,79.9063091,,"Prakasam",523105
7803042747,"Durga Devi Hospital",hospital,15.4142209,79.8536118,,"Prakasam",523270
7803042752,"Tirumala Nursing Home",hospital,15.216651,79.904138,,"Prakasam",523105
7803042753,"Sri Krishna Hospital",hospital,15.5847474,79.8710481,,"Prakasam",523226
7803042757,"Jawahar Hospital",hospital,15.586263,79.863608,,"Prakasam",523226
7803042758,"Dr. Dhanyasi Malakondaiah Hospital",hospital,15.2109739,79.9018069,,"Prakasam",523105
7803042760,"Saahithi Multispeciality Hospital",hospital,15.2148331,79.9026443,,"Prakasam",523105
7803042762,"Suraksha Hospital",hospital,15.2132604,79.9030786,,"Prakasam",523105
7803042763,"Vyshnavi Hospital",hospital,15.2164231,79.9057297,,"Prakasam",523105
7803042764,"Obbaiah Hospital",hospital,15.5847843,79.8711974,,"Prakasam",523226
7803042765,"New Rainbow General And Physiotherapy Hospital",hospital,15.2484975,80.0238723,,"Prakasam",523101
7803042766,"Sushma Chinna Pillala Hospital",hospital,15.2150278,79.9029632,,"Prakasam",523105
7803042767,"Sunil Hospital",hospital,15.214226,79.90329,,"Prakasam",523105
7803042769,"Venkaiah Naidu Child Hospital",hospital,15.214942,79.903359,,"Prakasam",523105
7803042771,"Srinivas Rao Hospital",hospital,15.5817932,79.8674641,,"Prakasam",523226
7803042773,"Sirisha Memorial Hospital",hospital,15.3366195,80.0319096,,"Prakasam",523274
7803042775,"Government Ayurveda Hospital",hospital,15.3402347,80.038461,,"Prakasam",523274
7803042776,"Sai Swetha Hospital",hospital,15.2197189,79.9024359,,"Prakasam",523105
7803042777,"Sekhar Hospital",hospital,15.3410741,79.8231816,,"Prakasam",523271
7803042778,"Patima Hospital",hospital,15.1665232,80.0100401,,"Prakasam",523292
7803042780,"Narasimha Rao Hospital",hospital,15.006983,79.816389,,"Prakasam",523115
7803042783,"Aravind Eye Hospital",hospital,15.2546644,80.0219242,,"Prakasam",523101
7803042785,"Srihari Dental Hospital",hospital,15.2491992,80.0239221,,"Prakasam",523101
7803042786,"Sahithi General Hospital",hospital,15.211181,79.90135,,"Prakasam",523105
7803042787,"Harini Praja Vaidyasala",hospital,15.2186496,79.89833,,"Prakasam",523105
7803042788,"Doctors General & Physiotherapy Hospital",hospital,15.5836562,79.869729,,"Prakasam",523226
7803337017,"Venkata Ramana Multispeciality Hospital",hospital,15.5807831,79.1117153,,"Prakasam",523333
7803337018,"Government Homeopathy Hospital",hospital,15.455157,79.0688924,,"Prakasam",523334
7803337019,"Hasini Hospital",hospital,15.7267371,79.2642591,,"Prakasam",523316
7803337021,"Mothers India Hospital",hospital,15.746141,79.271631,,"Prakasam",523316
7803337022,"Shashank ENT Hospital",hospital,15.7384546,79.2690575,,"Prakasam",523316
7803337024,"Jalukuri Adilakshmi Hospital",hospital,15.7386907,79.2657884,,"Prakasam",523316
7803337025,"Ravi Chandra Children's Hospital",hospital,15.3796778,78.9334238,,"Prakasam",523357
7803337026,"Surya Hospital",hospital,15.3790909,78.9324449,,"Prakasam",523357
7803337027,"Dr. Fakrudhin's Hospital",hospital,15.5858015,79.1147192,,"Prakasam",523333
7803337028,"RR Eye Hospital",hospital,15.5793905,79.1091561,,"Prakasam",523333
7803337029,"Chaithra Nursing Home",hospital,15.737683,79.266445,,"Prakasam",523316
7803337031,"Sudhakar Hospital",hospital,15.7379664,79.2705472,,"Prakasam",523316
7803337032,"Balaji Hospital",hospital,15.7386857,79.269418,,"Prakasam",523316
7803337033,"DGR Hospital",hospital,15.3796487,78.9355937,,"Prakasam",523357
7803337034,"Chandra Multi Speciality Hospital",hospital,15.740903,79.272284,,"Prakasam",523316
7803337036,"Life Line Physiotherapy And Rehabilitation Center",hospital,15.7386697,79.27325,,"Prakasam",523316
7803337037,"Santhiram Eye Hospital",hospital,15.3781428,78.9303821,,"Prakasam",523357
7803337038,"Ranga Reddy Hospital",hospital,15.3790092,78.9318984,,"Prakasam",523357
7803337039,"Kerala Hospital",hospital,15.7362436,79.2691099,,"Prakasam",523316
7803337040,"Government Hospital",hospital,15.2305226,78.9899635,,"Prakasam",523373
7803337042,"Government Hospital",hospital,15.4621347,79.070216,,"Prakasam",523334
7803337043,"Sri Sai Balaji Hospital",hospital,15.5787842,79.108634,,"Prakasam",523333
7803337045,"Lochan Eye & Dental Hospital",hospital,15.7338907,79.2653152,,"Prakasam",523316
7803337046,"Pavan Physiotherapy And Rehabilitation Center",hospital,15.3784191,78.9259848,,"Prakasam",523357
7803337048,"Yashaswini Hospital",hospital,15.5791392,79.1102884,,"Prakasam",523333
7803337049,"Kaleb Memorial Hospital",hospital,15.5453208,79.1059337,,"Prakasam",523333
7803337052,"Sri Seeta Ramasasthri Hospital",hospital,15.741119,79.270698,,"Prakasam",523316
7803337054,"Dr. Suleman Hospital",hospital,15.5865929,79.1150649,,"Prakasam",523333
7803337056,"Puttur Rajula Bone Setting Hospital",hospital,15.7447911,79.2745364,,"Prakasam",523316
7803337057,"Noble Children Hospital",hospital,15.7381891,79.2676669,,"Prakasam",523316
7803337058,"Sri Vemayaswamy Ayurvedic Hospital",hospital,15.5266584,78.9432853,,"Prakasam",523372
7803337060,"Rama Krishna Hospital",hospital,15.7374132,79.2642935,,"Prakasam",523316
7803337061,"Vijetha Hospital",hospital,15.5812286,79.1095645,,"Prakasam",523333
7803337065,"Dr. Brahma Reddy Praja Vaidyashala",hospital,15.379104,78.931479,,"Prakasam",523357
7803337066,"D.G.R. Multi Speciality Hospital",hospital,15.3781008,78.9310011,,"Prakasam",523357
7803337067,"Parvathi Nursing Home",hospital,15.5481645,79.1027307,,"Prakasam",523333
7803337068,"R.R Nursing Home",hospital,15.3789878,78.9315435,,"Prakasam",523357
7803337072,"Sriramachandra Multi Speciality Hospital",hospital,15.5804592,79.1091118,,"Prakasam",523333
7803337073,"Eye Hospital",hospital,15.7389256,79.2693698,,"Prakasam",523316
7803337074,"Sri Vinayaka Skin And Dental Care Hospital",hospital,15.7384411,79.2692094,,"Prakasam",523316
7803337077,"Sri Kandla Obul Reddy Multispeciality Hospital",hospital,15.7381857,79.2702827,,"Prakasam",523316
7803337079,"Savitri Hospital",hospital,15.378931,78.928977,,"Prakasam",523357
7803337080,"Vinod Hospital",hospital,15.7381568,79.2693819,,"Prakasam",523316
7803337081,"Dr. Nagendrudu Eye Hospital",hospital,15.3783168,78.9291415,,"Prakasam",523357
7803337082,"M.Basha Hospital",hospital,15.741345,79.271239,,"Prakasam",523316
7803337083,"G.K.Mohan Reddy Eye Hospital",hospital,15.3784422,78.9292842,,"Prakasam",523357
7803337084,"Prasad Nursing Home",hospital,15.9073165,79.0919632,,"Prakasam",523331
7803337085,"Madhu Hospital",hospital,15.7381413,79.267296,,"Prakasam",523316
7803337088,"Dr. Padmaja Hospital",hospital,15.7381159,79.268407,,"Prakasam",523316
7803337090,"Government Hospital",hospital,13.7901625,76.9912853,,"Anantapur",515311
7803337091,"Khushi Multi Speciality Hospital",hospital,15.73365,79.2660842,,"Prakasam",523316
7803337092,"Amma Mother & Child Hospital",hospital,15.5496237,79.1031068,,"Prakasam",523333
7803337093,"Kishore Children Hospital",hospital,15.3797458,78.9326501,,"Prakasam",523357
7803337094,"Patel Hospital",hospital,15.3834856,79.0083072,,"Prakasam",523356
7803337096,"Nandini Hospital",hospital,15.2672596,79.0023301,,"Prakasam",523373
7803337097,"Sathyam Hospital",hospital,15.7395307,79.271538,,"Prakasam",523316
7803337098,"Kishore Hospital",hospital,15.2647034,79.00158,,"Prakasam",523373
7803454495,"Free Hospital",hospital,14.352098,79.972961,,"Sri Potti Sriramulu Nellore",524320
7803454497,"LV Prasad Eye Hospital",hospital,14.4702777,80.0951553,,"Sri Potti Sriramulu Nellore",524314
7803454499,"American Hospital, Shanti Nagar",hospital,14.901738,79.9900467,,"Sri Potti Sriramulu Nellore",524201
7803454500,"Jonnawada Hospital",hospital,14.486435,79.8885912,,"Sri Potti Sriramulu Nellore",524305
7803454501,"SV Praja Vaidhyasala",hospital,14.6212868,79.6232732,,"Sri Potti Sriramulu Nellore",524322
7803454503,"Dr. Praveen Hospital",hospital,14.911805,79.9905856,,"Sri Potti Sriramulu Nellore",524201
7803454505,"Gayathri Chest Hospital",hospital,14.9123389,79.9914501,,"Sri Potti Sriramulu Nellore",524201
7803454506,"Area Hospital, Atmakur",hospital,14.633246,79.62203,,"Sri Potti Sriramulu Nellore",524322
7803454507,"Shekar Reddy Hospital",hospital,14.5370508,79.8801616,,"Sri Potti Sriramulu Nellore",524305
7803454508,"TPCL Hospital",hospital,14.33285,80.139041,,"Sri Potti Sriramulu Nellore",524344
7803454509,"Hospital, Gandipalem",hospital,14.998308,79.3085805,,"Sri Potti Sriramulu Nellore",524236
7803454510,"Government Hospital",hospital,14.516397,80.028674,,"Sri Potti Sriramulu Nellore",524137
7803454514,"Active Care Physiotherapy Hospital",hospital,14.538105,79.879036,,"Sri Potti Sriramulu Nellore",524305
7803454515,"RMP Hospital",hospital,14.6043791,80.0784296,,"Sri Potti Sriramulu Nellore",524318
7803454516,"Kumaraja Hospital",hospital,14.4512716,80.0634561,,"Sri Potti Sriramulu Nellore",524314
7803454518,"Konda Reddy Hospital",hospital,14.6215596,79.6218381,,"Sri Potti Sriramulu Nellore",524322
7803454519,"Government Ayurveda Hospital",hospital,14.572714,79.972406,,"Sri Potti Sriramulu Nellore",524317
7803454520,"Baburao Hospital",hospital,14.553376,79.990781,,"Sri Potti Sriramulu Nellore",524366
7803454522,"Government Hospital",hospital,14.879956,79.2981537,,"Sri Potti Sriramulu Nellore",524226
7803454524,"Dr. Padma Reddy, Vishnu Hospitals",hospital,14.5109138,80.0137449,,"Sri Potti Sriramulu Nellore",524137
7803454525,"Dr. Joshi Hospital",hospital,14.9129602,79.9890811,,"Sri Potti Sriramulu Nellore",524201
7803454528,"Ayurvedic Hospital",hospital,14.791604,79.7861969,,"Sri Potti Sriramulu Nellore",524225
7803454529,"Sri Ram Children Hospital",hospital,14.9200285,79.9911593,,"Sri Potti Sriramulu Nellore",524201
7803454530,"Praja Vaidyasala, Duttalur",hospital,14.844301,79.407141,,"Sri Potti Sriramulu Nellore",524222
7803454531,"Rakesh Hospital",hospital,14.677356,80.049097,,"Sri Potti Sriramulu Nellore",524315
7803454532,"Narayana Rural Hospital",hospital,14.3894098,80.0836105,,"Sri Potti Sriramulu Nellore",524311
7803454533,"Latha Thalli Pillala Hospital",hospital,14.911913,79.9909665,,"Sri Potti Sriramulu Nellore",524201
7803454535,"Mukhyamantri e-Eye Kendram",hospital,14.8805456,79.2980104,,"Sri Potti Sriramulu Nellore",524226
7803454536,"Mamatha Nursing Home",hospital,14.539125,79.881773,,"Sri Potti Sriramulu Nellore",524305
7803454537,"Area Hospital",hospital,14.8998646,80.0667134,,"Sri Potti Sriramulu Nellore",524203
7803454538,"Government Primary Hospital",hospital,14.9000712,79.5562085,,"Sri Potti Sriramulu Nellore",524228
7803454541,"Padma Priya Hospital",hospital,14.911769,79.991606,,"Sri Potti Sriramulu Nellore",524201
7803454543,"Gangadhara Children Hospital",hospital,14.911876,79.991411,,"Sri Potti Sriramulu Nellore",524201
7803454544,"S.S. Hospital",hospital,14.3432971,80.0636095,,"Sri Potti Sriramulu Nellore",524346
7803454545,"Gummadi Hospital",hospital,14.5023713,79.9851651,,"Sri Potti Sriramulu Nellore",524137
7803454547,"Sanvi Ayurvedic Hospital & Panchakarma Centre",hospital,14.453302,80.066488,,"Sri Potti Sriramulu Nellore",524314
7803454549,"Moulali Hospital",hospital,14.92148,79.993912,,"Sri Potti Sriramulu Nellore",524201
7803454551,"Sunshine Children's Hospital",hospital,14.5339973,79.8801943,,"Sri Potti Sriramulu Nellore",524305
7803454552,"Ratna Praja Vaidyasala",hospital,14.560711,79.960781,,"Sri Potti Sriramulu Nellore",524366
7803454553,"Derma Hospital",hospital,14.917219,79.9978393,,"Sri Potti Sriramulu Nellore",524201
7803454554,"Sravanthi Children's Hospital",hospital,14.913053,79.989852,,"Sri Potti Sriramulu Nellore",524201
7803454556,"Mohan Babu Hospital",hospital,14.535089,79.877268,,"Sri Potti Sriramulu Nellore",524305
7803454557,"KMH Hospital",hospital,14.9236886,79.9948111,,"Sri Potti Sriramulu Nellore",524201
7803454558,"Sri Mundarapottamma Hospitals",hospital,14.897189,80.063807,,"Sri Potti Sriramulu Nellore",524203
7803454559,"KKR Hospital",hospital,14.621831,79.6219455,,"Sri Potti Sriramulu Nellore",524322
7803454560,"Government Hospital",hospital,14.553567,80.105535,,"Sri Potti Sriramulu Nellore",524137
7803454561,"Krishna Children's Hospital",hospital,14.5342673,79.880843,,"Sri Potti Sriramulu Nellore",524305
7803454562,"Venu Nursing Home",hospital,14.879534,79.303833,,"Sri Potti Sriramulu Nellore",524226
7803454564,"Dr Adiseshaiah Children's Hospital",hospital,14.6214218,79.6230659,,"Sri Potti Sriramulu Nellore",524322
7803454567,"Government Hospital",hospital,14.540362,79.88315,,"Sri Potti Sriramulu Nellore",524305
7803454568,"Prasanthi Nursing Home",hospital,14.557086,79.988701,,"Sri Potti Sriramulu Nellore",524366
7803945958,"Spandana Hospital",hospital,14.4519045,79.9861729,,"Sri Potti Sriramulu Nellore",524001
7803945960,"Sarayu Hospital",hospital,14.4533408,79.987197,,"Sri Potti Sriramulu Nellore",524001
7803945961,"Akshita Hospital",hospital,14.4397262,79.9963561,,"Sri Potti Sriramulu Nellore",524002
7803945962,"Anusha Hospital",hospital,14.4515528,79.9857142,,"Sri Potti Sriramulu Nellore",524001
7803945963,"V.S Reddy Hospital",hospital,14.4524054,79.9868086,,"Sri Potti Sriramulu Nellore",524002
7803945964,"Ashritha Children's Hospital",hospital,14.45241,79.986162,,"Sri Potti Sriramulu Nellore",524001
7803945965,"AIMS Super Speciality Hospital",hospital,14.449168,79.984851,,"Sri Potti Sriramulu Nellore",524001
7803945967,"IRCS Cancer Hospital",hospital,14.4271695,79.9594211,,"Sri Potti Sriramulu Nellore",524004
7803945968,"Jhansi Maternity & Fertility Hospital",hospital,14.4497792,79.9857115,,"Sri Potti Sriramulu Nellore",524001
7803945970,"Padmavathi Hospital",hospital,14.4540805,79.9862886,,"Sri Potti Sriramulu Nellore",524001
7803945973,"Simhapuri Hospitals",hospital,14.4481344,79.9952918,,"Sri Potti Sriramulu Nellore",524002
7803945975,"Anki Reddy Children's Hospital",hospital,14.454391,79.987142,,"Sri Potti Sriramulu Nellore",524001
7803945976,"B.E.S.T Hospital",hospital,14.4503812,79.9852975,,"Sri Potti Sriramulu Nellore",524001
7803945977,"Swathy Hospital",hospital,14.45861,79.980979,,"Sri Potti Sriramulu Nellore",524001
7803945978,"Abhaya Chinnapillala Hospital",hospital,14.4496385,79.9846265,,"Sri Potti Sriramulu Nellore",524001
7803945979,"Sri Ram Eye & Chest Hospital",hospital,14.4597931,79.998366,,"Sri Potti Sriramulu Nellore",524002
7803945980,"Dr. Rajasekhar Reddy Memorial Hospital",hospital,14.4537771,79.990406,,"Sri Potti Sriramulu Nellore",524002
7803945982,"Rich Children Hospital",hospital,14.449683,79.985209,,"Sri Potti Sriramulu Nellore",524001
7803945983,"Siddhu Hospital",hospital,14.4494888,79.9864737,,"Sri Potti Sriramulu Nellore",524001
7803945985,"Nellore Nursing Home",hospital,14.4583364,79.9801518,,"Sri Potti Sriramulu Nellore",524001
7803945986,"Madhu Children's Hospital",hospital,14.4489124,79.9852704,,"Sri Potti Sriramulu Nellore",524001
7803945989,"Uma Mahesh Neuro Centre",hospital,14.4516877,79.986093,,"Sri Potti Sriramulu Nellore",524001
7803945991,"Swarna Allergy And Chest Care Center",hospital,14.4518756,79.9853367,,"Sri Potti Sriramulu Nellore",524001
7803945992,"Baptist Christian Hospital",hospital,14.4615095,79.9872444,,"Sri Potti Sriramulu Nellore",524001
7803945993,"Karthik General & Laproscopic Hospital",hospital,14.4505192,79.9860035,,"Sri Potti Sriramulu Nellore",524001
7803945994,"Anjaneyam Keraliya Ayurveda Vaidyasala",hospital,14.4182702,79.9680001,,"Sri Potti Sriramulu Nellore",524004
7803945997,"Vijaya Care Hospital",hospital,14.452146,79.987878,,"Sri Potti Sriramulu Nellore",524002
7803945998,"DSR Neuro Cure",hospital,14.452457,79.986552,,"Sri Potti Sriramulu Nellore",524001
7803945999,"Sri Ayush Ayurvedic Super Speciality Hospital",hospital,14.4326586,79.9679433,,"Sri Potti Sriramulu Nellore",524003
7803946005,"Siddhartha Children Hospital",hospital,14.452426,79.986798,,"Sri Potti Sriramulu Nellore",524001
7803946006,"Dr. Padma Priya Hospital",hospital,14.4517636,79.985793,,"Sri Potti Sriramulu Nellore",524001
7803946007,"Super Speciality Neuro Care Centre",hospital,14.4522192,79.9863817,,"Sri Potti Sriramulu Nellore",524001
7803946009,"Sankara Chikitsalaya",hospital,14.450874,79.986127,,"Sri Potti Sriramulu Nellore",524001
7803946010,"Vijay Kiran Hospital",hospital,14.459526,79.9978294,,"Sri Potti Sriramulu Nellore",524002
7803946011,"Vishwa Hospital",hospital,14.4642594,80.0142986,,"Sri Potti Sriramulu Nellore",524002
7803946012,"Sai Sanjeevani Hospital",hospital,14.45535,79.986501,,"Sri Potti Sriramulu Nellore",524001
7803946013,"Dr Srinivasulu Naidu Hospital",hospital,14.4607099,80.0002148,,"Sri Potti Sriramulu Nellore",524002
7803946014,"Medicover Hospitals",hospital,14.436551,79.999346,,"Sri Potti Sriramulu Nellore",524003
7803946015,"Sai Suresh Children's Surgical Hospital",hospital,14.4497119,79.9850619,,"Sri Potti Sriramulu Nellore",524001
7803946016,"Dr.Y. Sanjeeva Rao ENT Hospital",hospital,14.449813,79.985543,,"Sri Potti Sriramulu Nellore",524001
7803946017,"Sadhana Orthopaedics & Joint Replacement Centre",hospital,14.4489785,79.984239,,"Sri Potti Sriramulu Nellore",524001
7803946018,"Sagar Hospital",hospital,14.452347,79.985986,,"Sri Potti Sriramulu Nellore",524001
7803946019,"St Joseph's General Hospital",hospital,14.4576976,79.9831092,,"Sri Potti Sriramulu Nellore",524001
7803946024,"Sreenivasa Children's Hospital",hospital,14.448716,79.9843,,"Sri Potti Sriramulu Nellore",524001
7803946025,"E.S.I Hospital",hospital,14.461009,80.0018471,,"Sri Potti Sriramulu Nellore",524002
7803946026,"Modern Kidney Care Centre",hospital,14.451393,79.985155,,"Sri Potti Sriramulu Nellore",524001
7803946027,"Nirmala Hospital",hospital,14.426656,79.968904,,"Sri Potti Sriramulu Nellore",524004
7803946028,"Sunrise Hospital",hospital,14.451499,79.986095,,"Sri Potti Sriramulu Nellore",524001
7803946030,"Dr.Agarwals Eye Hospital",hospital,14.4336963,79.9687149,,"Sri Potti Sriramulu Nellore",524003
7803946032,"Anil's Diabetes Centre",hospital,14.450206,79.985009,,"Sri Potti Sriramulu Nellore",524001
7803946034,"Triveni Hospital",hospital,14.455258,79.987804,,"Sri Potti Sriramulu Nellore",524001
7803946036,"Vijetha Eye Hospital",hospital,14.4541088,79.9872102,,"Sri Potti Sriramulu Nellore",524001
7803946037,"Cardiac Care Center",hospital,14.450816,79.985085,,"Sri Potti Sriramulu Nellore",524001
7803946038,"Srinivasa Neuro Speciality Hospital",hospital,14.4492161,79.9845574,,"Sri Potti Sriramulu Nellore",524001
7803946039,"Nirupa Multi Speciality Children's Hospital",hospital,14.4522064,79.9866703,,"Sri Potti Sriramulu Nellore",524001
7803946040,"A.P. Vaidya Vidhana Parishad Trauma Care Centre",hospital,14.4242209,79.9625972,,"Sri Potti Sriramulu Nellore",524004
7803946041,"Sai Krupa Ramadevi Hospital",hospital,14.4512635,79.9858803,,"Sri Potti Sriramulu Nellore",524001
7803946042,"Desai Kidney Care Centre",hospital,14.450788,79.985071,,"Sri Potti Sriramulu Nellore",524001
7803946045,"Rainbow Super Speciality Hospital",hospital,14.4519972,79.9859734,,"Sri Potti Sriramulu Nellore",524001
7803946046,"Sri Ratnam Hospital",hospital,14.4484595,79.9845199,,"Sri Potti Sriramulu Nellore",524001
7803946049,"NNR General & Children Hospital",hospital,14.4161359,79.9661988,,"Sri Potti Sriramulu Nellore",524004
7803946051,"Aakarsh Orthopaedic Hospital",hospital,14.448725,79.985133,,"Sri Potti Sriramulu Nellore",524001
7805630926,"MNR Trust Hospital",hospital,14.412146,79.956386,,"Sri Potti Sriramulu Nellore",524004
7805630928,"RR Dental Hospital",hospital,14.3872487,79.7344309,,"Sri Potti Sriramulu Nellore",524409
7805630930,"Dr Ammruth Eye Care & Opticals",hospital,13.9047217,79.9019328,,"Sri Potti Sriramulu Nellore",524126
7805630931,"Mamatha Nursing Home",hospital,13.908033,79.898764,,"Sri Potti Sriramulu Nellore",524126
7805630933,"Vani Nursing Home",hospital,14.386,79.733489,,"Sri Potti Sriramulu Nellore",524345
7805630934,"Annu's Hospitals",hospital,14.147479,79.854078,,"Sri Potti Sriramulu Nellore",524101
7805630936,"Area Hospital",hospital,14.1466089,79.8485687,,"Sri Potti Sriramulu Nellore",524101
7805630938,"Sudharasan Rao Hospital",hospital,13.907478,79.89698,,"Sri Potti Sriramulu Nellore",524126
7805630945,"Government Hospital",hospital,14.03452,80.0439103,,"Sri Potti Sriramulu Nellore",524411
7805630946,"Yeshwant Hospital",hospital,14.1455247,79.8497701,,"Sri Potti Sriramulu Nellore",524101
7805630947,"Chaitra Hospital",hospital,13.955196,79.581078,,"Sri Potti Sriramulu Nellore",524132
7805630948,"Siddhu Allergy Chest Hospital",hospital,14.147581,79.851286,,"Sri Potti Sriramulu Nellore",524101
7805630949,"Dr. Yugandhar Hospital",hospital,13.9075101,79.8967345,,"Sri Potti Sriramulu Nellore",524126
7805630950,"Sri Chakra Multispeciality Hospital",hospital,13.9581576,79.5967943,,"Sri Potti Sriramulu Nellore",524132
7805630951,"Amma Hospital",hospital,13.904024,79.902449,,"Sri Potti Sriramulu Nellore",524126
7805630952,"Dr Anils Shatayu Ayurvedic Super Speciality Hospital",hospital,13.9043196,79.8984068,,"Sri Potti Sriramulu Nellore",524126
7805630955,"Sri Darshini Hospital",hospital,14.0361725,80.0457322,,"Sri Potti Sriramulu Nellore",524411
7805630960,"Praja Hospital",hospital,14.3821057,79.73115,,"Sri Potti Sriramulu Nellore",524409
7805630961,"RMP Doctor Hospital",hospital,14.1474128,80.0293455,,"Sri Potti Sriramulu Nellore",524412
7805630962,"Krishna Chaitanya Hospital",hospital,14.3828212,79.7317799,,"Sri Potti Sriramulu Nellore",524409
7805630964,"Pratap Hospital",hospital,14.148247,79.850082,,"Sri Potti Sriramulu Nellore",524101
7805630965,"Children's Hospital",hospital,14.036441,80.04482,,"Sri Potti Sriramulu Nellore",524411
7805630966,"Government Ayurvedic Hospital",hospital,14.1306079,79.8666545,,"Sri Potti Sriramulu Nellore",524412
7805630967,"Kalyan Singh Hospital",hospital,13.9108019,79.8959503,,"Sri Potti Sriramulu Nellore",524126
7805630968,"Anvesh Hospital",hospital,14.146161,79.853595,,"Sri Potti Sriramulu Nellore",524101
7805630969,"Bhavana Hospital",hospital,14.401253,79.959883,,"Sri Potti Sriramulu Nellore",524004
7805630970,"Chinnari Chinna Pillala Hospital",hospital,13.909506,79.8988392,,"Sri Potti Sriramulu Nellore",524126
7805630972,"Swaroopa Nursing Home",hospital,14.3866838,79.7326322,,"Sri Potti Sriramulu Nellore",524409
7805630973,"Cipaca Hospital",hospital,14.1429317,79.8492716,,"Sri Potti Sriramulu Nellore",524101
7805630975,"Sri Venkateswara Praja Vaidyashala",hospital,13.9105941,79.8981055,,"Sri Potti Sriramulu Nellore",524126
7805630978,"Vijaya Rama Orthocare Hospital",hospital,14.1457325,79.8526908,,"Sri Potti Sriramulu Nellore",524101
7805630981,"Chaitanya Nursing Home",hospital,13.9087887,79.8991918,,"Sri Potti Sriramulu Nellore",524126
7805630982,"Aditya Hospital",hospital,14.3825176,79.7317882,,"Sri Potti Sriramulu Nellore",524409
7805630983,"Arvind Hospital",hospital,14.1494835,79.8418185,,"Sri Potti Sriramulu Nellore",524101
7805630988,"Maanvitha Hospital",hospital,13.9071435,79.8939043,,"Sri Potti Sriramulu Nellore",524126
7805630990,"V S R Nursing Home",hospital,14.3855005,79.732382,,"Sri Potti Sriramulu Nellore",524409
7805630991,"PVS Hospital",hospital,13.9034906,79.901259,,"Sri Potti Sriramulu Nellore",524126
7805630993,"Sri Sai Hospital",hospital,14.0389486,80.048689,,"Sri Potti Sriramulu Nellore",524411
7805630994,"Dr.R.K Hospital",hospital,14.039291,80.047517,,"Sri Potti Sriramulu Nellore",524411
7805630995,"Laxmi Hospital",hospital,13.9077437,79.8981308,,"Sri Potti Sriramulu Nellore",524126
7805630996,"LV Prasad Eye Institute",hospital,14.0354407,80.0455876,,"Sri Potti Sriramulu Nellore",524411
7805630997,"Laxmiram Hospital",hospital,13.9022349,79.8978798,,"Sri Potti Sriramulu Nellore",524126
7805630998,"Tanuja Hospital",hospital,14.145792,79.853967,,"Sri Potti Sriramulu Nellore",524101
7805631000,"Trinity Multi Speciality Hospital",hospital,13.9022451,79.903843,,"Sri Potti Sriramulu Nellore",524126
7805631001,"Railway Hospital",hospital,14.141457,79.8448922,,"Sri Potti Sriramulu Nellore",524101
7805631003,"Amaravati Multi-Speciality Hospital",hospital,14.144969,79.849527,,"Sri Potti Sriramulu Nellore",524101
7805631007,"Dr.Mohan Krishna Hospital",hospital,13.906732,79.895452,,"Sri Potti Sriramulu Nellore",524126
7805631010,"Sri Sai Mohan Hospital",hospital,13.908553,79.898725,,"Sri Potti Sriramulu Nellore",524126
7805631012,"SS Health Care & Hospital",hospital,13.588167,80.0343871,,"Sri Potti Sriramulu Nellore",524401
7806946503,"Sai Srinivasa Hospital",hospital,13.7548671,79.7063347,,"Chittoor",517644
7806946504,"Dr. Janardhan's Hospital",hospital,13.7522942,79.7020736,,"Chittoor",517644
7806946508,"Vijayalakshmi Hospital",hospital,13.4344361,79.5538639,,"Chittoor",517583
7806946510,"ESI Hospital",hospital,13.636524,79.4973939,,"Chittoor",517520
7806946511,"Sri Venkata Padmavati Hospital",hospital,13.6375502,79.5054087,,"Chittoor",517520
7806946515,"Good Shephard Mission Hospital",hospital,13.437174,79.557679,,"Chittoor",517583
7806946517,"Vikram Super Speciality Hospital",hospital,13.7528565,79.7058616,,"Chittoor",517644
7806946518,"Sri Venkateshwara Hospital",hospital,13.6384952,79.5060211,,"Chittoor",517520
7806946519,"Shanthi Hospital",hospital,13.3217582,79.586526,,"Chittoor",517590
7806946520,"Nagari 24 Hours Hospital",hospital,13.3193812,79.5851011,,"Chittoor",517590
7806946521,"Ramana Reddy Hospital",hospital,13.7546089,79.70545,,"Chittoor",517644
7806946524,"Shri Venkateshwara Children's Hospital",hospital,13.3240786,79.5863327,,"Chittoor",517590
7806946525,"Annapurnamma Hospital",hospital,13.7531172,79.7038174,,"Chittoor",517644
7806946529,"Chiranjeeva Children's Hospital",hospital,13.4387506,79.5512853,,"Chittoor",517583
7806946530,"Subhashini Hospitals",hospital,13.438057,79.550008,,"Chittoor",517583
7806946531,"Brahma Health Care",hospital,13.4382382,79.5498399,,"Chittoor",517583
7806946533,"Uday Shankar Hospital",hospital,13.4406357,79.5506991,,"Chittoor",517583
7806946534,"Balaram Hospital",hospital,13.438239,79.551597,,"Chittoor",517583
7806946535,"Chiranjivi Hospital",hospital,13.4328213,79.5556566,,"Chittoor",517583
7806946539,"Railway Hospital, Renigunta",hospital,13.636801,79.508103,,"Chittoor",517520
7806946540,"Pranu Dental Hospital",hospital,13.4385883,79.5474679,,"Chittoor",517583
7806946541,"Prasanna Children's Hospital",hospital,13.6390305,79.5059097,,"Chittoor",517520
7806946544,"Puttur Kattu",hospital,13.4546013,79.5442053,,"Chittoor",517583
7806946545,"Kiran Hospital",hospital,13.750126,79.7068333,,"Chittoor",517644
7806946549,"Sai Kanthi Eye Hospital",hospital,13.7559461,79.7061286,,"Chittoor",517644
7806946550,"Chandra Hospital",hospital,13.7522807,79.7025374,,"Chittoor",517644
7806946551,"Original Puttur Kattu",hospital,13.4426517,79.5509847,,"Chittoor",517583
7806946552,"Padmavati Hospital",hospital,13.4383838,79.5484562,,"Chittoor",517583
7806946554,"Kanishka Hospital",hospital,13.7522453,79.7085622,,"Chittoor",517644
7806946556,"Dr. Sampath Eye Hospital",hospital,13.7528412,79.7010655,,"Chittoor",517644
7806946559,"Dr. Ravi Babu's Hospital",hospital,13.4379997,79.5502099,,"Chittoor",517583
7806946562,"SR Hospitals",hospital,13.7523855,79.7015961,,"Chittoor",517644
7806946563,"Sri Balaji Medical College Hospital and Research Institute",hospital,13.6387923,79.5327046,,"Chittoor",517520
7806946564,"Aashritha Hospital",hospital,13.4383372,79.5519802,,"Chittoor",517583
7806946565,"Vijay Hospital",hospital,13.321963,79.585488,,"Chittoor",517590
7806946567,"Bone Setting Hospital",hospital,13.4537563,79.5440332,,"Chittoor",517583
7806946569,"Eshwar Prasad Speciality Hospital",hospital,13.7515373,79.7030362,,"Chittoor",517644
7806946570,"SS Hospital",hospital,13.3216925,79.5870168,,"Chittoor",517590
7806946571,"Sowjanya Nursing Home",hospital,13.6368019,79.503365,,"Chittoor",517520
7806946572,"Sri Care Hospital",hospital,13.7517075,79.7069418,,"Chittoor",517644
7806946573,"Srinivasa Hospital",hospital,13.3182238,79.5859204,,"Chittoor",517590
7806946574,"Dr. Vijaya Lakshmi Hospital",hospital,13.7522844,79.7047458,,"Chittoor",517644
7806946575,"Chaitanya Children's Hospital",hospital,13.753378,79.706237,,"Chittoor",517644
7806946577,"Narayana Eye Hospital",hospital,13.3250319,79.5868786,,"Chittoor",517590
7807136937,"Shri Venkateshwara Hospital",hospital,13.618776,79.422481,,"Chittoor",517501
7807136938,"Lepakshi Hospital",hospital,13.64974,79.452435,,"Chittoor",517501
7807136939,"Yugendar Hospital",hospital,13.6293002,79.4189686,,"Chittoor",517501
7807136943,"Aruna Hospital",hospital,13.6315706,79.4248915,,"Chittoor",517501
7807136946,"Sai Narayana Neuro And Maternity Care",hospital,13.6421771,79.4304779,,"Chittoor",517501
7807136950,"Sumana Ano - Rectal Hospital",hospital,13.6337752,79.4238,,"Chittoor",517501
7807136953,"Dr. Vaishnavi Lokesh's Children Hospital",hospital,13.6263718,79.4173529,,"Chittoor",517501
7807136955,"K.L.M. Hospital",hospital,13.6091564,79.4126441,,"Chittoor",517501
7807136957,"Apollo Hospital",hospital,13.623068,79.4299423,,"Chittoor",517501
7807136958,"Vishnusree Multi Speciality Hospital",hospital,13.6425156,79.4317483,,"Chittoor",517507
7807136959,"Obulam Hospital",hospital,13.6271369,79.4249665,,"Chittoor",517501
7807136961,"Helios Hospital",hospital,13.638177,79.423773,,"Chittoor",517501
7807136963,"KIMS Hospital",hospital,13.6268408,79.4360021,,"Chittoor",517501
7807136966,"Srinivasa Hospital",hospital,13.629603,79.4146306,,"Chittoor",517501
7807136967,"Careplus Hospitals",hospital,13.6194226,79.4135208,,"Chittoor",517502
7807136968,"City Care Hospital",hospital,13.6147078,79.4099107,,"Chittoor",517501
7807136970,"Homeo Hospital",hospital,13.6299884,79.4221618,,"Chittoor",517501
7807136972,"Ojas Homeo Health Care",hospital,13.625716,79.410003,,"Chittoor",517501
7807136975,"Jayashankar Children's Hospital",hospital,13.6375322,79.424992,,"Chittoor",517501
7807136977,"Care N Cure Hospital",hospital,13.622838,79.409767,,"Chittoor",517501
7807136978,"Sri Venkateshwara Hospital",hospital,13.6186247,79.4090803,,"Chittoor",517501
7807136980,"Sankalp Super Speciality Hospital",hospital,13.6346448,79.4260179,,"Chittoor",517501
7807136981,"Suneel Hospitals",hospital,13.6154519,79.4079058,,"Chittoor",517501
7807136982,"Fortuna Women And Orthocare Hospital",hospital,13.622526,79.4114617,,"Chittoor",517501
7807136983,"Shubhodaya Hospital",hospital,13.6240041,79.4306265,,"Chittoor",517501
7807136985,"J.K. Hospital",hospital,13.6467451,79.4459915,,"Chittoor",517507
7807136986,"Gayatri Nursing Home",hospital,13.625904,79.4146864,,"Chittoor",517501
7807136987,"Narayanadri Multi Speciality Hospital",hospital,13.62846,79.463813,,"Chittoor",517520
7807136989,"Ramadevi Hospital",hospital,13.6191748,79.4120962,,"Chittoor",517501
7807136992,"Sanjeevani Ayurveda Hospital And Panchakarma Centre",hospital,13.6434672,79.4346138,,"Chittoor",517501
7807136993,"Balaji Hospital",hospital,13.6366949,79.4274731,,"Chittoor",517501
7807136994,"Amma Children Hospital",hospital,13.6378115,79.4249542,,"Chittoor",517501
7807136996,"Vardhan Ayurveda Hospital",hospital,13.6218641,79.4089987,,"Chittoor",517501
7807136997,"Dr. Agarwal's Eye Hospital",hospital,13.6227694,79.4287865,,"Chittoor",517501
7807136998,"Lakshmi Sai Hospital",hospital,13.6184264,79.4094266,,"Chittoor",517501
7807137000,"Vardhan Ayurveda Hospital",hospital,13.6244351,79.4310043,,"Chittoor",517501
7807137002,"Shravani Hospital",hospital,13.6187049,79.4093936,,"Chittoor",517501
7807137003,"Vasu's Physiotherapy Hospital",hospital,13.6219366,79.4187104,,"Chittoor",517501
7807137004,"ESI Hospital",hospital,13.616696,79.41606,,"Chittoor",517501
7807137005,"Manas Hospital",hospital,13.6221173,79.4237897,,"Chittoor",517501
7807137006,"Devi Hospital",hospital,13.6437667,79.4341351,,"Chittoor",517507
7807137008,"Sri Sai Sukheebhava Hospital",hospital,13.6176693,79.4263695,,"Chittoor",517501
7807137009,"Both Hospitals",hospital,13.6338643,79.429212,,"Chittoor",517501
7807137010,"Seven Hills Multi Speciality Hospital",hospital,13.6352038,79.426868,,"Chittoor",517501
7807137011,"Sri Prasad Allergy Hospital",hospital,13.6395568,79.424836,,"Chittoor",517501
7807266431,"Ganta Neuro Hospitals",hospital,13.6355022,79.4214012,,"Chittoor",517501
7807266432,"Sagar Hospital",hospital,13.6377513,79.4175917,,"Chittoor",517501
7807266433,"Sri Balaji Eye Centre",hospital,13.640225,79.415083,,"Chittoor",517507
7807266435,"Sri Sai Ajay Hospital",hospital,13.6382664,79.4175992,,"Chittoor",517501
7807266438,"Triveni Hospital",hospital,13.6137494,79.3631733,,"Chittoor",517505
7807266439,"Keerthi Neuro Hospital",hospital,13.638979,79.414632,,"Chittoor",517501
7807266441,"Lavanya Fertility And Women Health Centre",hospital,13.6473482,79.4174647,,"Chittoor",517501
7807266442,"Vijetha Allergy And Chest Hospital",hospital,13.6358995,79.4203276,,"Chittoor",517501
7807266444,"Sri krishna Super Speciality Hospital",hospital,13.638487,79.4180426,,"Chittoor",517501
7807266446,"Vijaya Durga Ayurvedic Hospital",hospital,13.645949,79.4192693,,"Chittoor",517501
7807266447,"Rajesh Kidney Centre",hospital,13.6362689,79.4204959,,"Chittoor",517501
7807266449,"Tirumala Hospital",hospital,13.635258,79.4212973,,"Chittoor",517501
7807266451,"SMS Neurology Hospital",hospital,13.6355792,79.4197062,,"Chittoor",517501
7807266453,"Russh Hospitals",hospital,13.6358036,79.4208769,,"Chittoor",517501
7807266456,"Indhira Hospital",hospital,13.6451798,79.4207324,,"Chittoor",517501
7807266457,"Premananda Allergy And Chest Hospital",hospital,13.6356555,79.42158,,"Chittoor",517501
7807266458,"Vakula Ayurveda Hospital",hospital,13.632872,79.412178,,"Chittoor",517501
7807266459,"Smt. Sarojamma Memorial Multi Speciality Hospital",hospital,13.6351066,79.4193175,,"Chittoor",517501
7807266460,"Empee Pediatric Hospital",hospital,13.6389185,79.417623,,"Chittoor",517507
7807266461,"Madhuri Hospital",hospital,13.637995,79.4187614,,"Chittoor",517501
7807266464,"R.K. City Hospital",hospital,13.6379887,79.4207805,,"Chittoor",517501
7807266465,"Shri Laxmi Gayatri Eye Hospital",hospital,13.6354883,79.4197118,,"Chittoor",517501
7807266467,"Reddy's Guru Neuro And Psychiatry Hospital",hospital,13.637795,79.4227649,,"Chittoor",517501
7807266468,"Dr. Diwakar Hospital",hospital,13.6353229,79.412603,,"Chittoor",517501
7807266470,"Sree Sunshine Hospital",hospital,13.6452806,79.4192107,,"Chittoor",517501
7807266471,"Sri Venkateshwara ENT Super Speciality Hospital",hospital,13.6365414,79.4206488,,"Chittoor",517501
7807266473,"Mothers Hospital",hospital,13.6446882,79.4188046,,"Chittoor",517501
7807266475,"RMS Hospital",hospital,13.6383508,79.4144455,,"Chittoor",517501
7807266476,"Babu Multi Speciality Hospital",hospital,13.6365011,79.4214365,,"Chittoor",517501
7807266477,"Mukhyamantri Aarogya Kendram",hospital,13.6388759,79.410796,,"Chittoor",517501
7807266478,"Kavya Diabetes Specialities Hospital",hospital,13.6476457,79.4158603,,"Chittoor",517507
7807266479,"Amrutha Ayurvedic Hospital",hospital,13.635124,79.4159106,,"Chittoor",517501
7807266480,"Dr. Salam's Children's Hospital",hospital,13.6362431,79.4148095,,"Chittoor",517501
7807266481,"Mahindra's Life Line Hospital",hospital,13.6367942,79.4214374,,"Chittoor",517501
7807266483,"Kanchi Mutt Hospital",hospital,13.6487275,79.4139609,,"Chittoor",517507
7807266484,"Sri Sannidhi Hospital",hospital,13.6350975,79.4157779,,"Chittoor",517501
7807266485,"Konda Reddy Hospital",hospital,13.6475504,79.423551,,"Chittoor",517501
7807266487,"S.V. Children's Hospital",hospital,13.6384577,79.4178985,,"Chittoor",517501
7807266488,"Sukanya Hospital",hospital,13.6358628,79.4108279,,"Chittoor",517501
7807266489,"Vidyu Hemanth Hospital",hospital,13.6358597,79.4209068,,"Chittoor",517501
7807266490,"Surendra Multi Speciality Hospitals",hospital,13.6152976,79.3677662,,"Chittoor",517502
7807266491,"Samatha Hospital",hospital,13.6403334,79.4119054,,"Chittoor",517507
7807266492,"Manoshastra Hospital",hospital,13.647756,79.4197142,,"Chittoor",517501
7807266493,"G.K. Reddy Neuro Psychiatry Hospital",hospital,13.6374641,79.4211662,,"Chittoor",517501
7807266494,"Revanth Neurocare And Neurology Hospital",hospital,13.6352284,79.4203218,,"Chittoor",517501
7807266497,"Triveni Children's Hospital",hospital,13.634907,79.418225,,"Chittoor",517501
7807266498,"Susruta Hospital",hospital,13.6352356,79.4159096,,"Chittoor",517501
7807266501,"Shri Dinesh Kalpana Hospitals",hospital,13.6379968,79.4209265,,"Chittoor",517501
7807266502,"Padmavati Children's Hospital",hospital,13.6398262,79.4188948,,"Chittoor",517501
7807266503,"Ankura Fertility Centre",hospital,13.639919,79.4164749,,"Chittoor",517507
7807266505,"Tirupati Diabetes Centre",hospital,13.6389539,79.4184205,,"Chittoor",517501
7807266506,"Madhavaram Hospital",hospital,13.6373289,79.4214498,,"Chittoor",517501
7807266507,"Sri Balaji ENT Hospital",hospital,13.6384729,79.4170335,,"Chittoor",517501
7807266508,"Saptagiri Diabetes, Thyroid And General Care Hospital",hospital,13.638047,79.421521,,"Chittoor",517501
7807266510,"Nagamma Hospital",hospital,13.6383155,79.4223722,,"Chittoor",517501
7807266511,"Sri Charith Hospital",hospital,13.6358191,79.4210139,,"Chittoor",517501
7807266512,"Shri Gangotri Hospitals",hospital,13.6353471,79.4212187,,"Chittoor",517501
7807266514,"Sankalpa Heart Institute",hospital,13.6346953,79.420532,,"Chittoor",517501
7807266516,"Sai Sri Advanced Physiotherapy And Rehabilitation Centre",hospital,13.635892,79.418995,,"Chittoor",517501
7807266517,"Sunita Maternity Hospital",hospital,13.6351285,79.418711,,"Chittoor",517501
7807266519,"Vijaya Hospital",hospital,13.6360928,79.4207599,,"Chittoor",517501
7807280429,"Suraksha Childrens Hospital, Chittoor",hospital,13.2163182,79.1075207,"Chittoor",,517001
7807338463,"Sridevi Hospital",hospital,13.6541586,78.9429933,,"Chittoor",517214
7807338465,"Dr. Janardhan Naidu Hospital",hospital,13.2150944,79.0991254,,"Chittoor",517001
7807338466,"Gupta Hospitals",hospital,13.6563378,78.9431307,,"Chittoor",517214
7807338467,"JNN Hospital",hospital,13.6566464,78.946348,,"Chittoor",517214
7807338468,"Vishnu Children's Hospital",hospital,13.2173477,79.1078547,,"Chittoor",517001
7807338474,"Jhansi Hospital",hospital,13.6536811,78.9503501,,"Chittoor",517214
7807338479,"Railway Hospital, Pakala Junction",hospital,13.45268,79.1193927,,"Chittoor",517112
7807338480,"Chinnari Hospital",hospital,13.6570057,78.9416181,,"Chittoor",517214
7807338482,"Mamata Hospital",hospital,13.216811,79.099105,,"Chittoor",517001
7807338486,"Sashi Hospital",hospital,13.6539011,78.9507849,,"Chittoor",517214
7807338488,"Kiran Multi Speciality Hospital",hospital,13.2205567,79.0994662,,"Chittoor",517001
7807338489,"S. Mohan Reddy Child Care Hospital",hospital,13.2169295,79.1078126,,"Chittoor",517001
7807338492,"Dr. Mohan's Diabetes Specialities Centre",hospital,13.2080065,79.0990804,,"Chittoor",517001
7807338498,"Sri Venkateshwara Diabetic Hospital",hospital,13.6560976,78.9465002,,"Chittoor",517214
7807338501,"Swetha Childrens and Multi Speciality Hospital",hospital,13.449537,79.114364,,"Chittoor",517112
7807338503,"Apollo Hospitals",hospital,13.2514997,79.1151749,,"Chittoor",517127
7807338504,"Sri Sai Balaji Hospital",hospital,13.656983,78.942022,,"Chittoor",517214
7807338505,"Chittoor Eye Hospital",hospital,13.218036,79.117837,,"Chittoor",517001
7807338506,"Police Medicare Centre",hospital,13.2116293,79.100778,,"Chittoor",517001
7807338510,"Aashraya Multi Speciality Hospital",hospital,13.226816,79.108667,,"Chittoor",517001
7807338513,"Government Hospital",hospital,13.654491,78.941833,,"Chittoor",517214
7807338516,"Nalam Ayurvedam",hospital,13.2217503,79.0977016,,"Chittoor",517001
7807338519,"Life Care Hospital",hospital,13.6547859,78.9411544,,"Chittoor",517214
7807338522,"Global Multi Speciality Hospital",hospital,13.217177,79.0942692,,"Chittoor",517001
7807338525,"Jhanvi Multi Speciality Ayurvedic Hospital",hospital,13.2171261,79.0954603,,"Chittoor",517001
7807338528,"Life Line Hospitals",hospital,13.221449,79.1006792,,"Chittoor",517001
7807338529,"Venkata Sai Hospital",hospital,13.2219984,79.0991984,,"Chittoor",517001
7807338531,"Shri Venkateshwara Hospital",hospital,13.1992257,79.0936341,,"Chittoor",517002
7807338532,"Narayana Reddy Hospital",hospital,13.2161565,79.0974352,,"Chittoor",517001
7807338535,"Aarogya Hospital",hospital,13.217388,79.105332,,"Chittoor",517001
7807338536,"Sai Balaji Hospital",hospital,13.2171664,79.0937338,,"Chittoor",517001
7807338537,"Swetha Hospital",hospital,13.6538649,78.943389,,"Chittoor",517214
7807338538,"Rishi Ortho and Trauma Hospital",hospital,13.6507308,78.9476398,,"Chittoor",517214
7808878901,"Jeevan Hospitals",hospital,13.2065685,78.7415468,,"Chittoor",517408
7808878902,"Thippa Reddy Hospital",hospital,13.5590971,78.5088061,,"Chittoor",517325
7808878903,"Ravi Childrens Hospital",hospital,12.7495407,78.3432714,,"Chittoor",517425
7808878904,"Sree Narayana Dhanwantari Vaidyashala",hospital,13.201798,78.745472,,"Chittoor",517408
7808878905,"Moksha Surgical and Diabetic Care Hospital",hospital,13.0018791,78.4858114,,"Chittoor",517424
7808878907,"Dr. Murali Hospital",hospital,13.368038,78.5718393,,"Chittoor",517247
7808878908,"Sri Srinivasa Hospital",hospital,13.5575366,78.500359,,"Chittoor",517325
7808878909,"T.G. Jayabharathamma Hospital",hospital,13.2027794,78.7457053,,"Chittoor",517408
7808878911,"N.M Reddy Hospital",hospital,13.558989,78.510736,,"Chittoor",517325
7808878912,"Babu Eye Hospital",hospital,13.5588757,78.5097311,,"Chittoor",517325
7808878913,"Suraksha Hospital",hospital,13.5600575,78.4972951,,"Chittoor",517325
7808878915,"Childrens Naati Hospital",hospital,13.202662,78.7478575,,"Chittoor",517408
7808878916,"Government Hospital",hospital,12.8677582,78.4014231,,"Chittoor",517423
7808878917,"Sri Vasavi Hospital",hospital,13.5578523,78.5004515,,"Chittoor",517325
7808878919,"C.H.R Hospital",hospital,12.8689791,78.4024085,,"Chittoor",517423
7808878920,"MLL Hospital",hospital,13.549076,78.510301,,"Chittoor",517330
7808878921,"Sri Kalyan General Hospital",hospital,13.56382,78.499109,,"Chittoor",517325
7808878922,"Emaus Eye Hospital",hospital,12.7485951,78.3377806,,"Chittoor",517425
7808878923,"Sunshine Hospital",hospital,13.5566582,78.4964469,,"Chittoor",517325
7808878924,"Mother and Child Hospital",hospital,13.559772,78.4961644,,"Chittoor",517325
7808878925,"Bharath Hospital",hospital,13.0304783,78.5111348,,"Chittoor",517415
7808878927,"Teja Hospital",hospital,13.3702195,78.5680931,,"Chittoor",517247
7808878928,"Government Hospital",hospital,13.5546467,78.5014099,,"Chittoor",517325
7808878929,"Gauthami Skin Hospital",hospital,13.5546794,78.50889,,"Chittoor",517325
7808878931,"Srinivasa ENT Care Centre",hospital,13.5578937,78.5099795,,"Chittoor",517325
7808878935,"Raviraj Hospital",hospital,12.7489436,78.3306079,,"Chittoor",517425
7808878937,"Bhagya Hospital",hospital,13.3543919,78.5816721,,"Chittoor",517247
7808878938,"Eshwaramma Hospital",hospital,13.3612057,78.5734805,,"Chittoor",517247
7808878939,"Viashnavi Hospital",hospital,13.5641994,78.5115705,,"Chittoor",517325
7808878940,"Sri Venkateshwara Hospital",hospital,12.7531582,78.3446506,,"Chittoor",517425
7808878942,"Ratna Hospital",hospital,12.750626,78.3455532,,"Chittoor",517425
7808878943,"K.V.R Physiocare Hospital",hospital,13.5651517,78.5089238,,"Chittoor",517325
7808878944,"Ananda Babu Hospital",hospital,13.5574625,78.5094428,,"Chittoor",517325
7808878945,"Kashinath Hospital",hospital,13.36422,78.5711066,,"Chittoor",517247
7808878946,"Siva Prasad Hospital",hospital,13.368326,78.5704553,,"Chittoor",517247
7808878947,"Usha Eye Hospital",hospital,13.5588192,78.5094066,,"Chittoor",517325
7808878949,"Family Hospital",hospital,13.3689077,78.5709353,,"Chittoor",517247
7808878950,"Amrutha Hospital",hospital,13.5533345,78.5055238,,"Chittoor",517325
7808878951,"A.K. Childrens Hospital",hospital,13.0025321,78.4844383,,"Chittoor",517424
7808878952,"Balaji Hospital",hospital,13.5471788,78.5026218,,"Chittoor",517330
7808878953,"Emmaus Swiss Referral Hospital",hospital,13.1921403,78.7015407,,"Chittoor",517408
7808878954,"Prasad ENT Hospital",hospital,13.5561691,78.5102123,,"Chittoor",517325
7808878955,"Suguna Hospital",hospital,13.3640457,78.5693599,,"Chittoor",517247
7808878956,"Sri Sai Hospital",hospital,13.5574563,78.4999922,,"Chittoor",517325
7808878962,"Government Hospital",hospital,13.2178534,78.731953,,"Chittoor",517408
7808878963,"BRD Memorial Hospital",hospital,12.7502929,78.3416682,,"Chittoor",517425
7808878964,"We Care Multi Speciality Hospital",hospital,13.2033182,78.7471226,,"Chittoor",517408
7808878965,"Dr. Sidda Reddy Eye Hospital",hospital,13.5576645,78.5092543,,"Chittoor",517325
7808878966,"Spandana Hospital",hospital,13.3684358,78.5708927,,"Chittoor",517247
7808878969,"G.S.R Hospital",hospital,13.5642089,78.4990431,,"Chittoor",517325
7808878970,"Sri Maruthi Health Home",hospital,13.557069,78.4960046,,"Chittoor",517325
7808878972,"Dr. V. Paul Ravi Kumar ENT Hospital",hospital,13.5573879,78.4994859,,"Chittoor",517325
7808878973,"Sri Venkateshwara Orthopaedic Hospital",hospital,13.5582925,78.5095343,,"Chittoor",517325
7808878974,"Mohan Children's Hospital",hospital,13.5576238,78.5002883,,"Chittoor",517325
7808878975,"ESIC Hospital, Madanapalle",hospital,13.5575942,78.4997369,,"Chittoor",517325
7808878976,"Puttur Bone Setting Hospital",hospital,13.2014746,78.7489061,,"Chittoor",517408
7808878978,"Manasa Hospital",hospital,13.5589649,78.5107362,,"Chittoor",517325
7808878980,"Suthrama Eye Hospital",hospital,13.3671875,78.5711587,,"Chittoor",517247
7808878981,"MSR Orthopaedic Hospital",hospital,13.553685,78.507077,,"Chittoor",517325
7808878982,"Sri Lakshmi Surgical and Maternity Nursing Home",hospital,13.364647,78.571505,,"Chittoor",517247
7808878985,"Citi Hospital",hospital,13.5565918,78.500085,,"Chittoor",517325
7809051896,"Raju Health Care Centre",hospital,14.2246175,79.1336691,,"YSR",516126
7809051899,"Lakshmidevamma Hospital",hospital,14.7357481,79.0607126,,"YSR",516227
7809051901,"Sri Divya Hospital",hospital,14.7408274,79.0672527,,"YSR",516227
7809051902,"Dr. Jaganmohan Ortho Hospital",hospital,14.1939372,79.1597501,,"YSR",516115
7809051903,"Sri Pooja Hospital",hospital,15.0051059,78.9895276,,"YSR",516193
7809051904,"Aaradhya Children's Hospital",hospital,13.9611714,79.3511727,,"YSR",516101
7809051905,"Padmavati Hospital",hospital,14.7343554,79.0605072,,"YSR",516227
7809051907,"Sri Krishna Hospital",hospital,15.0056095,78.9895759,,"YSR",516193
7809051908,"Suresh Babu Hospital",hospital,14.1746615,79.3260633,,"YSR",516104
7809051909,"SVBR Charitable Eye Hospital",hospital,14.7377249,79.0522248,,"YSR",516227
7809051910,"Thomas Hospital",hospital,13.9536239,79.3517704,,"YSR",516101
7809051911,"Sri Balaji Hospitals",hospital,14.1956143,79.1616037,,"YSR",516115
7809051913,"Kishore Multi Speciality Hospital",hospital,15.0001375,78.9894368,,"YSR",516193
7809051914,"Sri Balaji Physiotherapy Hospital",hospital,14.1959973,79.1601804,,"YSR",516115
7809051916,"Leelavati Hospital and Diabetic Care",hospital,13.9622051,79.3490189,,"YSR",516101
7809051918,"Careplus Eye Hospital",hospital,14.195675,79.161653,,"YSR",516115
7809051920,"Sri Manikanta Hospital",hospital,14.7383046,79.0522533,,"YSR",516227
7809051921,"KK Hospital",hospital,13.9551685,79.3513723,,"YSR",516101
7809051922,"Jayagowri Hospital",hospital,14.196771,79.156862,,"YSR",516115
7809051923,"Vardhan Eye Hospital",hospital,14.7394404,79.0622382,,"YSR",516227
7809051925,"Nikhila Children Hospital",hospital,14.1978428,79.1588971,,"YSR",516115
7809051926,"Harshitha Hospital",hospital,14.739068,79.061572,,"YSR",516227
7809051927,"Pavani Hospitals",hospital,14.1922255,79.1585841,,"YSR",516115
7809051929,"Nagendra Hospital",hospital,15.0017104,78.9904228,,"YSR",516193
7809051930,"Careplus Eye Hospital",hospital,13.9548277,79.3519397,,"YSR",516101
7809051932,"Kruthika Hospitals",hospital,14.1945111,79.161116,,"YSR",516115
7809051933,"VGK Hospital",hospital,14.740853,79.063422,,"YSR",516227
7809051934,"Y. Madhavaraju Hospital",hospital,14.172312,79.330213,,"YSR",516104
7809051936,"Srinvasa Hospital, Badvel",hospital,14.739918,79.065159,,"YSR",516227
7809051937,"Ram Mohan Reddy Hospital",hospital,15.0054291,78.9886869,,"YSR",516193
7809051939,"Dr. Basha Hospital",hospital,14.998598,78.9904964,,"YSR",516193
7809051941,"Sri Ramachandra Hospital",hospital,14.739548,79.062419,,"YSR",516227
7809051942,"Kiran Children Hospital",hospital,14.7327525,79.065951,,"YSR",516227
7809051944,"Yashoda Hospital",hospital,14.735247,79.060162,,"YSR",516227
7809051946,"Dr. K. Venkateshwara Prasad Hospitals",hospital,13.9609419,79.3513473,,"YSR",516101
7809051950,"Children's Hospital",hospital,13.960719,79.3509521,,"YSR",516101
7809051951,"Sri Rama Hospital",hospital,15.0102421,78.9890698,,"YSR",516193
7809051952,"Kasigari Hospital",hospital,14.195943,79.162443,,"YSR",516115
7809051953,"Dr. GV Subba Reddy Hospital",hospital,14.1976907,79.1592482,,"YSR",516115
7809051954,"Chalamaiah Hospital",hospital,14.1226447,79.2093196,,"YSR",516107
7809051955,"OLF Hospital",hospital,15.0129598,78.987556,,"YSR",516193
7809051957,"Ramachandra Hospital",hospital,14.1949639,79.1612037,,"YSR",516115
7809051959,"Padma Vijaya Hospitals",hospital,13.9571164,79.3517028,,"YSR",516101
7809051960,"Dr. S.V.V Prasad Hospital",hospital,15.0022095,78.99075,,"YSR",516193
7809051961,"Vijaya Simha Reddy Hospital",hospital,14.739465,79.059625,,"YSR",516227
7809051964,"Amma Hospital",hospital,13.958869,79.351228,,"YSR",516101
7809051965,"Dr. Srihari Hospital",hospital,14.1981171,79.1592723,,"YSR",516115
7809051966,"Dr. Anwar Basha Hospital",hospital,15.0097249,78.9888422,,"YSR",516193
7809051967,"Chandra Hospital",hospital,14.171503,79.331833,,"YSR",516104
7809051970,"Shri Venkateshwara Hospital",hospital,15.0004909,78.9908171,,"YSR",516193
7809051971,"Sree Chaitanya Hospital",hospital,13.9616087,79.35231,,"YSR",516101
7809051973,"Vishnu Integrated Hospital",hospital,14.1939898,79.1604207,,"YSR",516115
7809051974,"Abhi Clinic",hospital,15.1044692,78.943606,,"YSR",516217
7809051976,"Janaki Rama Chest Hospital",hospital,14.2017257,79.1552506,,"YSR",516115
7809051977,"Sri Satyam Hospital",hospital,14.1948855,79.1616885,,"YSR",516115
7809051979,"Vasu Deva Children Hospital",hospital,14.734325,79.0594422,,"YSR",516227
7809051980,"Nirvana Hospital",hospital,14.7388641,79.0615136,,"YSR",516227
7809051983,"Dr. Chandrasekhar Hospital",hospital,14.1940394,79.1597618,,"YSR",516115
7809348737,"Swetha Hospital",hospital,14.4777312,78.8333883,,"YSR",516002
7809348738,"Dr. Jayananda Rishi Nath Kerala Hospital",hospital,14.4728065,78.8225274,,"YSR",516001
7809348739,"Remedy Multi Speciality Hospital",hospital,14.478392,78.821261,,"YSR",516001
7809348742,"Mallika Hospital",hospital,14.4690793,78.8237609,,"YSR",516001
7809348743,"Santhigiri Ayurveda and Siddha Hospital",hospital,14.461608,78.823261,,"YSR",516003
7809348745,"Abhaya Ayurvedic Hospital",hospital,14.4597946,78.8250381,,"YSR",516001
7809348747,"Dr. KV Sesha Pani Homeo Hospital",hospital,14.4790931,78.8336375,,"YSR",516002
7809348748,"Sree Mohan Hospitals",hospital,14.4654788,78.8326608,,"YSR",516001
7809348749,"Minhaj Hospital",hospital,14.468806,78.8357242,,"YSR",516001
7809348750,"Komma Super Speciality Hospital",hospital,14.4622645,78.8242931,,"YSR",516003
7809348751,"Kammineni Neuro Care",hospital,14.461824,78.822969,,"YSR",516003
7809348753,"Surya Hospital",hospital,14.4663584,78.830692,,"YSR",516001
7809348754,"Sree Hospital",hospital,14.4630733,78.823264,,"YSR",516003
7809348755,"Medcare Hospital",hospital,14.4742418,78.8220403,,"YSR",516001
7809348757,"Shahid Children's Hospital",hospital,14.4755187,78.8234028,,"YSR",516001
7809348759,"Ayur Jyoti Hospital",hospital,14.4725044,78.8374407,,"YSR",516002
7809348760,"Sri Durga Hospital",hospital,14.474484,78.823583,,"YSR",516001
7809348761,"Sri Sai Homeo Care",hospital,14.46204,78.825123,,"YSR",516004
7809348763,"Vidya Sagar Hospital",hospital,14.4630196,78.8235738,,"YSR",516003
7809348764,"Uday Hospital",hospital,14.4716787,78.8238666,,"YSR",516001
7809348767,"Sri Sai Nursing Home",hospital,14.4777122,78.8303146,,"YSR",516001
7809348769,"Sree Sudha Hospital",hospital,14.4723931,78.8225606,,"YSR",516001
7809348771,"Vijaya ENT and Childcare Hospital",hospital,14.4669863,78.8359054,,"YSR",516001
7809348772,"Uma Maheshwari Hospital",hospital,14.4756079,78.824073,,"YSR",516001
7809348773,"Bali Reddy Hospital",hospital,14.4759816,78.8281144,,"YSR",516001
7809348776,"Vasantha Sai Childrens Hospital",hospital,14.4773488,78.8261086,,"YSR",516001
7809348779,"Sri Venkateshwara Children Hospital",hospital,14.4742939,78.8245052,,"YSR",516001
7809348780,"Kuldeep ENT Hospital",hospital,14.4751449,78.8290315,,"YSR",516001
7809348781,"Vee Care Multi Speciality Hospital",hospital,14.467822,78.824306,,"YSR",516001
7809348782,"Sri Ram Hospital",hospital,14.4729738,78.8224883,,"YSR",516001
7809348783,"Vamshi Children Hospital",hospital,14.4768928,78.8349529,,"YSR",516002
7809348784,"Rama Mind and Maternity Hospital",hospital,14.4575702,78.8254181,,"YSR",516004
7809348788,"Kadapa Hospitals",hospital,14.475103,78.8238671,,"YSR",516001
7809348789,"Veerabhadra Hospital",hospital,14.4772041,78.833421,,"YSR",516002
7809348790,"Dar Al Shifa Multi Speciality Hospital",hospital,14.4659114,78.8304381,,"YSR",516001
7809348791,"Ainithi Neuro Care",hospital,14.4604804,78.8236383,,"YSR",516003
7809348792,"Noble Hospital",hospital,14.4706099,78.8275132,,"YSR",516001
7809348793,"Sri Gurudatta Hospital",hospital,14.4758828,78.8235718,,"YSR",516001
7809348794,"Shyamala Hospital",hospital,14.466378,78.8360375,,"YSR",516001
7809348795,"Seelam Surgical Hospital",hospital,14.4747403,78.8240401,,"YSR",516001
7809348796,"Sri Rekha Hospital",hospital,14.4826556,78.8302694,,"YSR",516001
7809348798,"Manasa Hospital",hospital,14.4765693,78.8286089,,"YSR",516001
7809348800,"Baba Hospital",hospital,14.488636,78.81664,,"YSR",516001
7809348801,"Sri Balaji Hospital",hospital,14.4597783,78.8226417,,"YSR",516003
7809348804,"S.P. Diabetic Centre",hospital,14.4630529,78.8233876,,"YSR",516003
7809348806,"Sai Geeta Neuro and Maternity Hospital",hospital,14.4777189,78.833111,,"YSR",516002
7809348807,"Sunrise Hospital",hospital,14.4706352,78.8225719,,"YSR",516001
7809348808,"Chennai Childrens Hospital",hospital,14.4732214,78.8229999,,"YSR",516001
7809348810,"M.M. Hospital",hospital,14.47711,78.8251928,,"YSR",516001
7809348811,"Dr. Subramanyam Hospital",hospital,14.4831074,78.8235712,,"YSR",516001
7809348813,"Heera Hospital",hospital,14.486685,78.8164403,,"YSR",516001
7809348814,"Srinivasa ENT, Head, Neck Super Speciality Hospital",hospital,14.4618683,78.8239518,,"YSR",516004
7809348815,"Government Hospital",hospital,14.4855844,78.8215801,,"YSR",516001
7809348817,"Bhatiya Diabetes, Endo Care Hospital",hospital,14.4772609,78.8255634,,"YSR",516001
7809348819,"Himabindhu Maternity Hospital",hospital,14.472822,78.822568,,"YSR",516001
7809348820,"Mrudula Hospital",hospital,14.4622721,78.8241465,,"YSR",516004
7809348821,"Jagannadham Hospital",hospital,14.4737707,78.8285237,,"YSR",516001
7809348822,"Smart Care Hospital",hospital,14.4880924,78.8137558,,"YSR",516001
7809348823,"Subha Krishna Children Hospital",hospital,14.4770904,78.8340944,,"YSR",516002
7809348824,"Karthikeya Children Hospital",hospital,14.470482,78.823156,,"YSR",516001
7809348825,"Suresh Allergy and Chest Hospital",hospital,14.4763558,78.8233528,,"YSR",516001
7809348826,"Suraksha Super Speciality Hospital",hospital,14.4662737,78.8318718,,"YSR",516001
7809348827,"Sri Care Hospital",hospital,14.4706142,78.8232099,,"YSR",516001
7809348828,"Ameen Multi Speciality Hospital",hospital,14.477282,78.825895,,"YSR",516001
7809348829,"Little Hearts Children Hospital",hospital,14.4774653,78.8325945,,"YSR",516002
7809348830,"Grace Nirmala Hospital",hospital,14.4678554,78.8273842,,"YSR",516001
7809348831,"Sri Srinivasa Hospital",hospital,14.4726381,78.8232036,,"YSR",516001
7809348832,"Fathima Hospital",hospital,14.475418,78.817785,,"YSR",516001
7809348834,"Satna Hospital",hospital,14.4757628,78.8245667,,"YSR",516001
7809348835,"Moksha Children's Hospital",hospital,14.4761273,78.8372144,,"YSR",516002
7809348836,"Ashoka Brain and Mind Hospital",hospital,14.4664562,78.8225988,,"YSR",516001
7809348838,"Sree Lakshmi Hospital",hospital,14.4719974,78.8229618,,"YSR",516001
7809348839,"Abhaya Hospital",hospital,14.482423,78.832182,,"YSR",516001
7809348840,"Gajjala Maternity Hospital",hospital,14.476894,78.8344902,,"YSR",516002
7809531351,"MM Ali Hospital",hospital,14.0592412,78.7624408,,"YSR",516269
7809531353,"Children Hospital",hospital,14.0612414,78.7485428,,"YSR",516269
7809531356,"Lions Club Eye Hospital",hospital,14.060791,78.773942,,"YSR",516269
7809531358,"Maruthi Hospital",hospital,14.419217,78.225408,,"YSR",516390
7809531360,"ms Apollo Hospital",hospital,14.0592192,78.7491604,,"YSR",516269
7809531361,"Vijaya Lakshmi Hospital",hospital,14.6885653,78.3945758,,"YSR",516380
7809531363,"GKR Hospital",hospital,14.6400318,78.5356635,,"YSR",516309
7809531364,"Naidu Hospital",hospital,14.0647091,78.7529623,,"YSR",516269
7809531366,"Mother Hospital",hospital,14.0601496,78.7499455,,"YSR",516269
7809531367,"Kaamakshi Hospital",hospital,14.7250981,78.7319562,,"YSR",516172
7809531368,"Shifa Hospital",hospital,14.0588274,78.7534633,,"YSR",516269
7809531369,"Balu Hospital",hospital,14.5964167,78.3976763,,"YSR",516380
7809531372,"Vijaya Hospital",hospital,14.0596414,78.74758,,"YSR",516269
7809531373,"Dr. Janardhan Reddy Hospital",hospital,14.0588777,78.7480506,,"YSR",516269
7809531374,"Sri Shirdi Sai Hospital",hospital,14.0599946,78.7501561,,"YSR",516269
7809531377,"Potti Janardhan Hospitals and nursery",hospital,14.059361,78.748887,,"YSR",516269
7809531378,"Government Hospital",hospital,14.0607853,78.7527451,,"YSR",516269
7809531381,"Pulla Reddy Hospital",hospital,14.6878378,78.3936211,,"YSR",516380
7809531383,"Gandhi Hospital",hospital,14.0595,78.7487754,,"YSR",516269
7809531384,"Murali Hospitals",hospital,14.0584426,78.7487686,,"YSR",516269
7809531387,"Raja Reddy Hospital",hospital,14.4210071,78.2271218,,"YSR",516390
7809531389,"Pramila Nursing House",hospital,14.0592918,78.748216,,"YSR",516269
7809531390,"Manjunatha Hospital",hospital,14.0595464,78.7487928,,"YSR",516269
7809531391,"Rangashimha Hospital",hospital,14.7265972,78.7325262,,"YSR",516172
7809531392,"SS Hospital",hospital,14.0492877,78.7541254,,"YSR",516269
7809531393,"Pradeep Eye Hospital",hospital,14.4162883,78.2241402,,"YSR",516390
7809531395,"Narayana Reddy Hospital",hospital,14.0601756,78.7498394,,"YSR",516269
7809531396,"Pulla Reddy Hospital",hospital,14.4243611,78.2283959,,"YSR",516390
7809531398,"Srinivasa Hospital",hospital,14.4188852,78.2234125,,"YSR",516390
7809531399,"Rama Tulasamma Hospital",hospital,14.4184335,78.2244868,,"YSR",516390
7809531400,"Raja Raghavendra Multi Speciality Hospital",hospital,14.4234224,78.2277782,,"YSR",516390
7809531402,"Raghava Reddy Hospital",hospital,14.4173832,78.2248457,,"YSR",516390
7809531403,"Amaravati Multi Speciality Hospital",hospital,14.0512685,78.7517896,,"YSR",516269
7809531404,"Arogya Hospital",hospital,14.651839,78.7749315,,"YSR",516203
7809531405,"Sai Prashanthi Hospitals",hospital,14.0581081,78.7489003,,"YSR",516269
7809531406,"Shiva Reddy Hospital",hospital,14.651322,78.770337,,"YSR",516203
7809531407,"Sri Lakshmi Hospital",hospital,14.652754,78.7704559,,"YSR",516203
7809531408,"Mukhya Mantri Aarogya Kendram",hospital,14.0607498,78.7531211,,"YSR",516269
7809531409,"Madhu Sekhar Hospital",hospital,14.5967999,78.3980476,,"YSR",516380
7809531410,"Care Hospital",hospital,14.0588261,78.7538639,,"YSR",516269
7809531412,"Shirdi Sai Hospital",hospital,14.058863,78.747894,,"YSR",516269
7809531414,"Shahid Children's Hospital",hospital,14.7216283,78.7332876,,"YSR",516172
7809531416,"Sri Srinivasa Physio Care",hospital,14.0583828,78.7483205,,"YSR",516269
7809531418,"Chandra Sekhar Children Hospital",hospital,14.059147,78.7478027,,"YSR",516269
7809531419,"Government Hospital",hospital,14.5968783,78.6692517,,"YSR",516289
7809531420,"Sri Lakshmi Venkateshwara Diabetic Hospital",hospital,14.4228506,78.2272518,,"YSR",516390
7809531421,"Suraksha Children Hospital",hospital,14.0591578,78.747708,,"YSR",516269
7809531422,"Jyoti Hospital",hospital,14.600123,78.669801,,"YSR",516289
7809531423,"New Apollo Eye Hospitals and Opticals",hospital,14.0716982,78.7555298,,"YSR",516270
7809531425,"KGN Hospital",hospital,14.0541454,78.7511041,,"YSR",516269
7809531426,"Raja Eye Care , Opticals",hospital,14.058784,78.7481811,,"YSR",516269
7810163339,"Dr. Nagalakshmi Speciality Hospital",hospital,14.7515703,78.5484283,,"YSR",516360
7810163341,"Madhu Shanti Hospital",hospital,14.751562,78.5473484,,"YSR",516360
7810163342,"Dr. Satya Rangaiah Hospital",hospital,14.7446897,78.5469938,,"YSR",516360
7810163343,"Dr. D. Seshanayana ENT Hospital",hospital,14.7544357,78.548497,,"YSR",516360
7810163344,"Sai Vasundhara Hospital",hospital,14.751572,78.550195,,"YSR",516360
7810163345,"Pramila Ranga Reddy Hospital",hospital,14.747727,78.5548323,,"YSR",516360
7810163346,"Shankar Hospital",hospital,14.7533345,78.5485876,,"YSR",516360
7810163348,"Hari Krishna Neuro and ENT Hospital",hospital,14.7523037,78.5487686,,"YSR",516360
7810163349,"Harsha Super Speciality Hospital",hospital,14.7534128,78.5507483,,"YSR",516360
7810163350,"Dr. Surya Narayana Hospital",hospital,14.8484111,78.3837425,,"YSR",516434
7810163352,"V.S.R Hospital",hospital,14.7517039,78.547694,,"YSR",516360
7810163354,"Ashwini Ortho and ENT Hospital",hospital,14.7531495,78.5494233,,"YSR",516360
7810163356,"Jayavishnu Cardiac Centre",hospital,14.752408,78.546968,,"YSR",516360
7810163358,"David Children Hospital",hospital,14.8438548,78.3831502,,"YSR",516434
7810163359,"Government Ayurvedic Hospital",hospital,14.8498043,78.3836974,,"YSR",516434
7810163361,"Amma Hospital",hospital,14.7535595,78.5479543,,"YSR",516360
7810163362,"Dr. N. Veeranjaneyulu ENT Hospital",hospital,14.7521643,78.5483282,,"YSR",516360
7810163363,"Ameer Hospital",hospital,14.7512758,78.5472791,,"YSR",516360
7810163364,"Sri Gayatri Allergy and Chest Hospital",hospital,14.7510429,78.5482649,,"YSR",516360
7810163365,"Nagarjuna Hospital",hospital,14.7524741,78.5489429,,"YSR",516360
7810163366,"Sai Datta Hospital",hospital,14.755258,78.550578,,"YSR",516360
7810163367,"Sri Hari Hospital",hospital,14.753252,78.551102,,"YSR",516360
7810163368,"Liaquat Hospital",hospital,14.745621,78.554957,,"YSR",516360
7810163369,"Sai Santa Maternity and Child Hospital",hospital,14.7521676,78.5491369,,"YSR",516360
7810163372,"Skin Hospital",hospital,14.849584,78.384129,,"YSR",516434
7810163376,"Proddatur Kidney Hospital",hospital,14.7537718,78.5490311,,"YSR",516360
7810163377,"Lakshya Cardiac Centre",hospital,14.7547019,78.5476224,,"YSR",516360
7810163378,"Priyabhavana Hospital",hospital,14.7550975,78.5484546,,"YSR",516360
7810163379,"Sri Venkata Sai Bhardwaja Hospital",hospital,14.8495037,78.3845365,,"YSR",516434
7810163381,"Shreyan Children Hospital",hospital,14.7538529,78.5504644,,"YSR",516360
7810163383,"Sai Sree Hospital",hospital,14.7534141,78.5502165,,"YSR",516360
7810163384,"Shreyan Hospital",hospital,14.7523788,78.5486454,,"YSR",516360
7810163387,"Sai Hospital",hospital,14.7452194,78.5525677,,"YSR",516362
7810163390,"Puttur Bone Setting Hospital",hospital,14.7467796,78.546823,,"YSR",516360
7810163391,"Lakshmi Narasaiah Hospital",hospital,14.7518223,78.5528665,,"YSR",516360
7810163392,"Swarup Eye Institute",hospital,14.7489788,78.5612094,,"YSR",516360
7810163393,"Dr. Ravindranath Reddy Children Hospital",hospital,14.8452004,78.3816316,,"YSR",516434
7810163394,"Sai Durga Maternity Hospital",hospital,14.7527283,78.5521291,,"YSR",516360
7810163396,"Campbell General Hospital",hospital,14.8439957,78.3838746,,"YSR",516434
7810163397,"Akshaya Hospitals",hospital,14.757793,78.545886,,"YSR",516360
7810163400,"K.V.R Multi Speciality Hospital",hospital,14.7538627,78.5487151,,"YSR",516360
7810163401,"Gautham Hospital",hospital,14.7540561,78.5501237,,"YSR",516360
7810163403,"Outaasan Ayurvedic and Allopathy Hospital",hospital,14.7455693,78.5527457,,"YSR",516360
7810163405,"Medinova Hospital",hospital,14.7559783,78.5450735,,"YSR",516360
7810163407,"Rameshwarudu Hospital",hospital,14.849646,78.385577,,"YSR",516434
7810163409,"Rotary Eye Hospital",hospital,14.7456733,78.5467697,,"YSR",516360
7810163410,"Sreevani Maternity Hospital",hospital,14.7539342,78.5487596,,"YSR",516360
7810163413,"Dr. E. Sai Prasad Hospital",hospital,14.7447229,78.5454885,,"YSR",516360
7810163414,"Karumuru Balaramaiah Hospital",hospital,14.8494814,78.3851312,,"YSR",516434
7810163416,"Sri Balaji Hospital, Proddatur",hospital,14.7550288,78.5487324,,"YSR",516360
7810163418,"Vijaya Hospital",hospital,14.7558688,78.5488759,,"YSR",516360
7810163423,"Sri Sai Krupa Hospital",hospital,14.752741,78.5470434,,"YSR",516360
7810163425,"Deepthi Children Hospital",hospital,14.7543221,78.5488485,,"YSR",516360
7810163426,"Siri Hospital",hospital,14.7477595,78.5558555,,"YSR",516360
7810296663,"Dr. Linga Reddy Hospital",hospital,14.552957,77.111059,,"Anantapur",515761
7810296666,"Aaditya Hospital",hospital,14.9081808,78.0104994,,"Anantapur",515411
7810296670,"Shanthi Priya Hospital",hospital,15.11914,77.635003,,"Anantapur",515401
7810296671,"RT Hospital",hospital,15.1616501,77.3789672,,"Anantapur",515801
7810296672,"Life Line Hospital",hospital,15.161685,77.383803,,"Anantapur",515801
7810296674,"Pamudurthi Hospital",hospital,14.2717071,77.9725168,,"Anantapur",515154
7810296675,"Dr.Siva Sankar Hospital",hospital,15.0198596,77.6725498,,"Anantapur",515405
7810296676,"Balaji Eye Hospital",hospital,15.1602356,77.3810107,,"Anantapur",515801
7810296678,"Shirish Childrens Hospital",hospital,14.9070464,78.0112162,,"Anantapur",515411
7810296680,"Thomas Reddy Hospital",hospital,14.908204,78.014771,,"Anantapur",515411
7810296681,"ABC Hospital",hospital,14.9077311,78.0112561,,"Anantapur",515411
7810296682,"Rural Government Hospital",hospital,13.940848,78.28189,,"Anantapur",515571
7810296685,"Government Hospital",hospital,14.516496,77.76543,,"Anantapur",515661
7810296686,"Umadevi Hospital",hospital,14.9086426,78.006417,,"Anantapur",515411
7810296687,"Shree Lochana Eye Hospital",hospital,14.5536454,77.114417,,"Anantapur",515761
7810296697,"RDT Hosptial",hospital,14.5594273,77.1089739,,"Anantapur",515761
7810296704,"Government Hospital",hospital,14.2046764,78.1126677,,"Anantapur",515501
7810296705,"Asha Hospital",hospital,14.9069421,78.011721,,"Anantapur",515411
7810296707,"RK Hospital",hospital,14.9068715,78.0148968,,"Anantapur",515411
7810296708,"Sri Venkateswara Children's Hospital",hospital,14.906851,78.0159746,,"Anantapur",515411
7810296714,"Trilochan Reddy Hospital",hospital,14.907855,78.0091029,,"Anantapur",515411
7810296716,"Murali Sai Krishna Hospital",hospital,14.9477487,77.5905751,,"Anantapur",515775
7810296718,"Lakshmi Hospital",hospital,14.9460725,77.5909378,,"Anantapur",515775
7810296720,"Sivajyothi Hospital",hospital,14.9086387,78.0110456,,"Anantapur",515411
7810296721,"Surya Chandra Hospital",hospital,14.55902,77.106971,,"Anantapur",515761
7810296722,"RDT Hospital",hospital,13.8822098,78.2164897,,"Anantapur",515571
7810296723,"Venkateswara Hospital",hospital,13.8875079,78.2216893,,"Anantapur",515571
7810296724,"Government Hospital",hospital,14.5612807,77.8588227,,"Anantapur",515631
7810296725,"Dr. Gopal Rao Hospital",hospital,14.6958099,76.8566151,,"Anantapur",515865
7810296726,"Rotary Hospital",hospital,14.910594,77.9875121,,"Anantapur",515411
7810296727,"Sai Krishna Hospital",hospital,15.1605602,77.3810133,,"Anantapur",515801
7810296731,"Sree Sai Hospital",hospital,14.948823,77.591942,,"Anantapur",515775
7810296732,"Gupta Children Hospital",hospital,15.1664722,77.3770302,,"Anantapur",515801
7810296733,"Chand Basha Hospital",hospital,14.205716,78.111284,,"Anantapur",515501
7810296734,"Ramapuram Hospital",hospital,14.4724467,77.8560546,,"Anantapur",515661
7810405373,"Aasha Dental Hospital",hospital,14.412466,77.720874,,"Anantapur",515671
7810405374,"Triveni Hospital",hospital,14.113177,78.162017,,"Anantapur",515591
7810405375,"Shifa Childrens Hospital",hospital,14.1088678,78.1618154,,"Anantapur",515591
7810405380,"Desai Subbareddy Hospital",hospital,14.1158694,78.1582373,,"Anantapur",515591
7810405381,"Dr. Sulaiman Hospital",hospital,14.108774,78.161939,,"Anantapur",515591
7810405383,"RDT Hospital",hospital,14.073765,78.171349,,"Anantapur",515591
7810405386,"Azad Hospital",hospital,14.1091977,78.1619594,,"Anantapur",515591
7810405394,"Dinesh Hospital",hospital,14.412206,77.718864,,"Anantapur",515671
7810405395,"Praja Vaidhyashala",hospital,14.4113986,77.7203859,,"Anantapur",515671
7810405398,"Siribhavya Children's Hospital",hospital,14.110522,78.162049,,"Anantapur",515591
7810405400,"Dr. Hussain's Hospital",hospital,14.1137058,78.1621102,,"Anantapur",515591
7810405401,"Srinivasulu Hospital",hospital,14.1124348,78.1593056,,"Anantapur",515591
7810405402,"K K Hospital & Dental Clinic",hospital,14.110807,78.161603,,"Anantapur",515591
7810405403,"Government Hospital",hospital,14.316504,77.634766,,"Anantapur",515101
7810405404,"Padmavati Hospital",hospital,14.1156067,78.1601335,,"Anantapur",515591
7810405405,"Venu Hospital",hospital,14.414615,77.720677,,"Anantapur",515671
7810405406,"Aashique Hospital",hospital,14.183332,77.7679123,,"Anantapur",515133
7810405407,"Sushma Hospital",hospital,14.1140784,78.1577747,,"Anantapur",515591
7810405409,"Jeevashram Animal Hospital",hospital,14.196203,77.63127,,"Anantapur",515164
7810405411,"Mohan Reddy Hospital",hospital,14.1128178,78.1615647,,"Anantapur",515591
7810405412,"Sainath Hospital",hospital,14.1138781,78.1619862,,"Anantapur",515591
7810405413,"Homeopathic Hospital",hospital,14.1164948,78.1564582,,"Anantapur",515591
7810405414,"Akshay Hospital",hospital,14.1096091,78.1717563,,"Anantapur",515591
7810405417,"Rishitha Children Hospital",hospital,14.1133745,78.1601137,,"Anantapur",515591
7810405418,"Swetha Nursing Home",hospital,14.4126413,77.7217302,,"Anantapur",515671
7810405419,"Lions Eye Hospital",hospital,14.390855,77.709508,,"Anantapur",515671
7810405423,"Dr. Sanjeevarayudu Hospital",hospital,14.4231572,77.7287919,,"Anantapur",515672
7810405425,"Siri Bhavya Children's Hospital",hospital,14.11648,78.157575,,"Anantapur",515591
7810405426,"Hanshitha Skin Hospital",hospital,14.187443,77.76686,,"Anantapur",515133
7810405427,"Raghava Eye Care Hospital",hospital,14.1146863,78.1591869,,"Anantapur",515591
7810405429,"Vasavi Club Chartible Trust Hospital",hospital,14.4128704,77.7232299,,"Anantapur",515671
7810405431,"Sai Hospital",hospital,14.4239132,77.7338141,,"Anantapur",515672
7810405432,"Dr. Ramana Hospital",hospital,14.111916,78.161716,,"Anantapur",515591
7810405438,"Vijaya Lakshmi Children Hospital",hospital,14.4137673,77.7216521,,"Anantapur",515671
7810405439,"Radha Krishna Dental Hospital",hospital,14.110131,78.156417,,"Anantapur",515591
7810405441,"Karuna Hospital",hospital,14.1440086,77.8163309,,"Anantapur",515134
7810405443,"Ameer Hospital",hospital,14.114733,78.162014,,"Anantapur",515591
7810405444,"Deepak Children Hospital",hospital,14.191806,77.766772,,"Anantapur",515133
7810405447,"Mukyamantri Arogya Kendram",hospital,14.100934,78.163928,,"Anantapur",515591
7810405449,"Anu Dental Care Hospital",hospital,14.4149887,77.7205401,,"Anantapur",515671
7812091854,"Pragathi Ayurveda Hospital",hospital,14.008395,77.8309838,,"Anantapur",515231
7812091859,"Swaroopa Multispeciality Hospital",hospital,13.8184903,77.498993,,"Anantapur",515201
7812091861,"Varun Children's Hospital",hospital,14.0868815,77.5954357,,"Anantapur",515110
7812091867,"Varshika Nursing Home",hospital,13.8274577,77.4933815,,"Anantapur",515201
7812091872,"RK Hospital",hospital,13.8341638,77.4891267,,"Anantapur",515201
7812091877,"Teja Hospital",hospital,13.8185957,77.4989175,,"Anantapur",515201
7812091882,"Girish Multispeciality Hospital",hospital,13.8172858,77.5011718,,"Anantapur",515201
7812091883,"Dr. Suryanarayana Hospital",hospital,14.085262,77.5960269,,"Anantapur",515110
7812091884,"Sree Teja Health Care",hospital,13.9828358,77.7660181,,"Anantapur",515231
7812091886,"Fariah Maternity & Children Hospital",hospital,13.836894,77.494261,,"Anantapur",515201
7812091889,"Navodaya Ortho and Eye Hospital",hospital,13.837588,77.494721,,"Anantapur",515201
7812091890,"Sushrutha Hospital",hospital,13.984133,77.768629,,"Anantapur",515231
7812091892,"Dr. Balaji Ortho Care Hospital",hospital,13.8347137,77.4936872,,"Anantapur",515201
7812091896,"Government Hospital",hospital,13.8414185,77.1035419,,"Anantapur",515321
7812091898,"Balaji Multi Speciality Hospital",hospital,13.834659,77.494059,,"Anantapur",515201
7812091900,"Gundegowda Hospital",hospital,14.1199994,76.9819902,,"Anantapur",515281
7812091907,"Aravinda Diabetic and Dental Centre",hospital,13.834963,77.4934981,,"Anantapur",515201
7812225263,"Harshitha Multi Speciality Hospital",hospital,14.669693,77.590868,,"Anantapur",515002
7812225264,"Rakshaa Multi Speciality Hospital",hospital,14.6960854,77.5850572,,"Anantapur",515004
7812225267,"Rachana's Hospital",hospital,14.6993848,77.5825856,,"Anantapur",515004
7812225273,"Srinivasa Kidney Centre",hospital,14.6703788,77.5928196,,"Anantapur",515001
7812225277,"Srinivasa Children's Hospital",hospital,14.683884,77.5882713,,"Anantapur",515004
7812225278,"Life Care Hospital",hospital,14.6662553,77.5958946,,"Anantapur",515001
7812225279,"Sree Pragna Cancer Hospital",hospital,14.6368248,77.6215272,,"Anantapur",515003
7812225280,"Siri Hospital",hospital,14.6689994,77.5936107,,"Anantapur",515001
7812225285,"Amulya Kerala Ayurveda Hospital",hospital,14.6696952,77.5939398,,"Anantapur",515001
7812225287,"Saveera Hospital",hospital,14.6517395,77.5821587,,"Anantapur",515004
7812225288,"Sri Chetan Hospital",hospital,14.683612,77.590103,,"Anantapur",515001
7812225289,"Praja Hospital",hospital,14.669688,77.592492,,"Anantapur",515001
7812225291,"CSR Hospital",hospital,14.6940458,77.5991764,,"Anantapur",515001
7812225293,"Sree Amaravathi Multispeciality Hospital",hospital,14.670808,77.592522,,"Anantapur",515001
7812225296,"Vishnu Hospital",hospital,14.6948333,77.6379669,,"Anantapur",515701
7812225298,"Hari Sri Hospital",hospital,14.6849527,77.5910963,,"Anantapur",515004
7812225304,"Sri Vijayalakshmi Hospital",hospital,14.689561,77.631658,,"Anantapur",515701
7812225306,"Venkata Sai Nagarjuna Hospital",hospital,14.6842484,77.5776274,,"Anantapur",515001
7812225309,"Super Speciality Hospital",hospital,14.655189,77.608219,,"Anantapur",515002
7812225311,"Sandhya Hospital",hospital,14.6681031,77.5843037,,"Anantapur",515002
7812225312,"Shine Hospitals, Skin Care Clinic",hospital,14.6692065,77.5869354,,"Anantapur",515001
7812225313,"Sri Sathya Sai Hospital",hospital,14.6885362,77.5749918,,"Anantapur",515001
7812225314,"Dolphin Childrens Hospital",hospital,14.6835261,77.5924173,,"Anantapur",515004
7812225316,"Sandhya Hospital",hospital,14.668032,77.584304,,"Anantapur",515002
7812225317,"Prabhutva Pashu Vidyasala",hospital,14.6154181,77.6058121,,"Anantapur",515722
7812225320,"SKU Hospital",hospital,14.610579,77.644027,,"Anantapur",515003
7812225322,"R.D.T. Hospital",hospital,14.683928,77.589039,,"Anantapur",515004
7812225323,"Global Ayurveda Hospital",hospital,14.6626337,77.6010398,,"Anantapur",515001
7812225324,"Praja Prathamika Chikistha Kendram",hospital,14.6835981,77.5852005,,"Anantapur",515004
7812225326,"Sri Sai Manipal Hospital",hospital,14.6806781,77.5936863,,"Anantapur",515001
7812225327,"Razia Multi Speciality Hospital",hospital,14.6700521,77.5939472,,"Anantapur",515001
7812341207,"Leela Super Speciality Dental Hospital",hospital,14.6752928,77.6025793,,"Anantapur",515001
7812341208,"Sujatha Dental Hospital",hospital,14.677248,77.60385,,"Anantapur",515001
7812341210,"Ramavadutha Dental Hospital",hospital,14.67515,77.605537,,"Anantapur",515001
7812341211,"Vijaya Superspeciality Dental Hospital",hospital,14.6722748,77.6002133,,"Anantapur",515001
7812341216,"Antharyami Children Speciality Hospital",hospital,14.6751205,77.6015225,,"Anantapur",515001
7812341217,"Sri Amrutha Hospital",hospital,14.675438,77.602889,,"Anantapur",515001
7812341219,"Lakshmi Jayanth ENT Hospital",hospital,14.674881,77.603137,,"Anantapur",515001
7812341221,"Srinivasa Multi Speciality Hospital",hospital,14.677042,77.605898,,"Anantapur",515001
7812341222,"Gayatri Hospital",hospital,14.675157,77.6031172,,"Anantapur",515001
7812341223,"Ridhi Heart & Skin Hospital",hospital,14.6718944,77.6010944,,"Anantapur",515001
7812341224,"Lakshmi Narasimha ENT Hospital",hospital,14.674892,77.603134,,"Anantapur",515001
7812341225,"Dento Care Super Speciality Dental Hospital",hospital,14.6750803,77.6017562,,"Anantapur",515001
7812341226,"Lakshmi Hospital",hospital,14.6754935,77.6026056,,"Anantapur",515001
7812341229,"Mahathi Hospital",hospital,14.6739248,77.6030239,,"Anantapur",515001
7812341230,"Mallikarjuna Super Speciality Dental Hospital",hospital,14.675331,77.6022958,,"Anantapur",515001
7812341232,"Sathish Neurologist and Orthopaedic",hospital,14.6748822,77.6033124,,"Anantapur",515001
7812341233,"Vijaya Shankar Hospital",hospital,14.676572,77.6025553,,"Anantapur",515001
7812341236,"Dr. Ksar Gaffoor Hospitals",hospital,14.6734191,77.6073232,,"Anantapur",515005
7812341237,"Partha Dental Hospital",hospital,14.6779256,77.6025896,,"Anantapur",515001
7812341238,"K.C. Ramanna Hospital",hospital,14.6763777,77.6023144,,"Anantapur",515001
7812341239,"Dr. Akbar Eye Hospital",hospital,14.6727286,77.601181,,"Anantapur",515001
7812341240,"Dhanvanthri Hospital",hospital,14.6756197,77.6026491,,"Anantapur",515001
7812341241,"Sree Nidhi Hospital",hospital,14.6738664,77.60192,,"Anantapur",515001
7812341242,"Children Hospital",hospital,14.674618,77.6029121,,"Anantapur",515001
7812341243,"Sai Rathna Hospital",hospital,14.674382,77.6013832,,"Anantapur",515001
7812341244,"Sree Srinivasa Gastro & Liver Hospital",hospital,14.67474,77.60143,,"Anantapur",515001
7812341245,"Jabilli Children Hospital",hospital,14.6758388,77.6054945,,"Anantapur",515001
7812341246,"Sudarsana Hospital",hospital,14.67534,77.603851,,"Anantapur",515001
7812341249,"Balaji Dental Hospital",hospital,14.676616,77.602243,,"Anantapur",515001
7812341252,"Sri Sai Lakshmi Multi Speciality Hospital",hospital,14.673943,77.602134,,"Anantapur",515001
7812341253,"Sree Nethra Eye Hospital",hospital,14.6741246,77.6021387,,"Anantapur",515001
7812341255,"Sri Sai Apollo Dental Hospital",hospital,14.677728,77.60443,,"Anantapur",515001
7812341256,"Surya Hospital",hospital,14.6745528,77.6018289,,"Anantapur",515001
7812341257,"Malvina Hospital",hospital,14.6711794,77.6012746,,"Anantapur",515001
7812341258,"Sri Dhanvantari Multispeciality Ayurveda Hospital",hospital,14.6744872,77.6011447,,"Anantapur",515001
7812341263,"Obulaiah Hospital",hospital,14.6737041,77.6040551,,"Anantapur",515001
7812341266,"Chinnari Hospital",hospital,14.674631,77.604959,,"Anantapur",515001
7812341267,"Arun Childrens Hospital",hospital,14.6727455,77.6031448,,"Anantapur",515001
7812341270,"Government Hospital",hospital,14.6814977,77.6104953,,"Anantapur",515005
7812341272,"SR Multi Speciality Hospital",hospital,14.6715312,77.6088574,,"Anantapur",515001
7812518689,"Satya Sai Dental Hospital",hospital,14.681152,77.6054006,,"Anantapur",515005
7812518691,"Sri Krishna Dental Hospital",hospital,14.6795381,77.6018548,,"Anantapur",515001
7812518692,"Snehalatha Hospital",hospital,14.6841166,77.6021672,,"Anantapur",515001
7812518693,"Hari Prasad ENT Hospital",hospital,14.682272,77.602304,,"Anantapur",515001
7812518694,"Leela Dental Hospital",hospital,14.6875232,77.5990348,,"Anantapur",515001
7812518695,"Ahmed Multi Speciality Hospital",hospital,14.687422,77.596565,,"Anantapur",515001
7812518697,"CMN Hospitals",hospital,14.6899573,77.5978005,,"Anantapur",515001
7812518698,"Samira Hospital",hospital,14.6818639,77.6007343,,"Anantapur",515001
7812518699,"Dr. Kethu Buchi Reddy Hospital",hospital,14.677622,77.599159,,"Anantapur",515001
7812518700,"Gokul Ayurvedic Hospitals",hospital,14.6822797,77.6012299,,"Anantapur",515001
7812518701,"Shreya Hospital",hospital,14.6889521,77.6013458,,"Anantapur",515001
7812518702,"Care & Cure Hospitals",hospital,14.6877701,77.601539,,"Anantapur",515001
7812518703,"Srinivasa Dental Hospital",hospital,14.6819505,77.6020082,,"Anantapur",515001
7812518704,"Anantha Sai Hospital",hospital,14.682196,77.601547,,"Anantapur",515001
7812518708,"Sanjeevini Hospitals",hospital,14.677802,77.599305,,"Anantapur",515001
7812518710,"Pavan Sai Netralayam",hospital,14.6771178,77.5990232,,"Anantapur",515001
7812518711,"Varun Hospital",hospital,14.6773826,77.5994316,,"Anantapur",515001
7812518713,"Amma Children's Hospital",hospital,14.680331,77.604346,,"Anantapur",515005
7812518714,"Sree Anusha Ortho Care",hospital,14.680642,77.600867,,"Anantapur",515001
7812518715,"Bhaskar Super Speciality Dental Hospital",hospital,14.681416,77.5976101,,"Anantapur",515001
7812518716,"K.M. Hospital",hospital,14.683374,77.602033,,"Anantapur",515001
7812518718,"Srinivasa Neuro & Multi Speciality Hospital",hospital,14.6822561,77.6003613,,"Anantapur",515001
7812518719,"Vasan Eye Care",hospital,14.679912,77.602245,,"Anantapur",515001
7812518721,"SVN Multispeciality Hospital",hospital,14.6875913,77.5977669,,"Anantapur",515001
7812518722,"LMR Multispeciality Hospital",hospital,14.685241,77.599033,,"Anantapur",515001
7812518725,"Rainbow Children's Hospital",hospital,14.6831972,77.5991788,,"Anantapur",515001
7812518726,"Chandra Super Speciality Hospital",hospital,14.687877,77.600607,,"Anantapur",515001
7812518727,"S.V. Hospital",hospital,14.6813081,77.5994486,,"Anantapur",515001
7812518728,"Varsha Hospital",hospital,14.6792369,77.6018969,,"Anantapur",515001
7812518729,"Akshaya Hospital",hospital,14.6809745,77.6037917,,"Anantapur",515005
7812518730,"Kraanthi Hospital",hospital,14.6880445,77.6011343,,"Anantapur",515001
7812518732,"Sisucare Hospital",hospital,14.6882825,77.5986645,,"Anantapur",515001
7812518733,"Dhruva Dental Hospital",hospital,14.6853882,77.6009045,,"Anantapur",515001
7812518735,"Sri Sai Vishnu Hospital",hospital,14.680889,77.604053,,"Anantapur",515001
7812518737,"Sushrutha Ayurvedic Hospital",hospital,14.689727,77.597392,,"Anantapur",515001
7812518738,"Sri Varalakshmi Eye Hospital",hospital,14.678852,77.601024,,"Anantapur",515001
7812518739,"Sri Pranamya Hospital",hospital,14.6853275,77.6015407,,"Anantapur",515001
7812518740,"Life Line Hospital",hospital,14.686302,77.598499,,"Anantapur",515001
7812518741,"Sri Anand Hospital",hospital,14.689296,77.601192,,"Anantapur",515001
7812518743,"Karthikeya Dental Hospital",hospital,14.6794186,77.5999217,,"Anantapur",515001
7812518744,"Snehalatha Hospitals",hospital,14.6839087,77.601913,,"Anantapur",515001
7812518746,"Abigna Multispeciality Hospital",hospital,14.686064,77.5967073,,"Anantapur",515001
7812518747,"Madhavi Hospital",hospital,14.6855979,77.5959627,,"Anantapur",515001
7812518751,"Krishna Prasad Orthodontic Speciality Dental Hospital",hospital,14.6809112,77.6020517,,"Anantapur",515001
7812518755,"Prathap Dental Hospital",hospital,14.6809181,77.6037914,,"Anantapur",515005
7812993624,"Santwana Hospital",hospital,15.130844,78.513827,,"Kurnool",518543
7812993628,"Gunampalli Narayanamma Hospital",hospital,15.933992,78.507415,,"Kurnool",518422
7812993630,"Government Hospital",hospital,15.937744,78.507268,,"Kurnool",518422
7812993633,"Vijaya Hospital",hospital,15.1332389,78.5087015,,"Kurnool",518543
7812993634,"K.Ramalinga Reddy Hospital",hospital,15.1343218,78.5089328,,"Kurnool",518543
7812993636,"Sri Srinivasa Medical & General Hospital",hospital,15.1309261,78.6747484,,"Kurnool",518543
7812993637,"Government Primary Hospital",hospital,15.401871,78.615379,,"Kurnool",518583
7812993638,"Christian Fellowship Hospital",hospital,14.966729,78.584236,,"Kurnool",518553
7812993640,"Peddakoti Hospital",hospital,15.5710787,78.5819636,,"Kurnool",518523
7812993641,"Guruvaiah Hospital",hospital,15.855808,78.266621,,"Kurnool",518401
7812993643,"Rama Krishna Reddy Hospital",hospital,15.1334464,78.5095118,,"Kurnool",518543
7812993644,"Government Hospital",hospital,15.677464,78.425511,,"Kurnool",518508
7812993645,"Suvarna Children Hospital",hospital,15.855463,78.264408,,"Kurnool",518401
7812993647,"Dr. Munna Hospital",hospital,15.7122339,78.4790048,,"Kurnool",518508
7812993651,"Erramatam Hospital",hospital,15.994329,78.416597,,"Kurnool",518422
7812993655,"Government Hospital",hospital,15.71938,78.571249,,"Kurnool",518533
7812993656,"New Sowmya Nursing Home",hospital,15.877135,78.580914,,"Kurnool",518422
7812993659,"Zoha Hospital",hospital,15.8783758,78.5860998,,"Kurnool",518422
7812993660,"Vamshi Heart Hospital",hospital,15.8791327,78.5863594,,"Kurnool",518422
7812993661,"Dr. Prasad Hospital",hospital,14.9645779,78.5902854,,"Kurnool",518553
7812993662,"Dr. Rajappa Hospital",hospital,15.7170119,78.56674,,"Kurnool",518533
7812993664,"Rama Krishna Hospital",hospital,15.321058,78.533942,,"Kurnool",518563
7812993666,"Dr. B. V. Subbaiah Chetty Hospital",hospital,15.320864,78.53406,,"Kurnool",518563
7812993667,"St.Paul Hospital",hospital,15.6762479,78.4202694,,"Kurnool",518508
7812993670,"Surya Narayana Children Hospital",hospital,15.855435,78.264264,,"Kurnool",518401
7812993671,"Sri Surya Hospital",hospital,15.7165816,78.5666849,,"Kurnool",518533
7812993673,"Kaja Hussian Hospital",hospital,15.698771,78.5117243,,"Kurnool",518533
7812993675,"Amrutha Hospital",hospital,15.8804105,78.582645,,"Kurnool",518422
7812993678,"Sailendra Reddy Memorial Hospital",hospital,15.400232,78.615673,,"Kurnool",518583
7812993679,"Government Hospital",hospital,15.239325,78.6026331,,"Kurnool",518594
7812993683,"Thanvitha Hospital",hospital,15.134403,78.505611,,"Kurnool",518543
7812993688,"Prabhakar Hospital",hospital,15.241981,78.604475,,"Kurnool",518594
7812993689,"Government Primary Hospital",hospital,15.882949,78.653316,,"Kurnool",518422
7812993690,"Anasuya Hospital",hospital,15.8554122,78.2645889,,"Kurnool",518401
7812993692,"Dr.Muneer Hospital",hospital,15.719176,78.572787,,"Kurnool",518533
7812993693,"Dr.Linga Reddy Hospital",hospital,15.718524,78.567863,,"Kurnool",518533
7812993696,"Venkata Subba Reddy Hospital",hospital,15.1325966,78.5118459,,"Kurnool",518543
7812993697,"Dr.Ganapathi Rao Hospital",hospital,15.1343149,78.5037245,,"Kurnool",518543
7812993698,"ARK Hospital",hospital,15.8805834,78.5772685,,"Kurnool",518422
7812993703,"Life Care Hospital",hospital,15.878462,78.5834635,,"Kurnool",518422
7812993704,"Sri Vamshidhar Hospital",hospital,15.7185531,78.5675968,,"Kurnool",518533
7812993705,"KGN Hospital",hospital,15.861349,78.326179,,"Kurnool",518401
7813105640,"Rotary Eye Hospital",hospital,15.3104167,78.2342109,,"Kurnool",518124
7813105641,"Gopal Hospital",hospital,15.104657,78.357813,,"Kurnool",518166
7813105642,"Pranav Super Speciality Eye Hospital",hospital,15.4876652,78.4796186,,"Kurnool",518501
7813105643,"Private Hospital",hospital,15.372554,78.279171,,"Kurnool",518124
7813105644,"M.R. Hospital",hospital,15.474724,78.489855,,"Kurnool",518502
7813105646,"District Hospital, Nandyala",hospital,15.469287,78.482843,,"Kurnool",518502
7813105647,"Rapha Hospital",hospital,15.4764028,78.4651706,,"Kurnool",518502
7813105648,"Shabnam Hospital",hospital,15.484417,78.476761,,"Kurnool",518502
7813105649,"Sisindri Newborn and Children's Hospital",hospital,15.4782538,78.4841825,,"Kurnool",518501
7813105650,"Government Ayurvedic Hospital",hospital,15.3189995,78.2322988,,"Kurnool",518124
7813105652,"Geetha Hospital",hospital,15.3172609,78.2276458,,"Kurnool",518124
7813105653,"St. Werburgh's Maternity & General Hospital",hospital,15.4762427,78.4674871,,"Kurnool",518502
7813105657,"Jaya Speciality Hospital",hospital,15.4835274,78.4732048,,"Kurnool",518502
7813105658,"Pavan Sujatha Hospital",hospital,15.320177,78.230394,,"Kurnool",518124
7813105659,"Medicare Multispeciality Hospital",hospital,15.488726,78.478698,,"Kurnool",518501
7813105663,"Madhu Nursing Home",hospital,15.486563,78.488267,,"Kurnool",518501
7813105665,"Meghana Hospital & Diagnostic Centre",hospital,15.101351,78.396153,,"Kurnool",518155
7813105666,"Sumithra Hospital",hospital,15.486154,78.4846822,,"Kurnool",518501
7813105667,"Dr. Vishnu's Raayalaseema Ortho Hospital",hospital,15.4851934,78.4833697,,"Kurnool",518501
7813105668,"Cure Super Speciality Hospital",hospital,15.468944,78.48469,,"Kurnool",518502
7813105671,"Sri Sai Krishna Hospital",hospital,15.4645939,78.483072,,"Kurnool",518502
7813105673,"Anu Hospital",hospital,15.4772981,78.483443,,"Kurnool",518502
7813105674,"R K Hospital",hospital,15.480478,78.483188,,"Kurnool",518501
7813105677,"Life Hospital",hospital,15.465142,78.482026,,"Kurnool",518502
7813105678,"Tirumala Puneeth ENT And Skin Hospital",hospital,15.4873333,78.4783649,,"Kurnool",518501
7813105679,"Shreenivasa Hospital",hospital,15.4731944,78.4707438,,"Kurnool",518502
7813105680,"Sree Gnaneswari Nature Cure Hospital",hospital,15.4675043,78.4577418,,"Kurnool",518502
7813105687,"Dr. Sulochana Homoeo Hospital",hospital,15.487336,78.4799693,,"Kurnool",518501
7813105688,"Sree Sai Multi Speciality Hospital",hospital,15.4857587,78.48966,,"Kurnool",518501
7813105689,"Jabilli Hospital",hospital,15.4859178,78.4901707,,"Kurnool",518502
7813105691,"CRR Children's Hospital",hospital,15.4868664,78.4815882,,"Kurnool",518502
7813105692,"Neethu Ayurveda and Panchakarma Hospital",hospital,15.4769472,78.4872521,,"Kurnool",518502
7813105695,"Gupta Hospital",hospital,15.4871269,78.4805974,,"Kurnool",518501
7813105696,"Vijaya Hospital",hospital,15.4863381,78.4819387,,"Kurnool",518501
7813105697,"Srikari Multi Speciality Hospital",hospital,15.476609,78.483027,,"Kurnool",518502
7813105698,"Shilpa Maternity & ENT Hospital",hospital,15.4856214,78.4815244,,"Kurnool",518501
7813105701,"Seven Hills Multi Speciality Hospital",hospital,15.4861855,78.4873568,,"Kurnool",518501
7813105702,"Hyder Hospital",hospital,15.482348,78.481837,,"Kurnool",518501
7813105703,"Suraksha Hospital",hospital,15.478649,78.48317,,"Kurnool",518502
7813105704,"Sunrise Multi Speciality Hospital",hospital,15.4839141,78.4847958,,"Kurnool",518501
7813105706,"Udayananda Hospital",hospital,15.467069,78.47116,,"Kurnool",518502
7813105707,"Chandamama Children's Hospital",hospital,15.485605,78.490823,,"Kurnool",518502
7813105709,"Rahul Hospital",hospital,15.4806697,78.4834864,,"Kurnool",518501
7813105712,"Government Hospital",hospital,15.321172,78.226134,,"Kurnool",518124
7813105714,"MDH Hospital",hospital,15.3261651,78.2244189,,"Kurnool",518124
7813105715,"Little Star Hospital",hospital,15.4863933,78.4909713,,"Kurnool",518502
7813105717,"Madhu Children Hospital",hospital,15.4852792,78.4895802,,"Kurnool",518502
7813105719,"Bharathi Children Hospital",hospital,15.46859,78.486648,,"Kurnool",518502
7813105720,"Srikari Multi Speciality Hospital",hospital,15.4865641,78.4827022,,"Kurnool",518501
7813105722,"General Hospital",hospital,15.4687621,78.4839575,,"Kurnool",518502
7813207031,"Brahma Reddy Hospital",hospital,15.7626109,77.4810623,,"Kurnool",518360
7813207032,"Padmavathi Hospital",hospital,15.6241774,77.2685603,,"Kurnool",518301
7813207034,"Usha Sree Hospital",hospital,15.6253466,77.276432,,"Kurnool",518301
7813207037,"Government Hospital",hospital,15.4093433,77.4034086,,"Kurnool",518347
7813207038,"Sri Sai Eye Hospital",hospital,15.395436,77.500487,,"Kurnool",518380
7813207041,"Government Hospital",hospital,15.62324,77.268992,,"Kurnool",518301
7813207042,"Government Hospital",hospital,15.2378693,77.1541663,,"Kurnool",518348
7813207046,"Krishna Hospital",hospital,15.769285,77.47866,,"Kurnool",518360
7813207047,"R.K. Eye Hospital",hospital,15.761529,77.478626,,"Kurnool",518360
7813207048,"Sunitha Nursing Home",hospital,15.765394,77.479231,,"Kurnool",518360
7813207050,"Shilpa Nursing Home",hospital,15.76132,77.47684,,"Kurnool",518360
7813207051,"Sree Sai Krishna Eye Hospital",hospital,15.6225433,77.2768782,,"Kurnool",518301
7813207056,"Holy Evan's ENT Hospital",hospital,15.6221229,77.2816262,,"Kurnool",518301
7813207060,"Shakti Nursing Home",hospital,15.6292852,77.2837957,,"Kurnool",518301
7813207063,"Radhalakshmi Children's Nursing Home",hospital,15.622471,77.275027,,"Kurnool",518301
7813207065,"Noble Care Hospitals",hospital,15.6233308,77.2798736,,"Kurnool",518301
7813207066,"Geetha Children Hospital",hospital,15.7617992,77.4797347,,"Kurnool",518360
7813207067,"Sree Teja Nursing Home",hospital,15.619095,77.28411,,"Kurnool",518301
7813207068,"Vamshi Chaitanya Nursing Home",hospital,15.619524,77.282467,,"Kurnool",518301
7813207070,"Ramanji Hospital",hospital,15.855053,77.245008,,"Kurnool",518313
7813207071,"Vinayaka Hospital",hospital,15.403978,77.503161,,"Kurnool",518380
7813207072,"Sri Sujayeendra Arogyashala",hospital,15.940291,77.421336,,"Kurnool",518345
7813207074,"Shanthi Nursing Home",hospital,15.772994,77.477458,,"Kurnool",518360
7813207077,"Ojas Ayurveda And Panchakarma Hospital",hospital,15.622151,77.28161,,"Kurnool",518301
7813207082,"Government Hospital",hospital,15.366113,77.480066,,"Kurnool",518380
7813207083,"Aswini Priya Nursing Home",hospital,15.622247,77.281412,,"Kurnool",518301
7813207084,"Mother and Child Hospital",hospital,15.623102,77.277419,,"Kurnool",518301
7813207085,"Krishna Gopal Hospital",hospital,15.620999,77.277761,,"Kurnool",518301
7813207086,"Devi Nursing Home",hospital,15.626017,77.28085,,"Kurnool",518301
7813207088,"Sai Nursing Home",hospital,15.622435,77.278682,,"Kurnool",518301
7813207090,"Pooja Nursing Home",hospital,15.622279,77.281613,,"Kurnool",518301
7813207091,"Sree Shakthi Nursing Home",hospital,15.763415,77.481339,,"Kurnool",518360
7813207095,"H.R. Hospital",hospital,15.625632,77.276132,,"Kurnool",518301
7813207096,"Government Hospital",hospital,15.2536584,77.4146066,,"Kurnool",518385
7813207099,"Doddimakala Hospital",hospital,15.763242,77.393126,,"Kurnool",518323
7813207100,"Sasha Nursing Home",hospital,15.622801,77.279977,,"Kurnool",518301
7813207101,"Cure Well Hospital",hospital,15.626443,77.271728,,"Kurnool",518301
7813207107,"Dr. Gopinat Children Hospital",hospital,15.626425,77.281056,,"Kurnool",518301
7813207110,"Gouse Hospital",hospital,15.6236805,77.2775382,,"Kurnool",518301
7813207117,"Vijaya Lakshmi Nursing Home",hospital,15.619807,77.282699,,"Kurnool",518301
7813207118,"Chekuri Nursing Home",hospital,15.622462,77.281619,,"Kurnool",518301
7813207122,"Balaji Nursing Home",hospital,15.6231264,77.2801314,,"Kurnool",518301
7813312560,"Rajeswari Hospital",hospital,15.8383659,78.0402715,,"Kurnool",518004
7813312561,"Namratha Hospital",hospital,15.826788,78.027538,,"Kurnool",518002
7813312563,"SGR Hospitals",hospital,15.837257,78.036098,,"Kurnool",518004
7813312566,"Rithika Hospital",hospital,15.83628,78.041558,,"Kurnool",518004
7813312567,"D.T.R Hospital",hospital,15.8356016,78.0525392,,"Kurnool",518004
7813312568,"Suraksitha Hospital",hospital,15.838896,78.041824,,"Kurnool",518004
7813312569,"Seetharama Ayurvedic Hospital",hospital,15.8366834,78.0364743,,"Kurnool",518004
7813312571,"Kasthuriranga Children's Hospital",hospital,15.82833,78.036989,,"Kurnool",518002
7813312572,"Sri Chakra Hospital",hospital,15.8197441,78.0417817,,"Kurnool",518002
7813312576,"Sai Srinivasa Hospital",hospital,15.8345329,78.0415189,,"Kurnool",518004
7813312577,"Sri Vamsi Krishna Hospital",hospital,15.8376928,78.0324386,,"Kurnool",518004
7813312580,"Star Hospital",hospital,15.840342,78.037014,,"Kurnool",518004
7813312581,"Sushrutha Ayurvedic Hospital",hospital,15.8350361,78.0502615,,"Kurnool",518004
7813312582,"Kiran Maternity, Infertility & Orthopaedic Hospital",hospital,15.835872,78.037718,,"Kurnool",518004
7813312584,"Sri Sathyasai ENT Hospital",hospital,15.8354795,78.0418935,,"Kurnool",518004
7813312585,"Ghadiyaram Hospital",hospital,15.8305573,78.0525128,,"Kurnool",518004
7813312586,"Mukhyamantri Aarogya Kendram",hospital,15.842055,78.036961,,"Kurnool",518004
7813312587,"Police Welfare Hospital",hospital,15.8347753,78.0448515,,"Kurnool",518004
7813312590,"Health Care Noble Multi-Speciality Hospital",hospital,15.835671,78.041217,,"Kurnool",518004
7813312591,"Sayed Qurashi Multispeciality Hospital",hospital,15.8253072,78.0505276,,"Kurnool",518004
7813312592,"Umadevi Hospital",hospital,15.8375615,78.0295339,,"Kurnool",518004
7813312593,"Gosha Hospital",hospital,15.834553,78.042578,,"Kurnool",518004
7813312594,"Saraswathi Nursing Home",hospital,15.8354732,78.0426587,,"Kurnool",518004
7813312597,"OMNI Hospitals",hospital,15.8234588,78.0413819,,"Kurnool",518002
7813312598,"Hima Bindu Hospital",hospital,15.8396209,78.0384917,,"Kurnool",518004
7813312602,"Radhakrishnan Hospitals",hospital,15.8405685,78.0372154,,"Kurnool",518004
7813312603,"Sri Vijaya Heart & Multi Speciality Centre",hospital,15.821279,78.040529,,"Kurnool",518002
7813312604,"Vaishnavi Super Speciality Hospital",hospital,15.8348893,78.0412609,,"Kurnool",518004
7813312606,"Krishna Gastro And Laparo Hospital",hospital,15.8364927,78.0417983,,"Kurnool",518004
7813312607,"Renuka Multi Speciality Hospital",hospital,15.8352724,78.041925,,"Kurnool",518004
7813312610,"Government General Hospital",hospital,15.818629,78.039794,,"Kurnool",518002
7813312613,"Vardhan Ayurveda Hospital",hospital,15.840131,78.042219,,"Kurnool",518004
7813312615,"Sai Hrudayalaya",hospital,15.8389746,78.041384,,"Kurnool",518004
7813312617,"V.R Multi Speciality Hospital",hospital,15.839894,78.0378406,,"Kurnool",518004
7813312622,"Vara Prasad Hospital",hospital,15.8280685,78.0526811,,"Kurnool",518004
7813312623,"Aditya Hospital",hospital,15.836509,78.041679,,"Kurnool",518004
7813312627,"Karthik Hospital",hospital,15.8425835,78.0321947,,"Kurnool",518004
7813417176,"Dhanwantari Ayurveda Nilayam",hospital,15.810441,78.040481,,"Kurnool",518002
7813417180,"Goribee Ayurvedic Hospital",hospital,15.8150131,78.0618369,,"Kurnool",518002
7813417181,"Vasavi Apex Hospital",hospital,15.8122299,78.039682,,"Kurnool",518002
7813417182,"Anil ENT Hospital",hospital,15.813641,78.039441,,"Kurnool",518002
7813417183,"Sai Megha Hospital",hospital,15.8014846,78.0485666,,"Kurnool",518002
7813417186,"Sri Sai Satya Hospital",hospital,15.8139981,78.0446568,,"Kurnool",518002
7813417187,"Ramurthy Hospital",hospital,15.8153301,78.0594832,,"Kurnool",518002
7813417189,"K.V.S. Hospital",hospital,15.3977374,77.8750217,,"Kurnool",518222
7813417190,"Omega Cancer Hospital",hospital,15.795726,78.063547,,"Kurnool",518002
7813417193,"Yashoda Hospital",hospital,15.3958696,77.8724686,,"Kurnool",518222
7813417194,"Ashwini Hospital",hospital,15.813645,78.037894,,"Kurnool",518002
7813417195,"Viswa Bharathi Super Speciality Hospital",hospital,15.8136507,78.0375737,,"Kurnool",518002
7813417197,"Maya's Maternity & Infertility Centre",hospital,15.8098195,78.0415465,,"Kurnool",518002
7813417204,"Vaishnavi Eye Hospital",hospital,15.3957067,77.8725436,,"Kurnool",518222
7813417207,"Dr. Brahma Reddy Hospital",hospital,15.8092659,78.0390935,,"Kurnool",518002
7813417208,"Bhageerathi Maternity Hospital",hospital,15.8093751,78.0399053,,"Kurnool",518002
7813417209,"Navya Hospital",hospital,15.3989763,77.8754918,,"Kurnool",518222
7813417210,"Government General Hospital",hospital,15.3932378,77.8733982,,"Kurnool",518222
7813417212,"Vyshnavi Hospital",hospital,15.4068584,77.8672019,,"Kurnool",518222
7813417213,"Rainbow ployclinic",hospital,15.8096689,78.0416397,,"Kurnool",518002
7813417214,"Vishwashanti Hospital",hospital,15.6827852,77.768722,,"Kurnool",518464
7813417216,"Prabha Neuro Super Speciality Centre",hospital,15.8123888,78.0386359,,"Kurnool",518002
7813417217,"Viswabharathi General Hospital",hospital,15.7427665,77.8802702,,"Kurnool",518467
7813417219,"Sree Sai Netralaya",hospital,15.805717,78.036052,,"Kurnool",518002
7813417221,"Shantiniketan Hospital",hospital,15.807175,78.033259,,"Kurnool",518002
7813417223,"Basha Nurshing Home",hospital,15.686101,77.771275,,"Kurnool",518464
7813417224,"ABC Hospital",hospital,15.8124714,78.03755,,"Kurnool",518002
7813417226,"Sangamitra Hospitals",hospital,15.687267,77.771116,,"Kurnool",518464
7813417229,"Lakshmi Srinivasa Hospital",hospital,15.8105887,78.0375384,,"Kurnool",518002
7813417231,"Udhyoga Sri Network Hospital",hospital,15.8094485,78.0399866,,"Kurnool",518002
7813417232,"Sri Mahalakshmi Hospital",hospital,15.400502,77.876021,,"Kurnool",518222
7813417235,"Manidhar Hospital",hospital,15.3933603,77.8708443,,"Kurnool",518222
7813417240,"RSR ENT Super Speciality Hospital",hospital,15.81243,78.037946,,"Kurnool",518002
7813417242,"Manasa Eye Hospital",hospital,15.787638,78.062066,,"Kurnool",518002
7813417243,"G.N.R. Hosptial",hospital,15.8128821,78.0376678,,"Kurnool",518002
7813417248,"Agraseni Hospital",hospital,15.814784,78.042042,,"Kurnool",518002
7813417250,"Dr. Shakeer Basha Nursing Home",hospital,15.686538,77.770976,,"Kurnool",518464
7813417252,"Government General Hospital",hospital,15.6502066,77.9718471,,"Kurnool",518218
7813417253,"Vijay Care Hospital",hospital,15.806023,78.038109,,"Kurnool",518002
7813417254,"Praja Vydyasala",hospital,15.39985,77.87348,,"Kurnool",518222
7813417255,"Revathi Hospital",hospital,15.3976465,77.8736446,,"Kurnool",518222
7813417259,"Gorbi Hospital",hospital,15.814009,78.062138,,"Kurnool",518002
7813417260,"Sukheebhava Hospital",hospital,15.804557,78.0242,,"Kurnool",518002
7813417261,"Amrutha Hospital",hospital,15.8135415,78.0384286,,"Kurnool",518002
7813417265,"Mukyamanthri Aarogya Kendram",hospital,15.8045751,78.0300513,,"Kurnool",518002
7916820571,"M.B. Hospitals",hospital,17.763448,83.3106082,"Visakhapatnam",,530040
7917282168,"ApolloHospitals",hospital,17.7171444,83.3091374,"Visakhapatnam",,530002
7930495900,"HCG Cancer Centre",hospital,17.7638753,83.3057236,"Visakhapatnam",,530040
7931043211,"Star Pinnacle Heart Centre",hospital,17.7632652,83.3078391,"Visakhapatnam",,530040
7934165413,"Homi Bhabha Cancer Hospital & Research Centre",hospital,17.6898831,83.1144238,"Visakhapatnam",,530053
7938888346,"Sri venkateshwara hospital",hospital,16.5420526,81.5162855,,,
7939098203,"Avinash Ortho Trauma & Critical Care Hospital",hospital,16.5498368,81.5127893,,"West Godavari",534202
7951547049,"Ramsaranya Hospitals",hospital,17.7097535,83.3106734,"Visakhapatnam",,530002
7951595809,"Visakha Hospitals And Diagnostics",hospital,17.7202856,83.3130073,,,
7969038055,"SevenHills Hospital",hospital,17.7173631,83.3094245,"Visakhapatnam",,530002
7999688946,"St Anns Jubilee Memorial Hospital",hospital,17.6843531,83.2377236,"Visakhapatnam",,530011
8071752972,"Pulla Rao RMP Hospital",hospital,16.226483,80.6565866,,,
8113732840,"St. ANNS HOSPITAL",hospital,18.4504378,83.650366,,,
8113821631,"SRI VENKATESWARA NURSING HOME",hospital,18.7667708,83.4195983,,,
8116992452,"PMC Children Home",hospital,16.7638577,81.6867124,,,
8387034111,"Dr.Agarwals's Eye Hospital",hospital,16.7140867,81.0968327,,,
8449204199,"Primary Health Centre",hospital,18.1816558,83.2610914,,,
8490876798,"Foundation Hospital",hospital,16.9658015,82.2450283,,,
8763389376,"Sri Sanjeevini Hospital",hospital,17.0040899,81.7901351,,"Prakasham",533103
8764110005,"Government Hospital, Nagalapuram",hospital,13.3853083,79.7981355,"Nagalapuram","Tirupathi",517589
8764170439,"Government Hospital, Yerragunta",hospital,14.4950167,77.5582805,,"Ananthapur",515722
8764368682,"Government Hospital, Illuru",hospital,14.926117,77.6224148,,"Ananthapur",515611
8766745201,"Government Hospital, Palthur",hospital,14.9773003,77.1525112,,"Ananthapur",515870
8766754732,"Apple Eye Care",hospital,14.674948,77.6028246,,"Ananthapur",515001
8766755577,"Balaji Eye Care Laser Centre",hospital,14.6797754,77.6034656,,"Ananthapur",515001
8767018169,"KIMS - Saveera Hospital",hospital,14.6554959,77.5842905,,"Ananthapur",515004
8767058043,"Devi Nursing Home",hospital,14.4055774,77.7109377,,"Ananthapur",515671
8767069714,"Railway Hospital, Guntakal",hospital,15.172825,77.3664764,,"Ananthapur",515801
8767211890,"Government Hospital, Simhadri Puram",hospital,14.6243077,78.1271535,,"Ananthapur",516454
8767515310,"Amma Hospital",hospital,13.9571558,79.3508577,,"Kadapa",516101
8767527177,"Sri Sai Nursing Home",hospital,15.0030905,78.9898056,,"Kadapa",516193
8767594728,"Nandika Hospitals",hospital,14.4091112,78.2282621,,"Kadapa",516390
8767619075,"Shree Madan Multi Speciality Hospital",hospital,14.7499482,78.5479988,,"Kadapa",516360
8767637044,"Government Hospital, Bheemavaram",hospital,18.3123525,83.1223373,,"Vishakapatnam",531149
8767763195,"Suraksha Hospital",hospital,17.7396152,83.2555653,,"Vishakapatnam",530018
8767818502,"Varma Hospitals",hospital,17.7640286,83.3113995,,"Vishakapatnam",530040
8767908843,"Sai Spoorthy Hospital",hospital,17.7295406,83.309347,,"Vishakapatnam",530016
8767992101,"Government Regional Eye Hospital",hospital,17.7304744,83.3113942,,"Vishakapatnam",530016
8768007090,"LG Hospitals",hospital,17.710174,83.3045894,,"Vishakapatnam",530002
8768034019,"Omega Hospitals",hospital,17.763791,83.3124349,,"Vishakapatnam",530040
8768039075,"Medicover Hospitals",hospital,17.7638179,83.3121251,,"Vishakapatnam",530040
8768045905,"Ramsaranya Hospitals",hospital,17.7100054,83.3109067,,"Vishakapatnam",530002
8768062261,"GJ Hospitals And Trauma Centre",hospital,17.7336653,83.3324401,,"Vishakapatnam",530017
8768067733,"Sankar Foundation Eye Hospital",hospital,17.6812931,83.2159491,,"Vishakapatnam",530026
8770757336,"Area Hospital ,Kuppam",hospital,12.7458197,78.3423029,,"Chittoor",517425
8770798579,"RVS Hospitals",hospital,13.2717979,79.1198605,,"Chittoor",517127
8770799006,"Government Hospital, Kasaram",hospital,13.8734418,79.7019602,,"Chittoor",517536
8770848824,"Government Area Hospital ,Srikalahasti",hospital,13.7466555,79.7123243,,"Chittoor",517644
8771011133,"Government Hospital, Pachikapallam",hospital,13.4475717,79.3689854,,"Chittoor",517569
8771272817,"Maruti Hospital",hospital,13.6424094,79.4279243,,"Chittoor",517507
8771275101,"Balaji Orthopaedic And Trauma Hospital",hospital,13.6337672,79.4292252,,"Chittoor",517501
8771288509,"Apollo Multi Specialty Hospital",hospital,13.6355541,79.4183153,,"Chittoor",517501
8771331641,"Gopi Madhavi Hospital",hospital,13.6349572,79.4202746,,"Chittoor",517501
8771380736,"Christian Mission Hospital",hospital,13.1301952,79.1373385,,"Chittoor",517132
8771458930,"Government Hospital, Kamanur",hospital,14.7965983,78.6089922,,"Chittoor",516175
8771465641,"Government Hospital, Ponnamgur",hospital,12.6619751,78.4126968,,"Chittoor",517425
8771804423,"Capital Hospitals",hospital,16.4775151,80.7015458,,"Krishna",521137
8771824260,"Srikara Hospital ,Vijayawada",hospital,16.4976571,80.6556331,,"Krishna",520010
8771842135,"Sai Jyothi Speciality Dental Hospital",hospital,16.4977484,80.6556559,,"Krishna",520010
8771863645,"Sri Swarupa Super Speciality Hospital",hospital,16.5097724,80.6373122,,"Krishna",520002
8771887535,"Andhra Hospitals ,Machilipatnam",hospital,16.1762119,81.1251792,,"Krishna",521001
8771934169,"Annapurna Multi Speciality Hospital",hospital,16.442454,80.9949285,,"Krishna",521301
8774916002,"Best Hospital",hospital,16.5206333,80.691812,,"Krishna",521108
8774948210,"Help Hospitals",hospital,16.5082127,80.6279822,,"Krishna",520002
8774956334,"Dr T V S Clinic, Vaccination centre",hospital,16.5160779,80.6231327,,"Krishna",520003
8774994425,"INDO-BRITISH Hospital",hospital,16.5135128,80.6693244,,"Krishna",520008
8775012851,"Sankara Netra Chikitsatalaya",hospital,16.5002353,80.6558691,,"Krishna",520010
8775029485,"Primary Health Centre, Patamata",hospital,16.4905768,80.6589825,,"Krishna",520010
8775392740,"Government Hospital, Lingalapadu",hospital,16.7736225,80.22816,,"Krishna",521185
8776356173,"Government Hospital, Seethanapalli",hospital,16.3782457,81.3755778,,"Krishna",521324
8776381850,"American Oncology Institute",hospital,16.5108484,80.6322878,,"Krishna",520002
8776456281,"Harini Hospitals",hospital,16.5105505,80.6334222,,"Krishna",520002
8778003390,"Government Hospital, Chandrala",hospital,16.7666597,80.7060673,,"Krishna",521230
8778040768,"viswabharathi hospital",hospital,15.6858517,77.7714591,,"Kurnool",518464
8778079389,"Narmada Hospital",hospital,15.4775386,78.4873963,,"Kurnool",844118
8778092893,"KM Hospitals",hospital,15.8303941,78.0399254,,"Kurnool",518001
8778101077,"Sri Vijay Durga Orthopeadic Centre",hospital,15.8195803,78.0415991,,"Kurnool",518002
8778127071,"Sanjeevani Institute of Medical Sciences",hospital,15.844047,78.025766,,"Kurnool",518004
8778142222,"Government Hospital, Koilkuntla",hospital,15.2323692,78.3185908,,"Kurnool",518134
8778164333,"Government Hospital, Kolimigundla",hospital,15.0767763,78.1113982,,"Kurnool",518123
8778355031,"Government Hospital, Perusomula",hospital,15.0565147,78.2091983,,"Kurnool",518166
8778626818,"Government Hospital, Panyam",hospital,15.5062779,78.3343421,,"Kurnool",518112
8778631316,"Government Hospital, Uyyalawada",hospital,15.6283154,78.0720328,,"Kurnool",518002
8778803423,"Ameelios hospital",hospital,15.8243428,78.0148092,"kurnool","Kurnool",518003
8778814136,"KIMS Hospital",hospital,15.8134345,78.0571505,,"Kurnool",518004
8784249855,"Ammaji Pavani Memorial Super Specality Hospital",hospital,16.2962964,80.4517825,,"Guntur",522001
8784292756,"Guntur Kidney & Multispeciality Hospital",hospital,16.3044289,80.4615417,,"Guntur",522001
8784295336,"Mahatma Gandhi Institute For Comprehensive Mental Healthcare",hospital,16.2987292,80.447731,,"Guntur",522001
8784306110,"Dr. Sajja Chandramouli Hospital",hospital,15.9713578,80.5107898,,"Guntur",522124
8784318442,"Mythree Super Speciality Hospital",hospital,16.2396105,80.6496155,,"Guntur",522201
8784443637,"Star Hospital",hospital,16.239219,80.6367651,,"Guntur",522202
8784455564,"Omega Hospital",hospital,16.3037544,80.4547812,,"Guntur",522001
8784477514,"Andhra Prime Hospitals",hospital,16.2981577,80.4490587,,"Guntur",522001
8784584787,"Uday Hospital",hospital,16.3035845,80.4598331,,"Guntur",522001
8784597616,"Sri Balaji Hospitals",hospital,16.2990253,80.4505835,,"Guntur",522001
8784612672,"Suraksha Hospital",hospital,16.2971305,80.4552425,,"Guntur",522001
8784629116,"Citizen Superspeciality Hospital",hospital,16.3014053,80.4501879,,"Guntur",522001
8784652211,"Naveen Hospitals",hospital,16.2983701,80.4514392,,"Guntur",522001
8784720756,"Sri Meenakshi Childrens Hospital and Vaccination Center",hospital,16.3086714,80.4208298,,"Guntur",522006
8784742555,"C V R Hospital Multi Speciality",hospital,16.314251,80.4351233,,"Guntur",522007
8784818622,"Madhava Hospital",hospital,16.0564836,79.7405049,,"Guntur",522647
8784903864,"NIMS Hospital",hospital,16.0523659,79.7397378,,"Guntur",522647
8784971149,"Latha Children's Hospital",hospital,16.2971099,80.4451776,,"Guntur",522001
8785009127,"Likitha Super Speciality Hospital",hospital,16.2399491,80.0547297,,"Guntur",522601
8785059994,"Narayana Superspeciality Hospital",hospital,16.2989197,80.4506875,,"Guntur",522001
8785071998,"Aditya Multispeciality Hospital",hospital,16.2971562,80.4534522,,"Guntur",522001
8785105662,"Government Hospital, Rompicharla",hospital,16.2121712,79.9022582,,"Guntur",522617
8785286045,"Government Hospital, Koppunur",hospital,16.4860528,79.3356912,,"Guntur",522426
8785336877,"Government Hospital, Burripalem",hospital,16.2391546,80.7012735,,"Guntur",522202
8785359202,"Narayana Hospital",hospital,14.4463351,79.9830611,,"Guntur",524002
8785359484,"Medicover Hospitals",hospital,14.4155693,79.9589601,,"Guntur",524004
8785367865,"Government Hospital, Vinjamur",hospital,14.8335653,79.5776821,,"Guntur",524228
8787750301,"Dr Hr Smart Vision Eye Hospital",hospital,14.4494844,79.9817736,,"Nellore",524001
8790834494,"Government Hospital, Pellakuru",hospital,13.834079,79.8050613,,"Nellore",524129
8790863143,"Government Hospital, Vykuntapuram",hospital,14.9236969,79.9883571,,"Nellore",524201
8790905134,"Government Hospital, Ramathirtham",hospital,14.6459009,80.1428148,,"Nellore",524318
8790962930,"Government Hospital Kottam",hospital,17.4546845,82.4584168,,"Vizianagaram",533407
8790992838,"Government Hospital, Rakodu",hospital,18.0924766,83.3410607,,"Vizianagaram",535004
8791002553,"Government Hospital, Baguvalasa",hospital,18.5876438,83.2440881,,"Vizianagaram",535591
8791197179,"Government Hospital, Kothapatnam",hospital,15.4473172,80.1612235,,"Prakasham",523286
8791226977,"Government Hospital, Kurichedu",hospital,15.9077808,79.5818992,,"Prakasham",523304
8791401087,"Sri Lakshmi Krishan Maternity and E.N.T Hospital",hospital,16.7143046,81.1005928,,"West Godavari",534002
8791406528,"Vadlamudi Hospitals",hospital,16.9472304,81.4069721,,"West Godavari",534112
8791414823,"Sai Swetha Super Speciality Hospital",hospital,16.7514214,81.6843246,,"West Godavari",534211
8791456527,"Chaitra Hospitals",hospital,16.7081931,81.1051109,,"West Godavari",534001
8791543685,"Government Hospital, Narsapur",hospital,16.430509,81.6856684,,"West Godavari",534275
8791581236,"Government Hospital, Palakonda",hospital,18.600848,83.762995,,"Srikakulam",532440
8791587165,"Vijay College of Nursing",hospital,18.2927316,83.8809022,,"Srikakulam",532005
8791626366,"Government Hospital, Srikurmam",hospital,18.2724016,84.0026477,,"Srikakulam",532404
8793756082,"Government Hospital, Veeravallipalem",hospital,16.6879787,82.0022622,,"East Godavari",533228
8793764865,"Government Hospital, Tetagunta",hospital,17.3124547,82.4419608,,"East Godavari",533406
8793931696,"Government Hospital, Nagullanka",hospital,16.5343826,81.8713604,,"East Godavari",533249
8793974587,"Sanjivani Neuro Clinic",hospital,16.9720201,82.238929,,"East Godavari",533003
8793991717,"Janatha Hospitals",hospital,16.9719919,82.2367698,,"East Godavari",533003
8793998297,"Trust Hospital",hospital,16.9986111,82.228235,,"East Godavari",533005
8794042343,"Sunrise Hospital",hospital,16.9695548,82.2384462,,"East Godavari",533003
8794052051,"Pulse Emergency Hospital",hospital,16.9685055,82.236338,,"East Godavari",533003
8794053510,"Universal Hospitals Rajahmundry",hospital,17.0078232,81.7740767,,"East Godavari",533104
8794072842,"Sri Santhi Ent Hospital",hospital,17.0069992,81.7859146,,"East Godavari",533103
8794187894,"Surareddy Nursing Home",hospital,16.9221038,82.0129623,,"East Godavari",533345
8794188882,"Sri Vijaya Orthopedic&Super Speciality Hospital",hospital,16.761235,81.8412258,,"East Godavari",533238
8794219012,"Sri Lalitha Hospitals",hospital,16.9577791,82.2366156,,"East Godavari",533001
8794374524,"Sri Akshara Hospital",hospital,16.9668393,82.2316562,,"East Godavari",533001
8794616540,"R.S Neuro Care Hospital",hospital,17.0054712,81.7859146,,"East Godavari",533103
8794771773,"Agarwals Eye Hospital, Rajahmundry",hospital,17.0101944,81.7946371,,"East Godavari",533103
8794834832,"Gandhi Hospital",hospital,17.0058168,81.7857476,,"East Godavari",533103
8794932448,"vijay hospital",hospital,17.005475,81.782295,,"East Godavari",533101
8895080966,"Government hospital, Santhanuthalapadu",hospital,15.5400343,79.943918,,"Prakasam",523225
8895083129,"Sundara Raja Nursing Home",hospital,15.5036312,80.0416866,,"Prakasam",523001
8944554737,"L.V.Prasad Eye Hospital",hospital,15.7164537,79.2598692,,,
9144704219,"Fathima Clinic",hospital,17.0692905,80.9853836,,,534460
9462007644,"Sri Rana Hospital",hospital,16.4115364,81.0021789,"Billapadu",,521301
9627139981,"Kosuru Kidney Hospital",hospital,16.0936551,80.1580817,,,
9678960515,"Mithra hospital",hospital,16.5227234,80.6035984,,,
9748708349,"Care Hospatial",hospital,18.7461921,83.8979679,,,
9757064734,"Tirumala medicover hospitals",hospital,18.1071895,83.4011966,,,
9772561605,"Chest Hospital and Medical Store",hospital,17.7493798,83.2191542,,,
9869465481,"General Hospital",hospital,15.941521,78.5479042,,,
9885114319,Unknown,hospital,16.5859919,81.4656024,,,
9903926780,Unknown,hospital,18.3051004,83.9017529,,,
9918867429,"HARANADH HOSPITALS",hospital,18.3091471,83.8922568,"Srikakulam",,532001
9918867470,"Health Care Hospital",hospital,18.307392,83.8929727,,,
9918867471,"Meenakshi Hospital",hospital,18.307429,83.8928338,,,
9918867474,"Sun Rise Hospital Dr Boddepalli Suresh MD",hospital,18.3082081,83.8928967,,,
9924615989,"Sri Rama Nursing Home",hospital,17.1774358,81.6963013,,,
10170979790,"Avvaru Hospital",hospital,14.4759479,78.8232175,,,
10171010692,"Sri Sri Holistic Hospital",hospital,14.4747092,78.8241544,,,
10171010693,"Livin Diagnostics",hospital,14.4764294,78.8244624,,,
10171010698,"Jagadeesh Neuro Care",hospital,14.4703729,78.823668,,,
10171010708,"Arunachala Hospital",hospital,14.4682418,78.8225659,,,
10171010709,"Dr Dinesh Gastro Liver Endoscopy Center",hospital,14.4682385,78.8231,,,
10171010727,"Government Veterinary Poly Clinic",hospital,14.4677754,78.8237346,,,
10171081027,"7star Hospitals",hospital,16.9558446,82.234443,,,
10211304342,"Sri Rama Hospital",hospital,16.3173786,80.4371552,,,
10614341811,"Vijaya nursing Home",hospital,17.2878804,82.1072318,,,
10628562949,"Apollo Hospitals",hospital,16.4680613,80.2592848,,,
10829093879,"Jarjangi Primary Health Center",hospital,18.5018507,84.1301997,"Jarjangi Kotabommali Srikakulam Andhrapradesh",,532195
10836192140,Unknown,hospital,18.295687,83.885673,,,
10836248296,"GangiReddy Hospital",hospital,14.413107,78.2337597,,,
10892780888,"Eye Hospitals",hospital,17.809861,83.2082462,"visakhapatnam",,531173
10895507025,Unknown,hospital,16.5280203,80.6689271,,,
10931517838,"Lalitha super specialities hospital",hospital,16.295239,80.4496181,"Guntur","Guntur",522001
10958959912,"Rainbow hospital",hospital,16.2922442,80.4472521,,,
11029746556,"Gorlavaripalem animal hospital",hospital,16.3582761,80.4047037,,,
11031603819,"Sanjeevani Hospital",hospital,16.7557526,81.6739952,"Tanuku",,534211
11103964977,"Sri Narayani Vidhyalayam",hospital,17.1724199,82.0519383,"Jaggampeta","East Godavari",533435
11103987720,"SRI SAI HOSPITAL",hospital,17.17225,82.0528762,"Jaggampeta","East Godavari",533435
11104093378,"Karthikeya Multispecality Hospital",hospital,17.1729112,82.0544603,,,
11192809446,Unknown,hospital,13.909241,78.1595938,,,
11204210643,"GOWTHAMI RASAYANASALA",hospital,15.9021512,80.457982,,,
11245062695,"Government Hospital , Kotabommali",hospital,18.5191182,84.1479063,,,
11245062713,"Government Veternary Hospital",hospital,18.5188571,84.150993,,,
11383511961,"Government Fever Hospital",hospital,16.3304479,80.4377539,,,
11384942485,"YSR Public Hospital",hospital,18.3055415,83.9025446,,,
11472587982,"Sub-centre Odalarevu",hospital,16.4250669,81.9643812,,,
11504889354,"Visvam Healthcare Center",hospital,17.9582444,83.2171766,,,
11541799780,"Hope",hospital,18.305951,83.8933425,,,
11570555686,"Accura Diagnostics",hospital,16.5156518,80.6395845,,,
11571990784,"Noble Hospitals",hospital,16.5070607,80.6456878,,,
11572978868,"Ferti CARE",hospital,16.5069157,80.6439803,,,
11573018969,"Tenet Diagnostics",hospital,16.5068876,80.6440303,,,
11583276215,"Astor Ramesh Hospitals",hospital,16.5029057,80.6390338,,,
11591643871,"Governement Hosipatal",hospital,16.4467837,80.6324002,,,
11593950501,"Global Multi Speciality Hospital",hospital,16.5111816,80.6186829,,,
11601697518,"TEAM",hospital,16.9865457,82.2391178,"kakinada","KAKINADA CITY",533003
11609626426,"Dr.Mohan's Diabetes Specialities Centre",hospital,17.7251141,83.3147147,,,
11687222929,"Sri Vyshnavi",hospital,16.3149114,80.4694027,,,
11690446188,"AMG Hospital",hospital,17.7414668,83.3118352,,,
11690643001,"Apollo Hospitals",hospital,18.3878782,83.880154,,,
11691300744,"Anu Institute of Neuro And Cardiac Sciences",hospital,16.5195689,80.6950934,"vijayawada","Krishna",
11694143021,"Sri Krishna Hospitals",hospital,16.0855547,80.160453,,,
11696804012,"Dr.Anusha kattula-Pediatric cardiologist institute",hospital,16.5158625,80.702686,,,
11697416882,"Vamsi Heartcare",hospital,16.5113899,80.6385254,,,
11697633213,"Anil Neuro & Trauma Centre",hospital,16.516873,80.6424773,,,
11711398033,"Children Multi Speciality Hospital",hospital,17.899753,83.1881834,,,
11739175621,"goverment hospital machavaram",hospital,15.366704,79.4845166,,"Prakasam",523230
11740567974,"Medicover Hospitals",hospital,17.7478206,83.3318795,,,
11763432207,"Goverment Hospital Machavaram",hospital,15.3666596,79.4845558,,,
11766161373,"pet clinic",hospital,16.5767023,80.6838045,,,
11851269089,"Suneetha Hospital Dr V Anand Rao",hospital,17.7401303,83.2535864,,,
11885839717,"Nagapalla Praja Vaidyasala",hospital,17.4367269,81.7797931,,,
11919150813,"Lakshmi Sai Gastro Heart Skin and Maternity Clinic",hospital,15.8136768,78.039145,"KURNOOL","Kurnool",518002
11937160753,"Sri Ganesh Hospital",hospital,13.5377424,79.4766479,,"Tirupathi",
11947290739,"Hospital",hospital,18.8369456,83.5998882,,,
11980751353,"Medical Shop",hospital,16.4826455,80.5758471,,,
11982928371,Unknown,hospital,14.972076,79.6605172,,,
11982928434,Unknown,hospital,14.9720244,79.6605712,,,
11983467064,Unknown,hospital,15.8116924,78.0396329,,,
11989994089,"Ayushman hospital",hospital,15.8371131,78.0261642,,,
11991759065,"Sv Clinic",hospital,15.4878304,78.4804584,,,
11994810080,"hospital",hospital,15.8355491,78.0320681,,,
12001964889,"Sri Lakshmi",hospital,16.2850709,80.4406528,,,
12011180819,"Dr. Hr Smart vision eye Hospital",hospital,14.4494986,79.9817726,"nellore","SPSR Nellore",524001
12082870709,"Joy Hospital",hospital,15.5008216,80.0531114,,"Prakasam",523001
12092861101,"Joy Hospital",hospital,15.5008303,80.0532278,,,523001
12104409277,"Clinic",hospital,18.1299339,83.4820415,"Saripalli","Viziznagaram",535218
12123662048,"Chinnapuram Hospital",hospital,16.1768674,81.1273597,,,
12123789506,"Rammurthy (rmp) hospital",hospital,16.1936232,81.0549064,"Rayavaram","Krishna",
12171280218,"Dr PREM HEART & CHILD SUPER SPECIALITY HOSPITAL;DR Prem Heart & Child super speciality hospital",hospital,16.1758543,81.1277477,"Machilipatnam","Krishna",521001
12171280219,"Venkateswara Thalli-Pillala Hospital",hospital,16.1759527,81.1276587,"Machilipatnam","Krishna",521001
12171280232,"Nallini Medical Store",hospital,16.1756787,81.128158,"Machilipatnam","Krishna",521001
12171280233,"Nursing Home",hospital,16.1757547,81.128083,"Machilipatnam","Krishna",521001
12171280238,"Sri Guru Raghavendra Medical and Fancy Stores",hospital,16.1764263,81.1273576,,,
12171280241,"Sri VenkataRamana Hospital",hospital,16.1768024,81.1268792,,,
12171280242,"Adhitya Medicals",hospital,16.1769931,81.1266723,,,
12174205248,"sairam",hospital,16.1829469,81.1241424,,,
12174205259,Unknown,hospital,16.1823724,81.1279395,,,
12213464286,"Sai Clinic",hospital,17.8046265,83.2093877,,,
12213464390,"Saadhana Hospitals",hospital,17.8009047,83.2105594,,,
12213911037,"Surabhi Clinics",hospital,17.8032146,83.2092659,,,
12213911077,"Sarat Chandras Speciality Clinic",hospital,17.8024276,83.2094537,,,
12251921556,"Mallikarjunarao Hospital",hospital,16.1869567,81.1337927,,,
12251969147,Unknown,hospital,16.1830122,81.1326308,,,
12252212631,"Madhu Super Speciality",hospital,16.1856606,81.1307855,,,
12252407638,"Sai Sri Ram Hospitals",hospital,16.1899041,81.1335482,,,
12252527618,"Sunflower childrens clinic",hospital,17.8972279,83.185985,,,
12253041953,"RUSHI CARE HOSPITAL",hospital,15.9075268,80.4761434,,,
12254377954,Unknown,hospital,16.5174111,81.7314516,,,
12254524757,"Ravi Dental Hospital",hospital,16.1838183,81.1360897,,,
12254719436,Unknown,hospital,16.1778959,81.1335131,,,
12254752374,"LV Prasad Hospital",hospital,16.1222938,81.0542409,,,
12257908002,"Varun Gastro & Liver care",hospital,17.0052873,81.7828325,,,
12270522002,"Ravi Chaitanya Kidney And Children's Hospital",hospital,17.0199901,81.7778139,,,
12270870691,"Dr Mohans International dentist hospital",hospital,17.0052336,81.7846816,,,
12270870694,"London IVF",hospital,17.0050831,81.7853301,,,
12270882990,"Raksha Hospital Grounds",hospital,17.0058595,81.7850352,,,
12270884097,"Jupiter hospitals",hospital,17.0062738,81.7864526,,,
12270888472,"Kify Hospitals",hospital,17.0058743,81.7840843,,,
12310914428,Unknown,hospital,16.0403047,80.3529644,,,
12313522373,Unknown,hospital,17.2864946,82.5794857,,,
12313953540,Unknown,hospital,15.2464926,78.4765249,,,
12316733885,Unknown,hospital,17.0437827,81.8439277,,,
12317238834,Unknown,hospital,15.6931916,80.2748203,,,
12317914527,Unknown,hospital,17.3514976,82.5072761,,,
12402127294,"Visishta",hospital,16.3215205,80.4771138,,,
12425519485,"Makena Hospitals",hospital,16.5118223,80.6322755,,,
12470766214,"Dr BV Adinarayana Childrens Specialist",hospital,17.7350078,83.2719764,,,
12484748002,"Regulapadu Primary Health Center",hospital,18.4985116,84.0968327,,,
12531593373,"Ayushman arogya mandir",hospital,17.729599,83.3294672,,,
12593022363,"Transmitter",hospital,16.2050563,79.8210361,,,
12593022368,"Reciever",hospital,16.2058266,79.8193199,,,
12595857852,"Dr.shaik homeopathy hospitals",hospital,14.0607335,78.7484393,,,
12596111390,"sri hospitals",hospital,14.058776,78.7487582,,,
12596128972,Unknown,hospital,16.9683708,82.2415822,,,
12596129482,Unknown,hospital,16.9658397,82.2451468,,,
12596133159,Unknown,hospital,16.9719557,82.2405815,,,
12596223754,Unknown,hospital,16.9577802,82.2365804,,,
12596231366,Unknown,hospital,16.9609897,82.2284244,,,
12596234189,Unknown,hospital,16.9700099,82.2382406,,,
12596244509,"sree harshitha maternity and general hospital",hospital,14.4767869,78.8249681,,,
12596255224,Unknown,hospital,16.966884,82.2317186,,,
12596260296,Unknown,hospital,16.9720131,82.2389334,,,
12596274694,Unknown,hospital,16.9788404,82.2285385,,,
12596277705,Unknown,hospital,16.9837008,82.2404494,,,
12596283989,"sunkesula hospital",hospital,16.8180302,81.5271716,"Tadepalligudem","West Godavari",534101
12596286200,"Mallikarjun hospital",hospital,15.5449828,80.1134406,,,
12596297452,"sri vaibhav hospital",hospital,16.8149642,81.524028,"tadepalligudem","West Godavari",534101
12596300627,"RR hospital",hospital,16.8184747,81.5217992,"tadepalligudem","West Godavari",534101
12596333761,"chandamama hospital",hospital,16.4769674,79.4365176,,,
12596336346,"blood bank",hospital,16.299102,80.4493672,,,
12596348381,"vaishnavi hospital",hospital,16.8097089,81.5301594,"Tadepalligudem","West Godavari",534101
12596368922,"JSK eye hospital",hospital,16.8186594,81.5218206,"tadepalligudem","West Godavari",534101
12596454775,"Aluri Multispeciality Hospital",hospital,15.5113164,80.0419629,,,
12596495884,"SRI PRASANTHI HOSPITAL AND TEST TUBE BABY CENTRE ONGOLE",hospital,15.511401,80.0408215,,,
12597197765,"ADITHYA GENERAL HOSPITAL ONGOLE",hospital,15.5112795,80.0398725,,,
12597526344,"Pulmo Care Hospitals",hospital,15.512346,80.04029,,,
12597531762,"PUNNAMI HOSPITAL",hospital,15.5123604,80.0404563,,,
12597536178,"Pandu Children and Multispecialty Hospital",hospital,15.5114136,80.0402368,,,
12597543136,"childrens clinic",hospital,16.3020251,80.441642,,,
12597545418,"Santhi Skin and Children’s Hospital",hospital,15.5122866,80.040007,,,
12597545978,"pratush children hospital",hospital,16.3003702,80.4447877,,,
12597548367,"Krishnachaitanya Hospital ongole",hospital,15.5113371,80.0399155,,,
12597549596,"mrg hospital",hospital,16.3141783,80.4137861,,,
12597553882,"sri sai nursing",hospital,16.3008211,80.4452532,,,
12597556256,"Prakasam Super Speciality Hospital",hospital,15.51177,80.0403918,,,
12597559294,"sri ram nursing",hospital,16.3008171,80.4452961,,,
12597570961,"vijaya hospital",hospital,16.3087987,80.4369426,,,
12597579669,"SRI SURYA SUPER SPECIALITY HOSPITAL",hospital,15.511536,80.0400444,,,
12597580975,"APIC Hospital - Best Diabetes & General Hospital in Ongole |Female General Physician |Fever Treatment",hospital,15.5121813,80.0402527,,,
12597584724,"Sai sashini Multi-speciality hospital",hospital,15.5114883,80.0398286,,,
12597588357,"radha micro dental",hospital,16.3149945,80.4159574,,,
12597589502,"Ravi Teja Chest Hospital",hospital,15.5114298,80.0395867,,,
12597590628,"Sairupa Sugar Hospital Footcare & Thyroid center ongole",hospital,15.5114325,80.0397175,,,
12597598519,"adihthiya clinic",hospital,16.3097886,80.4366158,,,
12597602832,"sai hostel",hospital,16.3132641,80.4374625,,,
12597603432,"natayana hospital",hospital,16.3108031,80.4384877,,,
12597662360,"kishore dental care",hospital,16.5051781,80.6443357,,,
12597703836,"radha micro dental",hospital,16.3150445,80.4159436,,,
12597704821,"mgr hospital",hospital,16.3141491,80.4137907,,,
12625472650,"RMP hospital",hospital,16.4826553,80.576576,,,
12625472655,"RMP hospital",hospital,16.4825818,80.5763245,,,
12625474819,"Government Hospital",hospital,16.2773208,80.4525854,,,
12625499791,"Sri Ram Hospitals",hospital,16.5042048,80.6294522,"Vijayawada",,520013
12633726847,"hospital",hospital,16.8097589,81.5301991,,,
12633755778,"hospital",hospital,16.8216924,81.538888,,,
12633791004,"hospital",hospital,16.8054004,81.5286695,,,
12633804403,"lv prasad hospital",hospital,16.8172082,81.4211962,,,
12690409495,"Jabelli hospitals",hospital,16.4771541,80.7101877,,,
12696077765,"naveen (eye) hospital",hospital,14.6255087,79.6235832,,,
12696088623,"abiram hospitals",hospital,14.62562,79.622817,,,
12768439910,"Lifeline",hospital,16.327022,80.4539312,,,
12816060801,"Siva Kumar Children's Hospital (Paediatric Surgery)",hospital,14.4430989,79.9781344,,,524003
12852387003,"Anvitha Arthritis and Rheumatology Centre",hospital,16.5086316,80.641635,,,
12852732026,"Vidalia Hospitals",hospital,16.5078952,80.6404131,,,
12852900663,"Radhika Children Hospital",hospital,16.5107728,80.6386073,,,
12852900811,"Sai Durga ChinnaRi Children's Hospital",hospital,16.5108023,80.6386172,,,
12852910789,"Sandeep Hospital",hospital,16.5107886,80.6386107,,,
12852943041,"Lingerie Gastero Hospital",hospital,16.5114639,80.6385809,,,
12852948091,"Assure Hospitals",hospital,16.5116907,80.6388707,,,
12852971841,"DermaCare",hospital,16.5120284,80.6387381,,,
12860452444,"Rachana Eye Hospital",hospital,15.9015795,80.4677548,,,
12860770721,"Wins Hospital",hospital,15.9057821,80.4746881,,,
12864001239,"Santhi Endocrine & Diabetes Hospital",hospital,16.4979046,80.6570185,,,
12864012503,"Siva Sai Eye Hospital",hospital,16.4984518,80.656845,,,
12865269190,"E.N.T Care Centre",hospital,16.2970071,80.448002,,,
12865277893,"Sri Lakshmi Speciality Hospital",hospital,16.2930016,80.4386625,,,
12865296572,"Lalitha Super Speciality Hospital",hospital,16.2954984,80.4493833,,,
12865311235,"Government General Hospital S.O",hospital,16.2995582,80.4437719,,,
12868292144,"Dr. Samaram",hospital,16.4943453,80.6570457,,,
12868351994,"Vascular Surgeon Dr.Narendranadh Meda",hospital,16.4890938,80.6555786,,,
12868355880,"Krupa Multi Speciality Dental Hospital",hospital,16.4893245,80.6557801,,,
12870968165,"Siddhardha Multi Speciality Dental Hospital",hospital,16.49768,80.652943,,,
12871683207,"Varun Health Centre",hospital,16.4995588,80.6525669,,,
12872899789,"Jhansi Nursing Home",hospital,16.5029702,80.6413781,,,
12873256282,"Lakshmi Clinic",hospital,16.5063676,80.6399817,,,
12873280773,"Bhargav Nursing Home & Eye Hospital",hospital,16.5064362,80.6397034,,,
12873316248,"Citi Orthopaedic Centre",hospital,16.5074051,80.6404021,,,
12873324105,"Blossoms Children Hospital",hospital,16.5070399,80.6403176,,,
12873337877,"Vignesh Hospitals",hospital,16.5075705,80.6407685,,,
12873339824,"Hrudaya Hospital",hospital,16.5089168,80.640499,,,
12873570790,"VGR Diabetes",hospital,16.505836,80.6467336,,,
12874706910,"Uday hospital",hospital,16.3172159,80.4716503,,,
12875473901,"Dr.Suma Varsha Thota Fertility Hospital",hospital,16.5028795,80.6586062,,,
12875558042,"Dr.PV's Cosmetology & Dental Clinic",hospital,16.5035356,80.6666985,,,
12875609943,"Satya Sai Dental Clinic",hospital,16.5033617,80.6669118,,,
12875636474,"Vikram Hospital",hospital,16.5028199,80.6681952,,,
12911921397,"PHC , Labburu",hospital,18.4407065,82.5142133,,,
12949903701,"Sriya Hospitals",hospital,16.2970612,80.4441166,,,522001
12991034095,"Siva Pradhama Chikitsa Shala",hospital,16.4960504,80.6919502,,,
12991066210,"Sri Ananta Hospital",hospital,16.4757225,80.7073379,,,
12991124615,"Diya Speciality Hispital",hospital,16.5097596,80.7192632,,,
12991243608,"Akshara Mother And Child Hospital, Dr.venkata Rama ParvatheneniShiridi Nagar,old Age Home Road",hospital,16.4958371,80.6900952,,,
12991570007,"Naturals",hospital,16.4755916,80.7076391,,,
12992057841,"PR multi speciality hospital",hospital,16.4938463,80.690136,,,
12992057843,"Tatineni dentist care",hospital,16.4920635,80.6892413,,,
12992057845,"Lakshmi kancharla hospital",hospital,16.4910864,80.6892363,,,
12992450723,"Health Diagnostic , Your Health Is In Your Hands",hospital,16.5199616,80.6932758,,,
12992712257,"KIMS Hospitals",hospital,17.7373995,83.3353795,,,
12992909405,Unknown,hospital,16.5128258,80.6392964,,,
12993526890,"Cancer Hospital",hospital,16.523767,80.6551721,,,
12993599064,"Ground",hospital,16.5094307,80.7209394,,,
12993603239,"Riya Super Speciality Ortho Hospital",hospital,16.4897272,80.6764844,,,
12993616272,Unknown,hospital,16.508935,80.72245,,,
12993616282,Unknown,hospital,16.5093159,80.720999,,,
12993618154,"Dental Hospital",hospital,16.4761497,80.7056054,,,
12993618174,"Jablli Hospital",hospital,16.4770922,80.7100533,,,
12993627316,"Hospital",hospital,16.5092796,80.7209495,,,
12993628454,"Sree V Hospital",hospital,16.4764845,80.7057251,,,
12993628554,"Jabili",hospital,16.4773724,80.7072427,,,
12993629049,Unknown,hospital,16.4757892,80.7049585,,,
12993629165,"Jabilli Hospital",hospital,16.4764157,80.7095028,,,
12993629985,"Jabelli Hospitals",hospital,16.4770404,80.710073,,,
12993631233,"Sree V Hospital",hospital,16.4765154,80.7055784,,,
12993639429,"Siva",hospital,16.5076576,80.7202006,,,
12993643566,"Suguna Dental Hospital",hospital,16.4780858,80.7085422,,,
12993650564,"Mounika Hospital",hospital,16.4925098,80.6781502,,,
12993650953,"Sarojini Physiotherapy And Rehabilitation Clinic",hospital,16.476382,80.7079698,,,
12993650958,"Manju Clinic",hospital,16.4776461,80.7071323,,,
12993683891,Unknown,hospital,16.4776462,80.7072758,,,
12993685330,"Sarojini Physiotherapy",hospital,16.4762751,80.7092261,,,
12993700352,"Jabilli",hospital,16.476768,80.7078325,,,
12993721255,Unknown,hospital,16.4770906,80.710051,,,
12993808279,"Aayush Hospital",hospital,16.5177108,80.6751221,,,
12994108460,"Government Hospital",hospital,16.538908,80.7984789,,,
12994186671,Unknown,hospital,16.5091852,80.7208174,,,
12994243862,"Nri Hospital",hospital,16.4146001,80.5573324,,,
12994416560,"Dr.K.V.Reddys Dental Hospital",hospital,16.4988931,80.6383144,,,
12995277014,"St.Ann's Hospital",hospital,16.5044235,80.6314753,,,
12995749451,"Sudha Hospital",hospital,16.4831153,80.6180388,,,
12995749452,"Sudha",hospital,16.4831153,80.6180388,,,
12995752820,"Manipal multi speciality Hospital",hospital,16.4843841,80.6168879,,,
12996110302,Unknown,hospital,16.533704,80.6280444,,,
12996872640,"Dr.Bhavya's Dental Hospital",hospital,16.4845228,80.686197,,,
12997685797,"Dhanvantri charitable trust hospital",hospital,16.6286568,80.5782502,,,
13001406927,"Heart & Brain Institute",hospital,16.5108624,80.6318899,,,
13001406931,"Sentini City Hospital",hospital,16.5116739,80.6330133,,,
13001406939,"American Cancer Care",hospital,16.5099662,80.6377475,,,
13013131791,"Anil Nurieo Taruma Center",hospital,16.5168669,80.6424689,,,
13013158543,"Purma Heart Institute",hospital,16.5125919,80.6379956,,,
13021152390,Unknown,hospital,16.518932,80.6926108,,,
13021159300,Unknown,hospital,16.5189299,80.6926119,,,
13086218032,"Medical Shop",hospital,16.8126705,81.3639052,,,
13086218050,"Hospital",hospital,16.8089824,81.3657965,,,
13086302871,"Hospital",hospital,16.8098179,81.3665509,,,
13086302878,"Medical shop",hospital,16.8089637,81.3664089,,,
13086302879,"Medical shop",hospital,16.8107502,81.365861,,,
13086311446,"Medical shop",hospital,16.8194779,81.5505779,,,
13086312710,"medical shop",hospital,16.8016334,81.6423774,,,
13086312835,"medical shop",hospital,16.5473558,81.7622305,,,
13086358684,"mediplus",hospital,16.9615633,82.0485485,,,
13086376077,"Medical Store",hospital,16.7820375,81.523555,,,
13086442545,"Koteswara rao medical shop",hospital,16.5250361,81.6936918,,,
13086464029,"Medical Shop",hospital,16.5251919,81.6938084,,,
13086490142,"clinic",hospital,16.6023174,81.8111234,,,
13086490143,"specticles shop",hospital,16.6023925,81.8096251,,,
13088162433,"medical shop",hospital,16.7543389,81.6747711,,,
13088186349,"Sruthii Hospital",hospital,16.1757759,81.1276898,,,
13088190908,"Life Hospital",hospital,16.7578451,81.6833765,,,
13088190912,"United Scanning Center",hospital,16.7573728,81.6831662,,,
13088196457,"Veterinary Hospital",hospital,16.7390549,81.6626775,,,
13088326293,"NImmagadda Hospitals",hospital,16.7626173,81.6845849,,,
13088351808,"hospital",hospital,16.8124794,81.3639873,,,
13088394774,"Sri Supraja Hospital",hospital,16.7515936,81.679101,,,
13088449127,"General Hospital",hospital,16.1776054,81.1263849,,,
13088459820,"Hospital",hospital,16.1766826,81.1257938,,,
13088459867,"Medical shop",hospital,16.1775325,81.1266452,,,
13088487766,"Mediplus",hospital,16.1768761,81.1260217,,,
13108171657,"Indus Hospitals",hospital,17.7625271,83.3075353,,,
13108171659,"Narayana Medicity",hospital,17.7621246,83.3119581,,,
13120547790,"Sri Chakra Hospital",hospital,15.8161519,78.0246341,,,
13179757889,Unknown,hospital,18.12122,83.3988974,,,
13179763134,Unknown,hospital,18.1155895,83.402252,,,
13179802591,"Kashvi Multispeciality Hospital",hospital,18.1029863,83.4084977,,,
13179825649,"Sanjivani Hospital",hospital,17.7403603,83.2464417,,,
13179906382,"lakshmi clinic",hospital,17.009316,81.7759557,,,
13183468478,"Global Health Care Hospital",hospital,18.1056382,83.4081564,,,
13183495911,"MIMS",hospital,18.111961,83.4085987,,,
13204632652,"Gandhi",hospital,17.7989437,83.3963328,,,
13204637343,"forest",hospital,17.7952383,83.3893022,,,
13204638818,"forest",hospital,17.7953651,83.3890616,,,
13204639275,"hospital",hospital,15.7818175,80.3070018,,,
13204639830,"forest",hospital,17.7989074,83.3882361,,,
13204687764,"Government Hospital",hospital,14.4206132,79.9568243,,,
13204690116,"khasim hospital",hospital,16.5203234,80.6025486,"vijayawada","Krishna",520012
13204717851,"govt medical college grounds",hospital,14.4256107,79.9627632,,,
13205875229,"Apollo Hospitals",hospital,16.3080244,80.4325945,"guntur","Guntur",522002
13260574762,Unknown,hospital,15.412468,77.4812234,,,
13260754781,"madhu hospital",hospital,15.621667,77.2777508,,,
13260754782,"Bavana Hospital",hospital,15.6214519,77.2779726,,,
13261130125,"Sanjeevayya Hospital",hospital,15.4776542,77.3899293,,,
13281158467,"Geetha Eye & Orthopaedic Hospital",hospital,17.6872398,83.0127619,,,
13343853039,Unknown,hospital,18.2814844,83.3371438,,,
13369321117,"Primary Health Center Kothavalasa",hospital,17.900578,83.1897275,,,
13436916177,Unknown,hospital,13.386367,79.7937919,,,
13449330477,"Anil Children's Hospital",hospital,16.235898,80.6522303,,,
13518977007,"American hospital",hospital,16.0623779,80.5497034,,,
13519505003,"Sri Suryanarayana Hospital",hospital,16.8570572,81.9249109,,,
13686145283,"DMHO Office",hospital,14.6723664,77.5957801,,,
13686154476,"Mark heart hostipal",hospital,14.6757935,77.6020613,,,
13686179017,"Hudraya hospital",hospital,14.6744048,77.6024001,,,
13686325216,"SSS women,s clinic",hospital,14.6673115,77.5944145,,,
13690117222,Unknown,hospital,18.3949433,83.6127466,,,
13697892733,"Dental Hospital",hospital,16.3078817,80.4375601,,,
13703071976,Unknown,hospital,17.7161878,83.3072753,,,
13703652259,"Rise Hospital",hospital,17.6846933,83.2022417,,,
13737472488,"mamatha",hospital,17.3550306,82.5443345,,,
13737474459,"Aayush Hospitals",hospital,16.7201778,81.0920334,,,
13800470090,"Urban Primary Health Center Dondaparthy",hospital,17.7291423,83.3007641,,,
13800586719,Unknown,hospital,16.2981107,81.0520064,,,
13830717501,"JMJ Healthcare and Snake Bite treatment Centre",hospital,13.2247113,78.6196627,,,
13935471971,"Government Hospital",hospital,15.4151488,79.9258024,,,
13953428868,"PHC Downuru",hospital,17.7670545,82.5359051,,,
14058659401,"Arya Vaidya Sala Kottakkal",hospital,16.510167,80.623642,,,
14058659404,"Keeraleeya Ayurveda Hospital",hospital,16.5139438,80.6371573,,,
100113792,"Government Medical College and Hospital",hospital,16.2983569,80.4429755,,"Guntur",522001
143857867,"RISDT Referral Hospital",hospital,17.2440466,82.357615,,,
154894772,Unknown,hospital,16.8779536,80.0179889,,,
171402341,"Vijaya Hospital",hospital,17.7440662,83.335149,,,
193860366,Unknown,hospital,15.7818147,80.3069991,,,
195795401,"Sri Sathya Sai Institute of Higher Medical Sciences",hospital,14.1505006,77.7753264,,,
198879112,"Annapurna Hospitals",hospital,17.0190228,81.7757014,"Rajahmundry",,533104
201485971,"General Hospital",hospital,14.4252472,79.9623399,,,524004
205584879,"DR.RAMA'S INSTITUTE FOR FERTILITY",hospital,17.0150338,81.7811457,,,
224474117,"King George Hospital",hospital,17.7082562,83.3056478,,"Visakhapatnam",530002
238315545,Unknown,hospital,14.477103,78.8336265,,,
238318983,Unknown,hospital,14.4754672,78.8268456,,,
238321368,"RIMS Hospital",hospital,14.433787,78.8637614,,,
265074734,"Primary Health Centre,Kallur Mandal",hospital,15.8176667,78.0281411,,,
265081625,"Gowri Gopal Hospital Pvt Ltd",hospital,15.8247043,78.0412163,,"Kurnool",518002
265165974,"Kurnool Heart And Multi Speciality Hospital",hospital,15.8143016,78.0438124,,"Kurnool",518002
265410660,Unknown,hospital,15.8357392,78.0423937,,,
278768289,"District Hospital, Dh Proddatur",hospital,14.7418375,78.5510959,,"Kadapa",516362
278781009,"Kamala Hospital",hospital,18.305089,83.9006714,,,
278781137,"Sanjeevini Hospital",hospital,18.3053535,83.8967526,,"Srikakulam",532001
278781138,"hospital",hospital,18.3057861,83.9002934,,,
278801642,"Arunodaya Hospital",hospital,18.3063274,83.8932919,,"Srikakulam",532001
279711113,"Government General Hospital",hospital,16.5130963,80.6187886,,"Krishna",520008
280454610,"Dr. Ramalakshmi Nursing Home",hospital,13.2167749,79.0984287,,"Chittoor",517001
280454634,"miunicipal metarnity center",hospital,13.2184778,79.0987723,,,
280454637,"preetham hospetal",hospital,13.2182439,79.0994985,,,
280460629,"Cholera Hospital",hospital,16.5354002,80.6138511,,,
320914929,"Atthili hospital",hospital,17.0103466,81.7720343,,,
321648429,"Dispensary",hospital,15.3744131,79.9420248,"Koru Uppalapadu",,523279
341411146,"AP SUPERSPECIALITY DENTAL HOSPITAL",hospital,16.5091234,80.6408977,,,
341412486,"AP SUPERSPECIALITY DENTAL HOSPITAL",hospital,16.5097434,80.6412108,"VIJAYAWADA","NTR",520010
341424346,"Praja Vaidyasala,",hospital,16.5103034,80.634133,"Vijayawada","NTR",520002
342931256,"Sentini Hospitals Pvt Ltd",hospital,16.5097845,80.6647068,"Vijayawada","Krishna",520008
342956510,"Pattana Vaidyasala",hospital,16.5036622,80.6492071,"vijayawada","NTR",520010
343150091,"Ankur Hospital",hospital,16.5033501,80.6517323,,,
345512976,"Sree Orthopaedic Hospital",hospital,16.0670179,80.5515126,"Ponnur","Guntur",522124
363072500,"Ashwini Hospital",hospital,13.6773225,79.3486223,,,
386675746,"M.V.P. Hospital",hospital,17.7421472,83.3351812,"Visakhapatnam","Visakhapatnam",530017
389137565,"Sevenhills Hospital Ltd.",hospital,17.7172639,83.3095717,,"Visakhapatnam",530002
389325723,"Apollo Heart Hospital",hospital,17.7171049,83.3091862,,"Visakhapatnam",530003
402585050,"Government Hospital",hospital,17.7233764,83.3310329,,"Visakhapatnam",530003
402612183,"visakha Eye hospital Old",hospital,17.7320776,83.3324234,,,
403044123,"Rainbow Children's Hospital",hospital,16.5177432,80.6740733,"Vijayawada",,520008
403294303,"PVR Hospitals",hospital,16.4953452,80.6621292,,,
403579547,"Ayush Hospital",hospital,16.5175744,80.6751606,"Vijayawada","Krishna",520008
408933562,"Dr Ramesh Super Speciality Hospital",hospital,16.505794,80.6600745,"Vijayawada","Krishna",520008
410160116,"KK Hospitals - Best Urology Hospital in Vijayawada",hospital,16.5099274,80.6427101,"VIJAYAWADA","NTR",520010
410455220,"sims",hospital,16.3097799,80.4621983,,,
411627427,"Apollo Hospitals",hospital,16.3080166,80.4326034,,,
411911376,"Bmr Hospitals",hospital,16.3035485,80.4405265,,"Guntur",522002
411924353,"Urban Health Centre, Bongaralabeedu",hospital,16.30558,80.4482763,,,
412323470,"St Joseph General Hospital",hospital,16.2976322,80.4408194,,"Guntur",522004
413522984,"Government Hospital",hospital,16.2773153,80.4525785,,,
416003752,"Brahmanandam Orthopaedic Nursing Home",hospital,16.5113218,80.6388094,"VIJAYAWADA","NTR",520002
416003754,"Sandeep Hospital | Allergy, Critical Care, Lung and Sleep Medicine Center",hospital,16.5108422,80.6386654,"VIJAYAWADA","NTR",520002
416471170,Unknown,hospital,16.8440043,81.6887565,,,
417272936,"Akshara Speciality Hospitals",hospital,16.541736,81.5013447,,"West Godavari",534204
420494606,"Sacred Heart Hospital",hospital,16.4432623,80.9911228,,"Krishna",521301
439102241,"Tanuku Government Hospital",hospital,16.7543859,81.6846872,,,
457036954,"Stadium",hospital,13.6458422,79.4124149,"Tirupati",,517501
478411541,"SHKVPB Hospital",hospital,16.356086,80.5023863,"Guntur",,522509
487481615,"SRI HOSPITALS",hospital,16.9727639,82.2382066,"KAKINADA",,533003
487644143,"GAYATRI MEDICAL COLLEGE",hospital,17.8309516,83.3610652,"visakhaptnam",,530048
491327166,Unknown,hospital,14.0572776,78.7455446,,,
517761255,"simhachalam hospitals",hospital,16.5385324,81.5287737,"Bhimavaram",,534201
520578421,"AU North Campus Dispensary",hospital,17.7273056,83.3207993,,,
521013578,"Visakhapatnam Steel General Hospital",hospital,17.6631126,83.1441416,"Visakhapatnam","Visakhapatnam",530032
530036508,"Children Hospital",hospital,17.14815,82.1643938,"Divili",,533433
540203253,"Government Hospital",hospital,16.2445515,80.6312927,"tenali",,522202
545177115,"St.Ann's Jubilee Memorial Hospital",hospital,17.6843217,83.2376722,,"Visakhapatnam",530011
556700913,"Genco hospital",hospital,16.0825141,78.9084302,"SUNDIPENTA",,518102
592993724,"Asram Hospital",hospital,16.7365033,81.1436241,,"West Godavari",534005
593264823,"Katuri Medical College And Hospital",hospital,16.2273644,80.3094471,,"Guntur",522019
607903215,"Good Samaritan Cancer Hospital",hospital,16.6966015,81.0947147,,,
617368913,"Vijaya Hospital",hospital,15.8028682,78.0474036,,"Kurnool",518002
620907577,"My Cure",hospital,15.8250083,78.0309541,,,
625068186,"Sri Vijaya Durga Cardiac Centre",hospital,15.8122075,78.0398912,,"Kurnool",518002
625068209,"M.H Hospital",hospital,15.8340519,78.0419986,,"Kurnool",518001
627118123,"AVPP Area Hospital",hospital,13.7005391,80.0189279,,,
628271035,"New Noble Super Speciality Hospital",hospital,15.8379913,78.0410835,,"Kurnool",518004
628271044,"St. Theresa Hospital",hospital,15.834491,78.0427639,,"Kurnool",518001
635547721,"Pradhama",hospital,17.747774,83.3322893,,,
654131447,"Government Hospital,Allavaram",hospital,16.5094206,81.9885288,,"East Godavari",533217
660551152,"Vijaya Diagnostics",hospital,15.8123106,78.0393678,,,
660551168,"Viswa Bharathi Super Speciality Hospital",hospital,15.8131184,78.0380606,,"Kurnool",518002
662315388,"Sunrise Ortho and Multi Speciality Hospitals",hospital,15.7979624,78.0526666,,"Kurnool",518002
674598107,"GOVT. Primary Hospital",hospital,17.0662404,81.660402,,"West Godavari",
677361823,"District GOVT. Hospital",hospital,16.7133436,81.0951087,,,
711073773,"AVANIGADDA GOVT HOSPITAL",hospital,16.0179101,80.9139722,,,
711095168,"SRI KOTA SRIHARIRAO HOSPITAL",hospital,16.0240333,80.9131219,,"Krishna",521121
719083339,"Government General Hospital",hospital,16.516718,80.6696408,,"Krishna",520004
720404632,"C N Hospitals",hospital,15.8045249,78.038849,,"Kurnool",518001
720408609,"Modern Eye Hospital And Research Centre",hospital,15.8136721,78.0387446,,"Kurnool",518002
721498618,"Devi Nursing Home - Guntur",hospital,16.2354796,80.6505353,,"Guntur",522201
721536104,"Aruna Hospital",hospital,16.9937265,81.7765732,,,
722117554,"Srijani Eye Hospital",hospital,16.2360473,80.6505232,,"Guntur",522201
722122377,"Smt D. Indira Memorial Maternity Nursing Home",hospital,16.2347944,80.6507247,,"Guntur",522201
724846024,"J V M Hosppital",hospital,16.2405879,80.6499085,,"Guntur",522201
725746783,"Amma Hospital",hospital,16.2432589,80.649895,,"Guntur",522201
726019968,"Sri Srinivasa Nursing Home",hospital,16.2358592,80.6502823,,"Guntur",522201
758926890,"Government Hospital Machilipatanam",hospital,16.1769047,81.1386686,,,
761619704,"PHC",hospital,17.0351374,81.6894128,,,
761624777,"GOVERNMENT HOSPITAL",hospital,18.4490824,83.6594976,,,
823478275,"Giffard Memorial Hospital",hospital,16.7894439,80.8430417,,"Krishna",521201
829054242,"Government Hospital,Gurramkonda",hospital,13.778917,78.5825765,,"Chittoor",517297
829070611,"Hospital Palamaner",hospital,13.1981934,78.7484658,,"Chittoor",517408
830294569,"Health Hospital",hospital,16.2429207,80.6464494,,,
834170131,Unknown,hospital,18.1038055,83.4089695,,,
834862908,"Imperial Hospitals",hospital,16.5427614,81.5128076,,"West Godavari",534202
834862941,"Gayathri Hospital",hospital,16.5439959,81.5106348,,"West Godavari",534204
835656170,"V Cardiac And Multi Speciality Hospital",hospital,16.2361433,80.6503254,,"Guntur",522201
835685523,Unknown,hospital,16.4199714,80.4550234,,,
836697799,Unknown,hospital,15.0093996,78.9891384,,,
850779733,"Vijaya Diagnostics",hospital,15.8383262,78.0415097,"Kurnool",,518004
875666875,"Tenali Old Government Hospital",hospital,16.2378439,80.6515386,,,
889220985,"Varma Hospital",hospital,16.5440255,81.5103858,,"West Godavari",534201
904082645,Unknown,hospital,16.4800179,80.6161599,,,
943424742,"DVC Reasearch Center",hospital,16.2385185,80.5583883,,,
972140396,"Veternary Hospital",hospital,16.2395124,80.5854124,,,
1006512846,"Dr. Seetharam.W, Neurosurgeon,",hospital,15.8359039,78.0372029,,,
1026074017,"Bhimavaram Hospitals",hospital,16.5409729,81.4960139,,"West Godavari",534204
1061023465,Unknown,hospital,18.7461992,83.8979812,,,
1071972471,"Government Hospital,Anaparthy",hospital,16.9327424,81.9559224,,"East Godavari",533342
1111726910,"Avvaru Hospital",hospital,14.4759394,78.8232144,,,
1111726923,"Jagadeesh Neuro Care",hospital,14.4703696,78.8236153,,,
1111726925,"Arunachala Hospital",hospital,14.4682208,78.8226027,,,
1111726926,"Dr Dinesh Gastro Liver Endoscopy Center",hospital,14.4682494,78.8230853,,,
1111726928,"Government Veterinary Poly Clinic",hospital,14.4677841,78.823624,,,
1151949339,"Government Hospital,Hindupur",hospital,13.8328244,77.4918816,,"Anantapur",515201
1167606851,"Christian Medical College Hospital",hospital,13.1328034,79.1122029,,,
1187983036,Unknown,hospital,16.7557295,81.6740277,,,
1213264469,"Apollo Hospital",hospital,17.7612049,83.3177182,"Visakhapatnam",,530040
1232394790,"Kamala Nursing Home",hospital,16.9976068,80.5225478,,,
1232394791,"Sri Krishna Nursing Home",hospital,16.9997437,80.5233832,,,
1234298123,"Government Hospital",hospital,16.9935606,80.5183404,"Gampalagudem","NTR",521403
1246204819,"APSRTC Hospital",hospital,16.5303789,80.6048051,,,
1246855363,"ground",hospital,15.8536366,80.3927659,"chirala","baptla",
1260765202,"Amrutha Hospital",hospital,17.7536946,83.3479684,"Visakhapatnam","Visahapatnam",530043
1266784744,"ayurvedic hospital",hospital,16.5435913,81.5166945,"Bhimavaram","WEST GODAVARI",534202
1288279211,Unknown,hospital,18.8369521,83.5998712,,,
1291762200,"Government Hospital",hospital,16.4403812,80.7615275,,,
1292083167,Unknown,hospital,15.0044099,78.9906259,,,
1292340062,Unknown,hospital,16.7520729,80.4345703,,,
1292364922,"Gurzala Eye Hospital",hospital,16.5539881,79.6373282,"Gurazala","Palnadu",
1304627825,Unknown,hospital,15.5007717,80.05324,,,
1318810226,"UPHC Purushothapuram",hospital,17.7917913,83.212304,,,
1319192479,"Behara Hospital",hospital,17.7552187,83.2168325,,,
1322638160,"Sankar Foundation Eye Hospital",hospital,17.7662147,83.2205156,,"Visakhapatnam",530047
1324322795,Unknown,hospital,16.1222629,81.0542557,,,
1324675939,"Community Health Center (CHC) Sundipenta",hospital,16.0714169,78.9104507,,,
1324676413,Unknown,hospital,16.3147287,80.4693255,,,
1331287367,Unknown,hospital,17.351528,82.5090543,,,
1334496638,Unknown,hospital,16.4294375,81.0130721,,,
1334496664,Unknown,hospital,16.4320192,81.0052977,,,
1334498006,Unknown,hospital,16.4296914,80.9848339,,,
1334498014,Unknown,hospital,16.4297873,80.9814959,,,
1334498015,Unknown,hospital,16.4355968,80.9881901,,,
1338621571,"Visakha Institute of Medical Sciences",hospital,17.7600454,83.3274197,,,
1339471221,Unknown,hospital,16.427524,80.9775664,,,
1344496206,"Government Hospital , Owk",hospital,15.2102232,78.1155643,,,
1346919256,"Care Hospital",hospital,17.7618727,83.3154832,"Visakhapatnam",,530040
1356624261,"Homi Baba Cancer Hospital & Research Centre",hospital,17.7397392,83.2931109,,"Visakhapatnam",530024
1392925955,"Rani Chandramathi Hospital",hospital,17.728908,83.3367582,,,
1394892419,Unknown,hospital,18.4407274,82.5142616,,,
1410037698,"Medicover Hospitals",hospital,18.3045701,83.8767666,,,
1410037704,"Life Ray Hospital",hospital,18.3037083,83.8755708,,,
1413442005,Unknown,hospital,16.6363253,80.9678333,,,
1415101685,Unknown,hospital,15.1803113,79.2752625,,,
1416098131,Unknown,hospital,16.6353509,80.9686142,,,
1416307849,Unknown,hospital,16.6456222,80.9666489,,,
1420891292,"Composite Regional Centre for Persons with Disabilities Services",hospital,14.3054203,79.9179997,,,
1421751170,"Urban Primary Health Center",hospital,17.804838,83.3417822,,,
1423802040,"lakshmi nursing home",hospital,16.8211643,81.4003757,,,
1424015797,"Life Hospital",hospital,16.7578223,81.6833922,,,
1424015798,"United Scanning Center",hospital,16.7573943,81.6832282,,,
1424022112,"Nimmagadda Hospitals",hospital,16.7626117,81.684585,,,
1433977402,Unknown,hospital,18.1029745,83.4085178,,,
1451762038,"Chaitanya Nursing Home",hospital,16.5207424,81.7280821,"Palakollu","West Godavari",534260
1459622680,Unknown,hospital,16.1774299,81.1548167,,,
1465000700,Unknown,hospital,13.3863542,79.7937895,,,
1477344058,"Government Hospital , Beemili",hospital,17.888081,83.45149,,,
1495333405,"Goverment Hospital",hospital,16.580135,80.3574049,,,
1500237548,"Hospital",hospital,17.3549966,82.5443389,,,
1500237726,Unknown,hospital,16.7201554,81.0920532,,,
1503889481,Unknown,hospital,16.2980567,81.0520104,,,
1533832061,"Railway Hospital",hospital,13.634153,79.4887313,,"Chittoor",517520
1541330451,Unknown,hospital,16.1865861,81.1448908,,"Krishna",521001
1543997021,"KIMS ICON Hospitals",hospital,17.7139846,83.1961618,,"Visakhapatnam",530026
1544074449,"Queen Victoria Hospital",hospital,17.6984266,83.2982472,,,
1544751982,"Pattana Vaidyashala",hospital,16.5036622,80.6492071,"vijayawada","NTR",520010
1552271294,"Railway Hospital",hospital,17.7244079,83.3015148,,,
1959041,"RISDT Referral Hospital",hospital,17.2438568,82.3581485,,,
7020318,Unknown,hospital,17.7290798,83.3337021,,,
7020319,Unknown,hospital,17.7278074,83.3321343,,,
7020320,Unknown,hospital,17.7271748,83.3331241,,,
11499029,Unknown,hospital,15.0130493,78.9875538,,,
17362748,"Government Medical College Campus",hospital,15.4880549,80.0457698,"Ongole","PRAKASAM",523001
